product_id,product_name,category,category_name,brand,image_url,flag_missing_image,missing_reason,flag_duplicate_image,duplicate_group_count,duplicate_group_description,flag_image_mismatch,image_mismatch_details,flag_wrong_category,suggested_category,category_mismatch_reason,flag_brand_empty_or_other,suggested_brand
g1-p0001,Unibic Wafer,biscuits-bakery,Biscuits & Bakery,Unibic,/products/packshots/unibic-choco-ripple.jpg,NO,,YES,25,Shared by 25 products (unibic-choco-ripple.jpg),YES,"Image shows Unibic Choco Ripple Cookie Pack ('unibic-choco-ripple.jpg'), but product is 'Unibic Wafer' (Brand: Unibic)",NO,,,NO,
g1-p0002,Unibic Choco Ripple,biscuits-bakery,Biscuits & Bakery,Unibic,/products/packshots/unibic-choco-ripple.jpg,NO,,YES,25,Shared by 25 products (unibic-choco-ripple.jpg),NO,,NO,,,NO,
g1-p0003,Pepper Powder,soaps-bath,Soaps & Bath,G1 Mart Fresh,/products/placeholder.svg,YES,Placeholder image (/products/placeholder.svg),NO,1,,NO,,NO,,,YES,
g1-p0004,Glucon-d,drinks-juices,Drinks & Juices,Glucon-D,/products/packshots/frooti.jpg,NO,,YES,16,Shared by 16 products (frooti.jpg),YES,"Image shows Frooti Mango Drink Yellow Tetra/Bottle ('frooti.jpg'), but product is 'Glucon-d' (Brand: Glucon-D)",NO,,,NO,
g1-p0005,Lifebuoy Neem&aloe,soaps-bath,Soaps & Bath,Lifebuoy,/products/packshots/lifebuoy-soap.jpg,NO,,YES,2,Shared by 2 products (lifebuoy-soap.jpg),NO,,NO,,,NO,
g1-p0006,Glow & Lovely,soaps-bath,Soaps & Bath,Glow & Lovely,/products/placeholder.svg,YES,Placeholder image (/products/placeholder.svg),NO,1,,NO,,NO,,,NO,
g1-p0007,Pears Pure & Gentle Soap (4 + 1 Free Pack,soaps-bath,Soaps & Bath,Pears,/products/packshots/pears-soap.jpg,NO,,YES,4,Shared by 4 products (pears-soap.jpg),NO,,NO,,,NO,
g1-p0008,Kesh King Oil100ml,hair-care,Hair Care,Kesh King,/products/packshots/parachute-oil.jpg,NO,,YES,22,Shared by 22 products (parachute-oil.jpg),YES,"Image shows Parachute Pure Coconut Hair Oil Blue Bottle ('parachute-oil.jpg'), but product is 'Kesh King Oil100ml' (Brand: Kesh King)",NO,,,NO,
g1-p0009,KEO Karpin Hair OIL,hair-care,Hair Care,Keo Karpin,/products/packshots/parachute-oil.jpg,NO,,YES,22,Shared by 22 products (parachute-oil.jpg),YES,"Image shows Parachute Pure Coconut Hair Oil Blue Bottle ('parachute-oil.jpg'), but product is 'KEO Karpin Hair OIL' (Brand: Keo Karpin)",NO,,,NO,
g1-p0010,Vasmol,hair-care,Hair Care,Vasmol,/products/packshots/parachute-oil.jpg,NO,,YES,22,Shared by 22 products (parachute-oil.jpg),YES,"Image shows Parachute Pure Coconut Hair Oil Blue Bottle ('parachute-oil.jpg'), but product is 'Vasmol' (Brand: Vasmol)",NO,,,NO,
g1-p0011,Dairy Milk 10rs,sweets-chocolates,Sweets & Chocolates,Cadbury,/products/packshots/cadbury-5-star.jpg,NO,,YES,9,Shared by 9 products (cadbury-5-star.jpg),YES,"Image shows Cadbury 5 Star Chocolate Bar ('cadbury-5-star.jpg'), but product is 'Dairy Milk 10rs' (Brand: Cadbury)",NO,,,NO,
g1-p0012,Dairy Milk 5RS,sweets-chocolates,Sweets & Chocolates,Cadbury,/products/packshots/cadbury-5-star.jpg,NO,,YES,9,Shared by 9 products (cadbury-5-star.jpg),YES,"Image shows Cadbury 5 Star Chocolate Bar ('cadbury-5-star.jpg'), but product is 'Dairy Milk 5RS' (Brand: Cadbury)",NO,,,NO,
g1-p0013,Nirmala Sweet Betek NUT Packet,sweets-chocolates,Sweets & Chocolates,G1 Mart Fresh,/products/placeholder.svg,YES,Placeholder image (/products/placeholder.svg),NO,1,,NO,,NO,,,YES,
g1-p0014,Turmeric Powder,soaps-bath,Soaps & Bath,G1 Mart Fresh,/products/packshots/turmeric-powder.jpg,NO,,YES,5,Shared by 5 products (turmeric-powder.jpg),NO,,NO,,,YES,
g1-p0015,Continental Xtra,tea-coffee-milk-drinks,Tea Coffee & Milk Drinks,Continental,/products/placeholder.svg,YES,Placeholder image (/products/placeholder.svg),NO,1,,NO,,NO,,,NO,
g1-p0016,3 Roses Elaichi,tea-coffee-milk-drinks,Tea Coffee & Milk Drinks,3 Roses,/products/placeholder.svg,YES,Placeholder image (/products/placeholder.svg),NO,1,,NO,,NO,,,NO,
g1-p0017,Amla Shikakai,hair-care,Hair Care,Dabur,/products/packshots/parachute-oil.jpg,NO,,YES,22,Shared by 22 products (parachute-oil.jpg),YES,"Image shows Parachute Pure Coconut Hair Oil Blue Bottle ('parachute-oil.jpg'), but product is 'Amla Shikakai' (Brand: Dabur)",NO,,,NO,
g1-p0018,HIT Chalk,floor-surface-cleaners,Floor & Surface Cleaners,G1 Mart Fresh,/products/placeholder.svg,YES,Placeholder image (/products/placeholder.svg),NO,1,,NO,,NO,,,YES,HIT
g1-p0019,Aachi Ginger Garlic Paste,oil-ghee-masala,Oil Ghee & Masala,Aachi,/products/placeholder.svg,YES,Placeholder image (/products/placeholder.svg),NO,1,,NO,,NO,,,NO,
g1-p0020,Johnsonis Baby Powder G50,baby-care,Baby Care,G1 Mart Fresh,/products/placeholder.svg,YES,Placeholder image (/products/placeholder.svg),NO,1,,NO,,NO,,,YES,Johnson's Baby
g1-p0021,Himalaya Baby Powder,baby-care,Baby Care,Himalaya,/products/placeholder.svg,YES,Placeholder image (/products/placeholder.svg),NO,1,,NO,,NO,,,NO,
g1-p0022,Hatsun Curd,dairy-bread-eggs,Dairy Bread & Eggs,Hatsun,/products/placeholder.svg,YES,Placeholder image (/products/placeholder.svg),NO,1,,NO,,NO,,,NO,
g1-p0023,Dettol Original Germ Protection Bathing Soap,soaps-bath,Soaps & Bath,Dettol,/products/packshots/dettol-soap.png,NO,,YES,2,Shared by 2 products (dettol-soap.png),NO,,NO,,,NO,
g1-p0024,Cinthol,soaps-bath,Soaps & Bath,Cinthol,/products/packshots/cinthol-soap.jpg,NO,,YES,3,Shared by 3 products (cinthol-soap.jpg),NO,,NO,,,NO,
g1-p0025,FAB Liquid 10,laundry-detergents,Laundry & Detergents,G1 Mart Fresh,/products/packshots/fab-liquid.jpg,NO,,YES,2,Shared by 2 products (fab-liquid.jpg),NO,,NO,,,YES,
g1-p0026,Parle-g Gluco,biscuits-bakery,Biscuits & Bakery,Parle,/products/packshots/parle-g.jpg,NO,,YES,2,Shared by 2 products (parle-g.jpg),NO,,NO,,,NO,
g1-p0027,Krack Jack,biscuits-bakery,Biscuits & Bakery,Parle,/products/packshots/parle-g.jpg,NO,,YES,2,Shared by 2 products (parle-g.jpg),YES,"Image shows Parle-G Glucose Yellow/White Biscuit Packet ('parle-g.jpg'), but product is 'Krack Jack' (Brand: Parle)",NO,,,NO,
g1-p0028,Tata RA Salt,sugar-salt-staples,Sugar Salt & Staples,Tata,/products/packshots/tata-salt.png,NO,,YES,2,Shared by 2 products (tata-salt.png),YES,"Image shows Tata Salt Vacuum Evaporated Iodized Salt Pack ('tata-salt.png'), but product is 'Tata RA Salt' (Brand: Tata)",NO,,,NO,
g1-p0029,Launch Plate,dishwash,Dishwash,G1 Mart Fresh,/products/packshots/launch-plate.jpg,NO,,NO,1,,NO,,NO,,,YES,
g1-p0030,High Power,hygiene,Hygiene,G1 Mart Fresh,/products/placeholder.svg,YES,Placeholder image (/products/placeholder.svg),NO,1,,NO,,NO,,,YES,
g1-p0031,Happy Happy,hygiene,Hygiene,G1 Mart Fresh,/products/placeholder.svg,YES,Placeholder image (/products/placeholder.svg),NO,1,,NO,,NO,,,YES,Parle
g1-p0032,Arun Icecream,soaps-bath,Soaps & Bath,Arun Icecreams,/products/placeholder.svg,YES,Placeholder image (/products/placeholder.svg),NO,1,,NO,,YES,dairy-bread-eggs,Ice cream placed outside Dairy & Cold treats,NO,
g1-p0033,Colgate Vedshakti,oral-care,Oral Care,Colgate,/products/packshots/colgate-toothpaste.jpg,NO,,YES,17,Shared by 17 products (colgate-toothpaste.jpg),NO,,NO,,,NO,
g1-p0034,Arun Toffee CON,sweets-chocolates,Sweets & Chocolates,Arun Icecreams,/products/placeholder.svg,YES,Placeholder image (/products/placeholder.svg),NO,1,,NO,,NO,,,NO,
g1-p0035,Arun Bites,dairy-bread-eggs,Dairy Bread & Eggs,Arun Icecreams,/products/placeholder.svg,YES,Placeholder image (/products/placeholder.svg),NO,1,,NO,,NO,,,NO,
g1-p0036,Ariel Front Liquid 10,laundry-detergents,Laundry & Detergents,Ariel,/products/packshots/ariel-front-liq.jpg,NO,,NO,1,,NO,,NO,,,NO,
g1-p0037,Arun Popitos,dairy-bread-eggs,Dairy Bread & Eggs,Arun Icecreams,/products/placeholder.svg,YES,Placeholder image (/products/placeholder.svg),NO,1,,NO,,NO,,,NO,
g1-p0038,Arun Sunny Sil,dairy-bread-eggs,Dairy Bread & Eggs,Arun Icecreams,/products/placeholder.svg,YES,Placeholder image (/products/placeholder.svg),NO,1,,NO,,NO,,,NO,
g1-p0039,Thumsup,hygiene,Hygiene,Thums Up,/products/packshots/thums-up.jpg,NO,,YES,2,Shared by 2 products (thums-up.jpg),NO,,NO,,,NO,
g1-p0040,Arun Likstick ICE,dairy-bread-eggs,Dairy Bread & Eggs,Arun Icecreams,/products/placeholder.svg,YES,Placeholder image (/products/placeholder.svg),NO,1,,NO,,NO,,,NO,
g1-p0041,DRY Nuts BOL,instant-food,Instant Food,G1 Mart Fresh,/products/placeholder.svg,YES,Placeholder image (/products/placeholder.svg),NO,1,,NO,,NO,,,YES,
g1-p0042,Elachi,hygiene,Hygiene,G1 Mart Fresh,/products/placeholder.svg,YES,Placeholder image (/products/placeholder.svg),NO,1,,NO,,NO,,,YES,
g1-p0043,Arun Donut,dairy-bread-eggs,Dairy Bread & Eggs,Arun Icecreams,/products/placeholder.svg,YES,Placeholder image (/products/placeholder.svg),NO,1,,NO,,NO,,,NO,
g1-p0044,Arun Whaie,dairy-bread-eggs,Dairy Bread & Eggs,Arun Icecreams,/products/placeholder.svg,YES,Placeholder image (/products/placeholder.svg),NO,1,,NO,,NO,,,NO,
g1-p0045,Arun Ibar,dairy-bread-eggs,Dairy Bread & Eggs,Arun Icecreams,/products/placeholder.svg,YES,Placeholder image (/products/placeholder.svg),NO,1,,NO,,NO,,,NO,
g1-p0046,Arun Double,dairy-bread-eggs,Dairy Bread & Eggs,Arun Icecreams,/products/placeholder.svg,YES,Placeholder image (/products/placeholder.svg),NO,1,,NO,,NO,,,NO,
g1-p0047,707 Soap,soaps-bath,Soaps & Bath,G1 Mart Fresh,/products/placeholder.svg,YES,Placeholder image (/products/placeholder.svg),NO,1,,NO,,NO,,,YES,
g1-p0048,Arokya Milk,dairy-bread-eggs,Dairy Bread & Eggs,G1 Mart Fresh,/products/placeholder.svg,YES,Placeholder image (/products/placeholder.svg),NO,1,,NO,,NO,,,YES,
g1-p0049,Lock 60mm,hygiene,Hygiene,G1 Mart Fresh,/products/placeholder.svg,YES,Placeholder image (/products/placeholder.svg),NO,1,,NO,,NO,,,YES,
g1-p0050,Lock 35mm,instant-food,Instant Food,G1 Mart Fresh,/products/placeholder.svg,YES,Placeholder image (/products/placeholder.svg),NO,1,,NO,,NO,,,YES,
g1-p0051,Arun Milky Fantasy,biscuits-bakery,Biscuits & Bakery,Arun Icecreams,/products/placeholder.svg,YES,Placeholder image (/products/placeholder.svg),NO,1,,NO,,NO,,,NO,
g1-p0052,Curd,dairy-bread-eggs,Dairy Bread & Eggs,G1 Mart Fresh,/products/placeholder.svg,YES,Placeholder image (/products/placeholder.svg),NO,1,,NO,,NO,,,YES,
g1-p0053,RIN Matic,laundry-detergents,Laundry & Detergents,Rin,/products/placeholder.svg,YES,Placeholder image (/products/placeholder.svg),NO,1,,NO,,NO,,,NO,
g1-p0054,EXO Powder,soaps-bath,Soaps & Bath,Exo,/products/placeholder.svg,YES,Placeholder image (/products/placeholder.svg),NO,1,,NO,,NO,,,NO,
g1-p0055,Domex Powder,soaps-bath,Soaps & Bath,Domex,/products/placeholder.svg,YES,Placeholder image (/products/placeholder.svg),NO,1,,NO,,NO,,,NO,
g1-p0056,Rin Fabric,laundry-detergents,Laundry & Detergents,Rin,/products/placeholder.svg,YES,Placeholder image (/products/placeholder.svg),NO,1,,NO,,NO,,,NO,
g1-p0057,SUN Gold Soap 25,soaps-bath,Soaps & Bath,G1 Mart Fresh,/products/placeholder.svg,YES,Placeholder image (/products/placeholder.svg),NO,1,,NO,,NO,,,YES,
g1-p0058,Coke,drinks-juices,Drinks & Juices,Coca-Cola,/products/packshots/frooti.jpg,NO,,YES,16,Shared by 16 products (frooti.jpg),YES,"Image shows Frooti Mango Drink Yellow Tetra/Bottle ('frooti.jpg'), but product is 'Coke' (Brand: Coca-Cola)",NO,,,NO,
g1-p0059,Arun Sandwich,dairy-bread-eggs,Dairy Bread & Eggs,Arun Icecreams,/products/placeholder.svg,YES,Placeholder image (/products/placeholder.svg),NO,1,,NO,,NO,,,NO,
g1-p0060,Moms Magic,biscuits-bakery,Biscuits & Bakery,Sunfeast,/products/placeholder.svg,YES,Placeholder image (/products/placeholder.svg),NO,1,,NO,,NO,,,NO,
g1-p0061,Good DAY,biscuits-bakery,Biscuits & Bakery,Britannia,/products/packshots/good-day.png,NO,,NO,1,,NO,,NO,,,NO,
g1-p0062,Pulpy Orange,drinks-juices,Drinks & Juices,Minute Maid,/products/packshots/frooti.jpg,NO,,YES,16,Shared by 16 products (frooti.jpg),YES,"Image shows Frooti Mango Drink Yellow Tetra/Bottle ('frooti.jpg'), but product is 'Pulpy Orange' (Brand: Minute Maid)",NO,,,NO,
g1-p0063,Rice Flour,atta-rice-dal,Atta Rice & Dal,G1 Mart Fresh,/products/placeholder.svg,YES,Placeholder image (/products/placeholder.svg),NO,1,,NO,,NO,,,YES,
g1-p0064,MTR Rasam,hygiene,Hygiene,G1 Mart Fresh,/products/placeholder.svg,YES,Placeholder image (/products/placeholder.svg),NO,1,,NO,,NO,,,YES,MTR
g1-p0065,MTR Sambar,hygiene,Hygiene,G1 Mart Fresh,/products/placeholder.svg,YES,Placeholder image (/products/placeholder.svg),NO,1,,NO,,NO,,,YES,MTR
g1-p0066,Aachi Rasam,oil-ghee-masala,Oil Ghee & Masala,Aachi,/products/placeholder.svg,YES,Placeholder image (/products/placeholder.svg),NO,1,,NO,,NO,,,NO,
g1-p0067,Aachi Rasam 10rs,oil-ghee-masala,Oil Ghee & Masala,Aachi,/products/placeholder.svg,YES,Placeholder image (/products/placeholder.svg),NO,1,,NO,,NO,,,NO,
g1-p0068,Power Soap 10,soaps-bath,Soaps & Bath,G1 Mart Fresh,/products/placeholder.svg,YES,Placeholder image (/products/placeholder.svg),NO,1,,NO,,NO,,,YES,
g1-p0069,Aacsi Chaat Masale 10rs,hygiene,Hygiene,G1 Mart Fresh,/products/placeholder.svg,YES,Placeholder image (/products/placeholder.svg),NO,1,,NO,,NO,,,YES,
g1-p0070,Aachi Mutton 5 RS,oil-ghee-masala,Oil Ghee & Masala,Aachi,/products/placeholder.svg,YES,Placeholder image (/products/placeholder.svg),NO,1,,NO,,NO,,,NO,
g1-p0071,Aachi Biryani,oil-ghee-masala,Oil Ghee & Masala,Aachi,/products/placeholder.svg,YES,Placeholder image (/products/placeholder.svg),NO,1,,NO,,NO,,,NO,
g1-p0072,Aachi Fish Masala,oil-ghee-masala,Oil Ghee & Masala,Aachi,/products/placeholder.svg,YES,Placeholder image (/products/placeholder.svg),NO,1,,NO,,NO,,,NO,
g1-p0073,Aachi Muttan Masala,oil-ghee-masala,Oil Ghee & Masala,Aachi,/products/placeholder.svg,YES,Placeholder image (/products/placeholder.svg),NO,1,,NO,,NO,,,NO,
g1-p0074,Aachi Chicken Masala,oil-ghee-masala,Oil Ghee & Masala,Aachi,/products/packshots/toor-dal.jpg,NO,,YES,95,Shared by 95 products (toor-dal.jpg),YES,"Image shows Toor Dal (Yellow Pigeon Peas) ('toor-dal.jpg'), but product is 'Aachi Chicken Masala' (Brand: Aachi)",NO,,,NO,
g1-p0075,Aachi Biryani Masala,oil-ghee-masala,Oil Ghee & Masala,Aachi,/products/packshots/toor-dal.jpg,NO,,YES,95,Shared by 95 products (toor-dal.jpg),YES,"Image shows Toor Dal (Yellow Pigeon Peas) ('toor-dal.jpg'), but product is 'Aachi Biryani Masala' (Brand: Aachi)",NO,,,NO,
g1-p0076,Aachi Garam Masala,oil-ghee-masala,Oil Ghee & Masala,Aachi,/products/placeholder.svg,YES,Placeholder image (/products/placeholder.svg),NO,1,,NO,,NO,,,NO,
g1-p0077,Endu Kharjuram,hygiene,Hygiene,G1 Mart Fresh,/products/placeholder.svg,YES,Placeholder image (/products/placeholder.svg),NO,1,,NO,,NO,,,YES,
g1-p0078,Arun Kulfi,dairy-bread-eggs,Dairy Bread & Eggs,Arun Icecreams,/products/placeholder.svg,YES,Placeholder image (/products/placeholder.svg),NO,1,,NO,,NO,,,NO,
g1-p0079,FAB Liquid,hygiene,Hygiene,G1 Mart Fresh,/products/packshots/fab-liquid.jpg,NO,,YES,2,Shared by 2 products (fab-liquid.jpg),NO,,NO,,,YES,
g1-p0080,Korralu,hygiene,Hygiene,G1 Mart Fresh,/products/placeholder.svg,YES,Placeholder image (/products/placeholder.svg),NO,1,,NO,,NO,,,YES,
g1-p0081,Pottu Minapappu,hygiene,Hygiene,G1 Mart Fresh,/products/packshots/toor-dal.jpg,NO,,YES,95,Shared by 95 products (toor-dal.jpg),YES,"Image shows Toor Dal (Yellow Pigeon Peas) ('toor-dal.jpg'), but product is 'Pottu Minapappu' (Brand: G1 Mart Fresh)",YES,atta-rice-dal,Pulses/Dal placed in Hygiene department due to unmapped fallback,YES,
g1-p0082,Rajma Seds,hygiene,Hygiene,G1 Mart Fresh,/products/placeholder.svg,YES,Placeholder image (/products/placeholder.svg),NO,1,,NO,,NO,,,YES,
g1-p0083,Odonil AIR Fresh,hygiene,Hygiene,G1 Mart Fresh,/products/placeholder.svg,YES,Placeholder image (/products/placeholder.svg),NO,1,,NO,,NO,,,YES,Odonil
g1-p0084,ZED Black,hygiene,Hygiene,G1 Mart Fresh,/products/placeholder.svg,YES,Placeholder image (/products/placeholder.svg),NO,1,,NO,,NO,,,YES,Zed Black
g1-p0085,LIA Cones,hygiene,Hygiene,G1 Mart Fresh,/products/placeholder.svg,YES,Placeholder image (/products/placeholder.svg),NO,1,,NO,,NO,,,YES,
g1-p0086,Arun Ibar Mini,dairy-bread-eggs,Dairy Bread & Eggs,Arun Icecreams,/products/placeholder.svg,YES,Placeholder image (/products/placeholder.svg),NO,1,,NO,,NO,,,NO,
g1-p0087,Arun Butterscotch,dishwash,Dishwash,Arun Icecreams,/products/placeholder.svg,YES,Placeholder image (/products/placeholder.svg),NO,1,,NO,,NO,,,NO,
g1-p0088,Endu Mirchi,sugar-salt-staples,Sugar Salt & Staples,G1 Mart Fresh,/products/packshots/aachi-chilli.jpg,NO,,YES,11,Shared by 11 products (aachi-chilli.jpg),YES,"Image shows Aachi Red Chilli Powder Red Packet ('aachi-chilli.jpg'), but product is 'Endu Mirchi' (Brand: G1 Mart Fresh)",NO,,,YES,
g1-p0089,Dettal Soap,soaps-bath,Soaps & Bath,G1 Mart Fresh,/products/placeholder.svg,YES,Placeholder image (/products/placeholder.svg),NO,1,,NO,,NO,,,YES,
g1-p0090,Stay Free Regular,hygiene,Hygiene,G1 Mart Fresh,/products/placeholder.svg,YES,Placeholder image (/products/placeholder.svg),NO,1,,NO,,NO,,,YES,
g1-p0091,Colgate Super Flexi,oral-care,Oral Care,Colgate,/products/packshots/colgate-toothpaste.jpg,NO,,YES,17,Shared by 17 products (colgate-toothpaste.jpg),NO,,NO,,,NO,
g1-p0092,TAJ Mahal,hygiene,Hygiene,G1 Mart Fresh,/products/placeholder.svg,YES,Placeholder image (/products/placeholder.svg),NO,1,,NO,,NO,,,YES,Brooke Bond
g1-p0093,Borugulu,instant-food,Instant Food,G1 Mart Fresh,/products/placeholder.svg,YES,Placeholder image (/products/placeholder.svg),NO,1,,NO,,NO,,,YES,
g1-p0094,Jeedi Pappu 10rs,hygiene,Hygiene,G1 Mart Fresh,/products/packshots/toor-dal.jpg,NO,,YES,95,Shared by 95 products (toor-dal.jpg),YES,"Image shows Toor Dal (Yellow Pigeon Peas) ('toor-dal.jpg'), but product is 'Jeedi Pappu 10rs' (Brand: G1 Mart Fresh)",YES,atta-rice-dal,Pulses/Dal placed in Hygiene department due to unmapped fallback,YES,
g1-p0095,Gasagasaalu 10rs,hygiene,Hygiene,G1 Mart Fresh,/products/placeholder.svg,YES,Placeholder image (/products/placeholder.svg),NO,1,,NO,,NO,,,YES,
g1-p0096,Nalla Karam,hygiene,Hygiene,G1 Mart Fresh,/products/placeholder.svg,YES,Placeholder image (/products/placeholder.svg),NO,1,,NO,,NO,,,YES,
g1-p0097,Tresemme,hygiene,Hygiene,G1 Mart Fresh,/products/placeholder.svg,YES,Placeholder image (/products/placeholder.svg),NO,1,,NO,,NO,,,YES,
g1-p0098,Domex,floor-surface-cleaners,Floor & Surface Cleaners,Domex,/products/placeholder.svg,YES,Placeholder image (/products/placeholder.svg),NO,1,,NO,,NO,,,NO,
g1-p0099,Stay Free Extra,hygiene,Hygiene,G1 Mart Fresh,/products/placeholder.svg,YES,Placeholder image (/products/placeholder.svg),NO,1,,NO,,NO,,,YES,
g1-p0100,Pepsodent Toothbrush,oral-care,Oral Care,Pepsodent,/products/packshots/bru-instant.jpg,NO,,YES,6,Shared by 6 products (bru-instant.jpg),YES,"Image shows Bru Instant Coffee Glass Jar / Pouch ('bru-instant.jpg'), but product is 'Pepsodent Toothbrush' (Brand: Pepsodent)",NO,,,NO,
g1-p0101,Dabur Amla Hair Oil,hair-care,Hair Care,Dabur,/products/packshots/parachute-oil.jpg,NO,,YES,22,Shared by 22 products (parachute-oil.jpg),YES,"Image shows Parachute Pure Coconut Hair Oil Blue Bottle ('parachute-oil.jpg'), but product is 'Dabur Amla Hair Oil' (Brand: Dabur)",NO,,,NO,
g1-p0102,Santoor Hand Wash Gentle Care,soaps-bath,Soaps & Bath,Santoor,/products/packshots/santoor-soap.png,NO,,YES,2,Shared by 2 products (santoor-soap.png),NO,,NO,,,NO,
g1-p0103,Arun Venilla Black,dairy-bread-eggs,Dairy Bread & Eggs,Arun Icecreams,/products/placeholder.svg,YES,Placeholder image (/products/placeholder.svg),NO,1,,NO,,NO,,,NO,
g1-p0104,Dabur Rose Water,hygiene,Hygiene,Dabur,/products/placeholder.svg,YES,Placeholder image (/products/placeholder.svg),NO,1,,NO,,NO,,,NO,
g1-p0105,Huggies XL,hygiene,Hygiene,G1 Mart Fresh,/products/placeholder.svg,YES,Placeholder image (/products/placeholder.svg),NO,1,,NO,,NO,,,YES,Huggies
g1-p0106,Huggies L,hygiene,Hygiene,G1 Mart Fresh,/products/placeholder.svg,YES,Placeholder image (/products/placeholder.svg),NO,1,,NO,,NO,,,YES,Huggies
g1-p0107,Huggies M,hygiene,Hygiene,G1 Mart Fresh,/products/placeholder.svg,YES,Placeholder image (/products/placeholder.svg),NO,1,,NO,,NO,,,YES,Huggies
g1-p0108,Huggies S,hygiene,Hygiene,G1 Mart Fresh,/products/placeholder.svg,YES,Placeholder image (/products/placeholder.svg),NO,1,,NO,,NO,,,YES,Huggies
g1-p0109,Unibic Butter,biscuits-bakery,Biscuits & Bakery,Unibic,/products/packshots/unibic-choco-ripple.jpg,NO,,YES,25,Shared by 25 products (unibic-choco-ripple.jpg),YES,"Image shows Unibic Choco Ripple Cookie Pack ('unibic-choco-ripple.jpg'), but product is 'Unibic Butter' (Brand: Unibic)",NO,,,NO,
g1-p0110,Milky BAR,dairy-bread-eggs,Dairy Bread & Eggs,G1 Mart Fresh,/products/placeholder.svg,YES,Placeholder image (/products/placeholder.svg),NO,1,,NO,,NO,,,YES,
g1-p0111,Hugges S,hygiene,Hygiene,G1 Mart Fresh,/products/placeholder.svg,YES,Placeholder image (/products/placeholder.svg),NO,1,,NO,,NO,,,YES,
g1-p0112,Huggies,hygiene,Hygiene,G1 Mart Fresh,/products/placeholder.svg,YES,Placeholder image (/products/placeholder.svg),NO,1,,NO,,NO,,,YES,Huggies
g1-p0113,Tide Powder,laundry-detergents,Laundry & Detergents,Tide,/products/placeholder.svg,YES,Placeholder image (/products/placeholder.svg),NO,1,,NO,,NO,,,NO,
g1-p0114,Hanobar,instant-food,Instant Food,G1 Mart Fresh,/products/placeholder.svg,YES,Placeholder image (/products/placeholder.svg),NO,1,,NO,,NO,,,YES,
g1-p0115,Power LLQ,hygiene,Hygiene,G1 Mart Fresh,/products/placeholder.svg,YES,Placeholder image (/products/placeholder.svg),NO,1,,NO,,NO,,,YES,
g1-p0116,Royal Mirage Body Spray,hygiene,Hygiene,G1 Mart Fresh,/products/placeholder.svg,YES,Placeholder image (/products/placeholder.svg),NO,1,,NO,,NO,,,YES,
g1-p0117,Parachute,hair-care,Hair Care,Parachute,/products/packshots/parachute-oil.jpg,NO,,YES,22,Shared by 22 products (parachute-oil.jpg),NO,,NO,,,NO,
g1-p0118,Milky BAR BIG BOX,dairy-bread-eggs,Dairy Bread & Eggs,G1 Mart Fresh,/products/placeholder.svg,YES,Placeholder image (/products/placeholder.svg),NO,1,,NO,,NO,,,YES,
g1-p0119,Good Kinh Agarbatti,pooja-needs,Pooja Needs,G1 Mart Fresh,/products/packshots/pooja-agarbatti.jpg,NO,,YES,7,Shared by 7 products (pooja-agarbatti.jpg),NO,,NO,,,YES,
g1-p0120,Colgate Total,oral-care,Oral Care,Colgate,/products/packshots/colgate-toothpaste.jpg,NO,,YES,17,Shared by 17 products (colgate-toothpaste.jpg),NO,,NO,,,NO,
g1-p0121,Lipton Green TEA,tea-coffee-milk-drinks,Tea Coffee & Milk Drinks,G1 Mart Fresh,/products/placeholder.svg,YES,Placeholder image (/products/placeholder.svg),NO,1,,NO,,NO,,,YES,Brooke Bond
g1-p0122,Cinthol Original Soap (super Saver Pack,soaps-bath,Soaps & Bath,Cinthol,/products/packshots/cinthol-soap.jpg,NO,,YES,3,Shared by 3 products (cinthol-soap.jpg),NO,,NO,,,NO,
g1-p0123,Dettol Hand Wash,soaps-bath,Soaps & Bath,Dettol,/products/packshots/dettol-soap.jpg,NO,,YES,2,Shared by 2 products (dettol-soap.jpg),NO,,NO,,,NO,
g1-p0124,Santoor White,soaps-bath,Soaps & Bath,Santoor,/products/packshots/santoor-soap.jpg,NO,,YES,7,Shared by 7 products (santoor-soap.jpg),NO,,NO,,,NO,
g1-p0125,Zinda Tilismath,hygiene,Hygiene,G1 Mart Fresh,/products/placeholder.svg,YES,Placeholder image (/products/placeholder.svg),NO,1,,NO,,NO,,,YES,
g1-p0126,Saphala Soap,soaps-bath,Soaps & Bath,G1 Mart Fresh,/products/placeholder.svg,YES,Placeholder image (/products/placeholder.svg),NO,1,,NO,,NO,,,YES,
g1-p0127,Cinthol Fresh,soaps-bath,Soaps & Bath,Cinthol,/products/packshots/cinthol-soap.jpg,NO,,YES,3,Shared by 3 products (cinthol-soap.jpg),NO,,NO,,,NO,
g1-p0128,Himalaya Baby Soap,baby-care,Baby Care,Himalaya,/products/placeholder.svg,YES,Placeholder image (/products/placeholder.svg),NO,1,,NO,,NO,,,NO,
g1-p0129,Johnsunis Babu Soap,soaps-bath,Soaps & Bath,G1 Mart Fresh,/products/placeholder.svg,YES,Placeholder image (/products/placeholder.svg),NO,1,,NO,,NO,,,YES,
g1-p0130,Santoor Baby Soap,baby-care,Baby Care,Santoor,/products/packshots/santoor-soap.jpg,NO,,YES,7,Shared by 7 products (santoor-soap.jpg),NO,,NO,,,NO,
g1-p0131,Yardley RED Roses,hygiene,Hygiene,G1 Mart Fresh,/products/placeholder.svg,YES,Placeholder image (/products/placeholder.svg),NO,1,,NO,,NO,,,YES,Yardley
g1-p0132,Yardley Gold,hygiene,Hygiene,G1 Mart Fresh,/products/placeholder.svg,YES,Placeholder image (/products/placeholder.svg),NO,1,,NO,,NO,,,YES,Yardley
g1-p0133,Yardley Sandalwood,atta-rice-dal,Atta Rice & Dal,G1 Mart Fresh,/products/packshots/toor-dal.jpg,NO,,YES,95,Shared by 95 products (toor-dal.jpg),YES,"Image shows Toor Dal (Yellow Pigeon Peas) ('toor-dal.jpg'), but product is 'Yardley Sandalwood' (Brand: G1 Mart Fresh)",NO,,,YES,Yardley
g1-p0134,Yardley Jasmine,hygiene,Hygiene,G1 Mart Fresh,/products/placeholder.svg,YES,Placeholder image (/products/placeholder.svg),NO,1,,NO,,NO,,,YES,Yardley
g1-p0135,Yardley Morning DEW,hygiene,Hygiene,G1 Mart Fresh,/products/placeholder.svg,YES,Placeholder image (/products/placeholder.svg),NO,1,,NO,,NO,,,YES,Yardley
g1-p0136,Fairever Face Cream,soaps-bath,Soaps & Bath,G1 Mart Fresh,/products/placeholder.svg,YES,Placeholder image (/products/placeholder.svg),NO,1,,NO,,NO,,,YES,
g1-p0137,NO 1 Soap Lemon,soaps-bath,Soaps & Bath,G1 Mart Fresh,/products/placeholder.svg,YES,Placeholder image (/products/placeholder.svg),NO,1,,NO,,NO,,,YES,
g1-p0138,Dabur Honey,hygiene,Hygiene,Dabur,/products/placeholder.svg,YES,Placeholder image (/products/placeholder.svg),NO,1,,NO,,NO,,,NO,
g1-p0139,Koyas Xlnc Premium Incense,pooja-needs,Pooja Needs,G1 Mart Fresh,/products/packshots/pooja-agarbatti.jpg,NO,,YES,7,Shared by 7 products (pooja-agarbatti.jpg),NO,,NO,,,YES,
g1-p0140,Himalaya LIP Balm,hygiene,Hygiene,Himalaya,/products/placeholder.svg,YES,Placeholder image (/products/placeholder.svg),NO,1,,NO,,NO,,,NO,
g1-p0141,Garnier Bright Complete,hygiene,Hygiene,G1 Mart Fresh,/products/placeholder.svg,YES,Placeholder image (/products/placeholder.svg),NO,1,,NO,,NO,,,YES,
g1-p0142,Aswini Subhra Bath Powder,soaps-bath,Soaps & Bath,G1 Mart Fresh,/products/placeholder.svg,YES,Placeholder image (/products/placeholder.svg),NO,1,,NO,,NO,,,YES,
g1-p0143,Henna,hygiene,Hygiene,G1 Mart Fresh,/products/placeholder.svg,YES,Placeholder image (/products/placeholder.svg),NO,1,,NO,,NO,,,YES,
g1-p0144,Continental Strong,tea-coffee-milk-drinks,Tea Coffee & Milk Drinks,Continental,/products/placeholder.svg,YES,Placeholder image (/products/placeholder.svg),NO,1,,NO,,NO,,,NO,
g1-p0145,Puresprk,hygiene,Hygiene,G1 Mart Fresh,/products/placeholder.svg,YES,Placeholder image (/products/placeholder.svg),NO,1,,NO,,NO,,,YES,
g1-p0146,AER Power Pocket,hygiene,Hygiene,G1 Mart Fresh,/products/placeholder.svg,YES,Placeholder image (/products/placeholder.svg),NO,1,,NO,,NO,,,YES,
g1-p0147,Godreg AER Rose Bathroom Fresh,soaps-bath,Soaps & Bath,G1 Mart Fresh,/products/placeholder.svg,YES,Placeholder image (/products/placeholder.svg),NO,1,,NO,,NO,,,YES,
g1-p0148,NO 1 BIG,hygiene,Hygiene,G1 Mart Fresh,/products/placeholder.svg,YES,Placeholder image (/products/placeholder.svg),NO,1,,NO,,NO,,,YES,
g1-p0149,Godreg AER Lavender Bathroom Fresh,soaps-bath,Soaps & Bath,G1 Mart Fresh,/products/placeholder.svg,YES,Placeholder image (/products/placeholder.svg),NO,1,,NO,,NO,,,YES,
g1-p0150,Godreg AER Lemon Bathroom Fresh,soaps-bath,Soaps & Bath,G1 Mart Fresh,/products/placeholder.svg,YES,Placeholder image (/products/placeholder.svg),NO,1,,NO,,NO,,,YES,
g1-p0151,IFB Descal,hygiene,Hygiene,G1 Mart Fresh,/products/placeholder.svg,YES,Placeholder image (/products/placeholder.svg),NO,1,,NO,,NO,,,YES,
g1-p0152,Pitambari Rooperi,hygiene,Hygiene,G1 Mart Fresh,/products/placeholder.svg,YES,Placeholder image (/products/placeholder.svg),NO,1,,NO,,NO,,,YES,
g1-p0153,Tongue Cleaner,floor-surface-cleaners,Floor & Surface Cleaners,G1 Mart Fresh,/products/placeholder.svg,YES,Placeholder image (/products/placeholder.svg),NO,1,,NO,,NO,,,YES,
g1-p0154,Tongue Cleaner 18rs,floor-surface-cleaners,Floor & Surface Cleaners,G1 Mart Fresh,/products/placeholder.svg,YES,Placeholder image (/products/placeholder.svg),NO,1,,NO,,NO,,,YES,
g1-p0155,RIN,laundry-detergents,Laundry & Detergents,Rin,/products/placeholder.svg,YES,Placeholder image (/products/placeholder.svg),NO,1,,NO,,NO,,,NO,
g1-p0156,SUN Gold,hygiene,Hygiene,G1 Mart Fresh,/products/placeholder.svg,YES,Placeholder image (/products/placeholder.svg),NO,1,,NO,,NO,,,YES,
g1-p0157,Tcon Pops,instant-food,Instant Food,G1 Mart Fresh,/products/placeholder.svg,YES,Placeholder image (/products/placeholder.svg),NO,1,,NO,,NO,,,YES,
g1-p0158,Arun Chocobar,dairy-bread-eggs,Dairy Bread & Eggs,Arun Icecreams,/products/placeholder.svg,YES,Placeholder image (/products/placeholder.svg),NO,1,,NO,,NO,,,NO,
g1-p0159,Dettol Skincare Nourishing Soap,soaps-bath,Soaps & Bath,Dettol,/products/packshots/dettol-soap.png,NO,,YES,2,Shared by 2 products (dettol-soap.png),NO,,NO,,,NO,
g1-p0160,Real Salt,sugar-salt-staples,Sugar Salt & Staples,G1 Mart Fresh,/products/placeholder.svg,YES,Placeholder image (/products/placeholder.svg),NO,1,,NO,,NO,,,YES,
g1-p0161,Dabur Almond Hair OIL,dry-fruits-cereals,Dry Fruits & Cereals,Dabur,/products/packshots/parachute-oil.jpg,NO,,YES,22,Shared by 22 products (parachute-oil.jpg),YES,"Image shows Parachute Pure Coconut Hair Oil Blue Bottle ('parachute-oil.jpg'), but product is 'Dabur Almond Hair OIL' (Brand: Dabur)",YES,hair-care,"Personal care placed in Dry Fruits & Cereals by ""almond"" keyword",NO,
g1-p0162,Hanobar Dark,instant-food,Instant Food,G1 Mart Fresh,/products/placeholder.svg,YES,Placeholder image (/products/placeholder.svg),NO,1,,NO,,NO,,,YES,
g1-p0163,Dalchini,atta-rice-dal,Atta Rice & Dal,G1 Mart Fresh,/products/packshots/toor-dal.jpg,NO,,YES,95,Shared by 95 products (toor-dal.jpg),YES,"Image shows Toor Dal (Yellow Pigeon Peas) ('toor-dal.jpg'), but product is 'Dalchini' (Brand: G1 Mart Fresh)",NO,,,YES,
g1-p0164,Hatsun Malai Lassi,instant-food,Instant Food,Hatsun,/products/placeholder.svg,YES,Placeholder image (/products/placeholder.svg),NO,1,,NO,,NO,,,NO,
g1-p0165,Hatsun Paneer,instant-food,Instant Food,Hatsun,/products/placeholder.svg,YES,Placeholder image (/products/placeholder.svg),NO,1,,NO,,NO,,,NO,
g1-p0166,Ruchi Gold,hygiene,Hygiene,G1 Mart Fresh,/products/placeholder.svg,YES,Placeholder image (/products/placeholder.svg),NO,1,,NO,,NO,,,YES,
g1-p0167,Arun FUN Wheel,laundry-detergents,Laundry & Detergents,Wheel,/products/placeholder.svg,YES,Placeholder image (/products/placeholder.svg),NO,1,,NO,,NO,,,NO,
g1-p0168,Polo,instant-food,Instant Food,G1 Mart Fresh,/products/placeholder.svg,YES,Placeholder image (/products/placeholder.svg),NO,1,,NO,,NO,,,YES,Nestle Polo
g1-p0169,Ambica Agarbathi,soaps-bath,Soaps & Bath,G1 Mart Fresh,/products/placeholder.svg,YES,Placeholder image (/products/placeholder.svg),NO,1,,NO,,NO,,,YES,
g1-p0170,Dettol Cool,hygiene,Hygiene,Dettol,/products/packshots/dettol-soap.jpg,NO,,YES,2,Shared by 2 products (dettol-soap.jpg),NO,,NO,,,NO,
g1-p0171,Colgate Active Salt,oral-care,Oral Care,Colgate,/products/packshots/colgate-toothpaste.jpg,NO,,YES,17,Shared by 17 products (colgate-toothpaste.jpg),NO,,NO,,,NO,
g1-p0172,Center Fresh,instant-food,Instant Food,G1 Mart Fresh,/products/placeholder.svg,YES,Placeholder image (/products/placeholder.svg),NO,1,,NO,,NO,,,YES,Center Fresh
g1-p0173,5 Star TEA,tea-coffee-milk-drinks,Tea Coffee & Milk Drinks,Cadbury,/products/packshots/cadbury-5-star.jpg,NO,,YES,9,Shared by 9 products (cadbury-5-star.jpg),NO,,NO,,,NO,
g1-p0174,Rexona,dishwash,Dishwash,G1 Mart Fresh,/products/placeholder.svg,YES,Placeholder image (/products/placeholder.svg),NO,1,,NO,,NO,,,YES,Rexona
g1-p0175,Oreo,instant-food,Instant Food,G1 Mart Fresh,/products/placeholder.svg,YES,Placeholder image (/products/placeholder.svg),NO,1,,NO,,NO,,,YES,Oreo
g1-p0176,Milk Bikis,dairy-bread-eggs,Dairy Bread & Eggs,Britannia,/products/placeholder.svg,YES,Placeholder image (/products/placeholder.svg),NO,1,,NO,,NO,,,NO,
g1-p0177,Crane,hygiene,Hygiene,G1 Mart Fresh,/products/placeholder.svg,YES,Placeholder image (/products/placeholder.svg),NO,1,,NO,,NO,,,YES,
g1-p0178,Britannia Rusk,biscuits-bakery,Biscuits & Bakery,Britannia,/products/placeholder.svg,YES,Placeholder image (/products/placeholder.svg),NO,1,,NO,,NO,,,NO,
g1-p0179,Marie Gold,instant-food,Instant Food,Britannia,/products/placeholder.svg,YES,Placeholder image (/products/placeholder.svg),NO,1,,NO,,NO,,,NO,
g1-p0180,Power Natural Soap,soaps-bath,Soaps & Bath,G1 Mart Fresh,/products/placeholder.svg,YES,Placeholder image (/products/placeholder.svg),NO,1,,NO,,NO,,,YES,
g1-p0181,Limca,instant-food,Instant Food,G1 Mart Fresh,/products/placeholder.svg,YES,Placeholder image (/products/placeholder.svg),NO,1,,NO,,NO,,,YES,Limca
g1-p0182,Maaza,instant-food,Instant Food,G1 Mart Fresh,/products/packshots/frooti.jpg,NO,,YES,16,Shared by 16 products (frooti.jpg),YES,"Image shows Frooti Mango Drink Yellow Tetra/Bottle ('frooti.jpg'), but product is 'Maaza' (Brand: G1 Mart Fresh)",NO,,,YES,Maaza
g1-p0183,Javva Wheat Ravva,atta-rice-dal,Atta Rice & Dal,G1 Mart Fresh,/products/placeholder.svg,YES,Placeholder image (/products/placeholder.svg),NO,1,,NO,,NO,,,YES,
g1-p0184,Nuvvulu,hygiene,Hygiene,G1 Mart Fresh,/products/placeholder.svg,YES,Placeholder image (/products/placeholder.svg),NO,1,,NO,,NO,,,YES,
g1-p0185,Thati Bellam (natural Sweet Jaggery,sugar-salt-staples,Sugar Salt & Staples,G1 Mart Fresh,/products/placeholder.svg,YES,Placeholder image (/products/placeholder.svg),NO,1,,NO,,NO,,,YES,
g1-p0186,Maya Agarbathi,soaps-bath,Soaps & Bath,G1 Mart Fresh,/products/placeholder.svg,YES,Placeholder image (/products/placeholder.svg),NO,1,,NO,,NO,,,YES,
g1-p0187,Hamam Neem &tulsi,soaps-bath,Soaps & Bath,Hamam,/products/placeholder.svg,YES,Placeholder image (/products/placeholder.svg),NO,1,,NO,,NO,,,NO,
g1-p0188,Maya Rose,hygiene,Hygiene,G1 Mart Fresh,/products/placeholder.svg,YES,Placeholder image (/products/placeholder.svg),NO,1,,NO,,NO,,,YES,
g1-p0189,Santoor Sandalwood Soap (big Value Pack,soaps-bath,Soaps & Bath,Santoor,/products/packshots/santoor-soap.jpg,NO,,YES,7,Shared by 7 products (santoor-soap.jpg),NO,,NO,,,NO,
g1-p0190,Kabuli Senagalu,hygiene,Hygiene,G1 Mart Fresh,/products/placeholder.svg,YES,Placeholder image (/products/placeholder.svg),NO,1,,NO,,NO,,,YES,
g1-p0191,Nalla Senagalu,hygiene,Hygiene,G1 Mart Fresh,/products/placeholder.svg,YES,Placeholder image (/products/placeholder.svg),NO,1,,NO,,NO,,,YES,
g1-p0192,Oral B,oral-care,Oral Care,G1 Mart Fresh,/products/placeholder.svg,YES,Placeholder image (/products/placeholder.svg),NO,1,,NO,,NO,,,YES,Oral-B
g1-p0193,Vaseline,skin-care,Skin Care,G1 Mart Fresh,/products/placeholder.svg,YES,Placeholder image (/products/placeholder.svg),NO,1,,NO,,NO,,,YES,Vaseline
g1-p0194,Arun Butterscotcg,dairy-bread-eggs,Dairy Bread & Eggs,Arun Icecreams,/products/placeholder.svg,YES,Placeholder image (/products/placeholder.svg),NO,1,,NO,,NO,,,NO,
g1-p0195,Tella Bataneelu,hygiene,Hygiene,G1 Mart Fresh,/products/placeholder.svg,YES,Placeholder image (/products/placeholder.svg),NO,1,,NO,,NO,,,YES,
g1-p0196,Bansi Ravva,atta-rice-dal,Atta Rice & Dal,G1 Mart Fresh,/products/placeholder.svg,YES,Placeholder image (/products/placeholder.svg),NO,1,,NO,,NO,,,YES,
g1-p0197,Dharani Corn Flour,atta-rice-dal,Atta Rice & Dal,G1 Mart Fresh,/products/placeholder.svg,YES,Placeholder image (/products/placeholder.svg),NO,1,,NO,,NO,,,YES,
g1-p0198,Dharani Atta,atta-rice-dal,Atta Rice & Dal,G1 Mart Fresh,/products/placeholder.svg,YES,Placeholder image (/products/placeholder.svg),NO,1,,NO,,NO,,,YES,
g1-p0199,Munch,sweets-chocolates,Sweets & Chocolates,Nestle,/products/placeholder.svg,YES,Placeholder image (/products/placeholder.svg),NO,1,,NO,,NO,,,NO,
g1-p0200,Rock Salt,sugar-salt-staples,Sugar Salt & Staples,G1 Mart Fresh,/products/placeholder.svg,YES,Placeholder image (/products/placeholder.svg),NO,1,,NO,,NO,,,YES,
g1-p0201,Clinic Plus,hygiene,Hygiene,G1 Mart Fresh,/products/placeholder.svg,YES,Placeholder image (/products/placeholder.svg),NO,1,,NO,,NO,,,YES,Clinic Plus
g1-p0202,Tata Salt,sugar-salt-staples,Sugar Salt & Staples,Tata Salt,/products/packshots/tata-salt.png,NO,,YES,2,Shared by 2 products (tata-salt.png),NO,,NO,,,NO,
g1-p0203,Sajjalu,hygiene,Hygiene,G1 Mart Fresh,/products/placeholder.svg,YES,Placeholder image (/products/placeholder.svg),NO,1,,NO,,NO,,,YES,
g1-p0204,Pasta,hygiene,Hygiene,G1 Mart Fresh,/products/placeholder.svg,YES,Placeholder image (/products/placeholder.svg),NO,1,,NO,,NO,,,YES,
g1-p0205,Gottalu,hygiene,Hygiene,G1 Mart Fresh,/products/placeholder.svg,YES,Placeholder image (/products/placeholder.svg),NO,1,,NO,,NO,,,YES,
g1-p0206,Idil Rava,atta-rice-dal,Atta Rice & Dal,G1 Mart Fresh,/products/placeholder.svg,YES,Placeholder image (/products/placeholder.svg),NO,1,,NO,,NO,,,YES,
g1-p0207,Pani Puri Papad,chips-namkeen,Chips & Namkeen,G1 Mart Fresh,/products/placeholder.svg,YES,Placeholder image (/products/placeholder.svg),NO,1,,NO,,NO,,,YES,
g1-p0208,Lavian Brownie,sweets-chocolates,Sweets & Chocolates,G1 Mart Fresh,/products/placeholder.svg,YES,Placeholder image (/products/placeholder.svg),NO,1,,NO,,NO,,,YES,
g1-p0209,RAJ Peanut Chikki,atta-rice-dal,Atta Rice & Dal,G1 Mart Fresh,/products/packshots/toor-dal.jpg,NO,,YES,95,Shared by 95 products (toor-dal.jpg),YES,"Image shows Toor Dal (Yellow Pigeon Peas) ('toor-dal.jpg'), but product is 'RAJ Peanut Chikki' (Brand: G1 Mart Fresh)",NO,,,YES,
g1-p0210,Unibic Cashew,dry-fruits-cereals,Dry Fruits & Cereals,Unibic,/products/packshots/unibic-choco-ripple.jpg,NO,,YES,25,Shared by 25 products (unibic-choco-ripple.jpg),YES,"Image shows Unibic Choco Ripple Cookie Pack ('unibic-choco-ripple.jpg'), but product is 'Unibic Cashew' (Brand: Unibic)",NO,,,NO,
g1-p0211,Kitkat,sweets-chocolates,Sweets & Chocolates,Nestle,/products/placeholder.svg,YES,Placeholder image (/products/placeholder.svg),NO,1,,NO,,NO,,,NO,
g1-p0212,Harpic,floor-surface-cleaners,Floor & Surface Cleaners,Harpic,/products/placeholder.svg,YES,Placeholder image (/products/placeholder.svg),NO,1,,NO,,NO,,,NO,
g1-p0213,Unbic Wafer,instant-food,Instant Food,G1 Mart Fresh,/products/placeholder.svg,YES,Placeholder image (/products/placeholder.svg),NO,1,,NO,,NO,,,YES,
g1-p0214,Arun Tringo,laundry-detergents,Laundry & Detergents,Arun Icecreams,/products/placeholder.svg,YES,Placeholder image (/products/placeholder.svg),NO,1,,NO,,NO,,,NO,
g1-p0215,Butter Milk,dairy-bread-eggs,Dairy Bread & Eggs,G1 Mart Fresh,/products/placeholder.svg,YES,Placeholder image (/products/placeholder.svg),NO,1,,NO,,NO,,,YES,
g1-p0216,Active Wheel,laundry-detergents,Laundry & Detergents,Wheel,/products/placeholder.svg,YES,Placeholder image (/products/placeholder.svg),NO,1,,NO,,NO,,,NO,
g1-p0217,Arun,dairy-bread-eggs,Dairy Bread & Eggs,Arun Icecreams,/products/placeholder.svg,YES,Placeholder image (/products/placeholder.svg),NO,1,,NO,,NO,,,NO,
g1-p0218,EXO Round,dishwash,Dishwash,Exo,/products/placeholder.svg,YES,Placeholder image (/products/placeholder.svg),NO,1,,NO,,NO,,,NO,
g1-p0219,Rice,atta-rice-dal,Atta Rice & Dal,G1 Mart Fresh,/products/placeholder.svg,YES,Placeholder image (/products/placeholder.svg),NO,1,,NO,,NO,,,YES,
g1-p0220,Lizol,floor-surface-cleaners,Floor & Surface Cleaners,Lizol,/products/placeholder.svg,YES,Placeholder image (/products/placeholder.svg),NO,1,,NO,,NO,,,NO,
g1-p0221,Kitkat BOX,sweets-chocolates,Sweets & Chocolates,Nestle,/products/placeholder.svg,YES,Placeholder image (/products/placeholder.svg),NO,1,,NO,,NO,,,NO,
g1-p0222,Whisper XL,hygiene,Hygiene,G1 Mart Fresh,/products/placeholder.svg,YES,Placeholder image (/products/placeholder.svg),NO,1,,NO,,NO,,,YES,Whisper
g1-p0223,Salt Rice,sugar-salt-staples,Sugar Salt & Staples,G1 Mart Fresh,/products/placeholder.svg,YES,Placeholder image (/products/placeholder.svg),NO,1,,NO,,NO,,,YES,
g1-p0224,Bheerm Brooom,hygiene,Hygiene,G1 Mart Fresh,/products/placeholder.svg,YES,Placeholder image (/products/placeholder.svg),NO,1,,NO,,NO,,,YES,
g1-p0225,Steei Broom,hygiene,Hygiene,G1 Mart Fresh,/products/placeholder.svg,YES,Placeholder image (/products/placeholder.svg),NO,1,,NO,,NO,,,YES,
g1-p0226,Five Finger Broom,hygiene,Hygiene,G1 Mart Fresh,/products/placeholder.svg,YES,Placeholder image (/products/placeholder.svg),NO,1,,NO,,NO,,,YES,
g1-p0227,Steel Broom,hygiene,Hygiene,G1 Mart Fresh,/products/placeholder.svg,YES,Placeholder image (/products/placeholder.svg),NO,1,,NO,,NO,,,YES,
g1-p0228,Prince Broom,laundry-detergents,Laundry & Detergents,G1 Mart Fresh,/products/placeholder.svg,YES,Placeholder image (/products/placeholder.svg),NO,1,,NO,,NO,,,YES,
g1-p0229,Wiper SML 14 Inch,hygiene,Hygiene,G1 Mart Fresh,/products/placeholder.svg,YES,Placeholder image (/products/placeholder.svg),NO,1,,NO,,NO,,,YES,
g1-p0230,Cleaning Brush Round,oral-care,Oral Care,G1 Mart Fresh,/products/packshots/bru-instant.jpg,NO,,YES,6,Shared by 6 products (bru-instant.jpg),YES,"Image shows Bru Instant Coffee Glass Jar / Pouch ('bru-instant.jpg'), but product is 'Cleaning Brush Round' (Brand: G1 Mart Fresh)",NO,,,YES,
g1-p0231,ZED Black Aggarbathi,soaps-bath,Soaps & Bath,G1 Mart Fresh,/products/placeholder.svg,YES,Placeholder image (/products/placeholder.svg),NO,1,,NO,,NO,,,YES,Zed Black
g1-p0232,Galaxy Steel Round MOP,dishwash,Dishwash,G1 Mart Fresh,/products/placeholder.svg,YES,Placeholder image (/products/placeholder.svg),NO,1,,NO,,NO,,,YES,
g1-p0233,Smile MOP,hygiene,Hygiene,G1 Mart Fresh,/products/placeholder.svg,YES,Placeholder image (/products/placeholder.svg),NO,1,,NO,,NO,,,YES,
g1-p0234,Twist MOP Color,hygiene,Hygiene,G1 Mart Fresh,/products/placeholder.svg,YES,Placeholder image (/products/placeholder.svg),NO,1,,NO,,NO,,,YES,
g1-p0235,Twist MOP White,hygiene,Hygiene,G1 Mart Fresh,/products/placeholder.svg,YES,Placeholder image (/products/placeholder.svg),NO,1,,NO,,NO,,,YES,
g1-p0236,Onions,vegetables-fruits,Vegetables & Fruits,G1 Mart Fresh,/products/packshots/toor-dal.jpg,NO,,YES,95,Shared by 95 products (toor-dal.jpg),YES,"Image shows Toor Dal (Yellow Pigeon Peas) ('toor-dal.jpg'), but product is 'Onions' (Brand: G1 Mart Fresh)",NO,,,YES,
g1-p0237,Arun Vanilla,dairy-bread-eggs,Dairy Bread & Eggs,Arun Icecreams,/products/placeholder.svg,YES,Placeholder image (/products/placeholder.svg),NO,1,,NO,,NO,,,NO,
g1-p0238,Jeedi Pappu A1,sugar-salt-staples,Sugar Salt & Staples,G1 Mart Fresh,/products/packshots/toor-dal.jpg,NO,,YES,95,Shared by 95 products (toor-dal.jpg),YES,"Image shows Toor Dal (Yellow Pigeon Peas) ('toor-dal.jpg'), but product is 'Jeedi Pappu A1' (Brand: G1 Mart Fresh)",NO,,,YES,
g1-p0239,EXO,dishwash,Dishwash,Exo,/products/placeholder.svg,YES,Placeholder image (/products/placeholder.svg),NO,1,,NO,,NO,,,NO,
g1-p0240,Cadbury Choclairs Gold,instant-food,Instant Food,Cadbury,/products/packshots/cadbury-5-star.jpg,NO,,YES,9,Shared by 9 products (cadbury-5-star.jpg),YES,"Image shows Cadbury 5 Star Chocolate Bar ('cadbury-5-star.jpg'), but product is 'Cadbury Choclairs Gold' (Brand: Cadbury)",NO,,,NO,
g1-p0241,Dazzy Chocolate,sweets-chocolates,Sweets & Chocolates,G1 Mart Fresh,/products/placeholder.svg,YES,Placeholder image (/products/placeholder.svg),NO,1,,NO,,NO,,,YES,Dazzy
g1-p0242,MY- Melody,instant-food,Instant Food,G1 Mart Fresh,/products/placeholder.svg,YES,Placeholder image (/products/placeholder.svg),NO,1,,NO,,NO,,,YES,Parle Melody
g1-p0243,Kopiko,instant-food,Instant Food,G1 Mart Fresh,/products/placeholder.svg,YES,Placeholder image (/products/placeholder.svg),NO,1,,NO,,NO,,,YES,
g1-p0244,Dazzy Fruit Bonbon,vegetables-fruits,Vegetables & Fruits,G1 Mart Fresh,/products/placeholder.svg,YES,Placeholder image (/products/placeholder.svg),NO,1,,NO,,YES,sweets-chocolates,"Chocolate/Sweet placed in Vegetables & Fruits by ""fruit"" keyword",YES,Dazzy
g1-p0245,Kacche AAM,instant-food,Instant Food,G1 Mart Fresh,/products/placeholder.svg,YES,Placeholder image (/products/placeholder.svg),NO,1,,NO,,NO,,,YES,Parle Kacche Aam
g1-p0246,Eclairs Choco,instant-food,Instant Food,G1 Mart Fresh,/products/placeholder.svg,YES,Placeholder image (/products/placeholder.svg),NO,1,,NO,,NO,,,YES,Cadbury
g1-p0247,Dazzy Rich Gold,hygiene,Hygiene,G1 Mart Fresh,/products/placeholder.svg,YES,Placeholder image (/products/placeholder.svg),NO,1,,NO,,NO,,,YES,Dazzy
g1-p0248,Chocolate PKT,sweets-chocolates,Sweets & Chocolates,G1 Mart Fresh,/products/placeholder.svg,YES,Placeholder image (/products/placeholder.svg),NO,1,,NO,,NO,,,YES,
g1-p0249,Sensora Paste,hygiene,Hygiene,G1 Mart Fresh,/products/placeholder.svg,YES,Placeholder image (/products/placeholder.svg),NO,1,,NO,,NO,,,YES,
g1-p0250,Allout Matchs,hygiene,Hygiene,G1 Mart Fresh,/products/placeholder.svg,YES,Placeholder image (/products/placeholder.svg),NO,1,,NO,,NO,,,YES,All Out
g1-p0251,Dabur RED,hygiene,Hygiene,Dabur,/products/placeholder.svg,YES,Placeholder image (/products/placeholder.svg),NO,1,,NO,,NO,,,NO,
g1-p0252,GN Gold Match,hygiene,Hygiene,G1 Mart Fresh,/products/placeholder.svg,YES,Placeholder image (/products/placeholder.svg),NO,1,,NO,,NO,,,YES,
g1-p0253,Unibic Fruit & NUT,vegetables-fruits,Vegetables & Fruits,Unibic,/products/packshots/unibic-choco-ripple.jpg,NO,,YES,25,Shared by 25 products (unibic-choco-ripple.jpg),YES,"Image shows Unibic Choco Ripple Cookie Pack ('unibic-choco-ripple.jpg'), but product is 'Unibic Fruit & NUT' (Brand: Unibic)",YES,biscuits-bakery,"Biscuit/Cookie placed in Vegetables & Fruits by ""fruit & nut"" keyword",NO,
g1-p0254,Odonil,hygiene,Hygiene,G1 Mart Fresh,/products/placeholder.svg,YES,Placeholder image (/products/placeholder.svg),NO,1,,NO,,NO,,,YES,Odonil
g1-p0255,GN Gold Liquid,hygiene,Hygiene,G1 Mart Fresh,/products/placeholder.svg,YES,Placeholder image (/products/placeholder.svg),NO,1,,NO,,NO,,,YES,
g1-p0256,Derby Eclairs Coconut,instant-food,Instant Food,G1 Mart Fresh,/products/placeholder.svg,YES,Placeholder image (/products/placeholder.svg),NO,1,,NO,,NO,,,YES,Cadbury
g1-p0257,Lotte Coconut Punch,instant-food,Instant Food,G1 Mart Fresh,/products/placeholder.svg,YES,Placeholder image (/products/placeholder.svg),NO,1,,NO,,NO,,,YES,Lotte Coffy Bite
g1-p0258,Tcon Heart Tino,instant-food,Instant Food,G1 Mart Fresh,/products/placeholder.svg,YES,Placeholder image (/products/placeholder.svg),NO,1,,NO,,NO,,,YES,
g1-p0259,Lotte Lacto King,instant-food,Instant Food,G1 Mart Fresh,/products/placeholder.svg,YES,Placeholder image (/products/placeholder.svg),NO,1,,NO,,NO,,,YES,Lotte Coffy Bite
g1-p0260,Dazzy Eclairs,instant-food,Instant Food,G1 Mart Fresh,/products/placeholder.svg,YES,Placeholder image (/products/placeholder.svg),NO,1,,NO,,NO,,,YES,Cadbury
g1-p0261,Garnier F . W,hygiene,Hygiene,G1 Mart Fresh,/products/placeholder.svg,YES,Placeholder image (/products/placeholder.svg),NO,1,,NO,,NO,,,YES,
g1-p0262,Nyra Original,instant-food,Instant Food,G1 Mart Fresh,/products/placeholder.svg,YES,Placeholder image (/products/placeholder.svg),NO,1,,NO,,NO,,,YES,
g1-p0263,Dazzy Choco Orange,drinks-juices,Drinks & Juices,G1 Mart Fresh,/products/packshots/frooti.jpg,NO,,YES,16,Shared by 16 products (frooti.jpg),YES,"Image shows Frooti Mango Drink Yellow Tetra/Bottle ('frooti.jpg'), but product is 'Dazzy Choco Orange' (Brand: G1 Mart Fresh)",YES,sweets-chocolates,"Sweet/Chocolate placed in Drinks & Juices by ""orange"" flavor keyword",YES,Dazzy
g1-p0264,Dazzy Mango,instant-food,Instant Food,G1 Mart Fresh,/products/placeholder.svg,YES,Placeholder image (/products/placeholder.svg),NO,1,,NO,,NO,,,YES,Dazzy
g1-p0265,Mentos Rainboe,instant-food,Instant Food,G1 Mart Fresh,/products/placeholder.svg,YES,Placeholder image (/products/placeholder.svg),NO,1,,NO,,NO,,,YES,Mentos
g1-p0266,Mentos Mint,instant-food,Instant Food,G1 Mart Fresh,/products/placeholder.svg,YES,Placeholder image (/products/placeholder.svg),NO,1,,NO,,NO,,,YES,Mentos
g1-p0267,Alpenliebe,instant-food,Instant Food,G1 Mart Fresh,/products/placeholder.svg,YES,Placeholder image (/products/placeholder.svg),NO,1,,NO,,NO,,,YES,Alpenliebe
g1-p0268,Meera Oile250g,oil-ghee-masala,Oil Ghee & Masala,G1 Mart Fresh,/products/placeholder.svg,YES,Placeholder image (/products/placeholder.svg),NO,1,,NO,,NO,,,YES,Meera
g1-p0269,Dairy Milk Crackle,sweets-chocolates,Sweets & Chocolates,Cadbury,/products/packshots/cadbury-5-star.jpg,NO,,YES,9,Shared by 9 products (cadbury-5-star.jpg),YES,"Image shows Cadbury 5 Star Chocolate Bar ('cadbury-5-star.jpg'), but product is 'Dairy Milk Crackle' (Brand: Cadbury)",NO,,,NO,
g1-p0270,Dairy Milk Fruit&nut,vegetables-fruits,Vegetables & Fruits,Cadbury,/products/packshots/cadbury-5-star.jpg,NO,,YES,9,Shared by 9 products (cadbury-5-star.jpg),YES,"Image shows Cadbury 5 Star Chocolate Bar ('cadbury-5-star.jpg'), but product is 'Dairy Milk Fruit&nut' (Brand: Cadbury)",YES,sweets-chocolates,"Chocolate/Sweet placed in Vegetables & Fruits by ""fruit"" keyword",NO,
g1-p0271,HIM F.W .,hygiene,Hygiene,G1 Mart Fresh,/products/placeholder.svg,YES,Placeholder image (/products/placeholder.svg),NO,1,,NO,,NO,,,YES,
g1-p0272,Daory Milk,dairy-bread-eggs,Dairy Bread & Eggs,G1 Mart Fresh,/products/placeholder.svg,YES,Placeholder image (/products/placeholder.svg),NO,1,,NO,,NO,,,YES,
g1-p0273,Maggi,hygiene,Hygiene,Nestle,/products/packshots/maggi-noodles.png,NO,,YES,3,Shared by 3 products (maggi-noodles.png),YES,"Image shows Maggi 2-Minute Masala Instant Noodles Yellow Pack ('maggi-noodles.png'), but product is 'Maggi' (Brand: Nestle)",NO,,,NO,
g1-p0274,Gloe&handsome MEN,hygiene,Hygiene,G1 Mart Fresh,/products/placeholder.svg,YES,Placeholder image (/products/placeholder.svg),NO,1,,NO,,NO,,,YES,
g1-p0275,Jelly TOS,instant-food,Instant Food,G1 Mart Fresh,/products/placeholder.svg,YES,Placeholder image (/products/placeholder.svg),NO,1,,NO,,NO,,,YES,
g1-p0276,Colin,hygiene,Hygiene,G1 Mart Fresh,/products/placeholder.svg,YES,Placeholder image (/products/placeholder.svg),NO,1,,NO,,NO,,,YES,Colin
g1-p0277,Mysore Sandal Agarbathies,soaps-bath,Soaps & Bath,Mysore Sandal,/products/packshots/mysore-sandal-soap.jpg,NO,,YES,7,Shared by 7 products (mysore-sandal-soap.jpg),NO,,NO,,,NO,
g1-p0278,Gopuram K,hygiene,Hygiene,G1 Mart Fresh,/products/placeholder.svg,YES,Placeholder image (/products/placeholder.svg),NO,1,,NO,,NO,,,YES,
g1-p0279,Hatsun Ghee,oil-ghee-masala,Oil Ghee & Masala,Hatsun,/products/placeholder.svg,YES,Placeholder image (/products/placeholder.svg),NO,1,,NO,,NO,,,NO,
g1-p0280,Lavangalu10g,oil-ghee-masala,Oil Ghee & Masala,G1 Mart Fresh,/products/placeholder.svg,YES,Placeholder image (/products/placeholder.svg),NO,1,,NO,,NO,,,YES,
g1-p0281,Arun Chocolate Ball,sweets-chocolates,Sweets & Chocolates,Arun Icecreams,/products/placeholder.svg,YES,Placeholder image (/products/placeholder.svg),NO,1,,NO,,NO,,,NO,
g1-p0282,Cycle Agarbati 5,hygiene,Hygiene,G1 Mart Fresh,/products/placeholder.svg,YES,Placeholder image (/products/placeholder.svg),NO,1,,NO,,NO,,,YES,Cycle Pure Agarbathies
g1-p0283,Kichen Knife,hygiene,Hygiene,G1 Mart Fresh,/products/placeholder.svg,YES,Placeholder image (/products/placeholder.svg),NO,1,,NO,,NO,,,YES,
g1-p0284,Gloe&handsome,hygiene,Hygiene,G1 Mart Fresh,/products/placeholder.svg,YES,Placeholder image (/products/placeholder.svg),NO,1,,NO,,NO,,,YES,
g1-p0285,Cheeta Matches,hygiene,Hygiene,G1 Mart Fresh,/products/placeholder.svg,YES,Placeholder image (/products/placeholder.svg),NO,1,,NO,,NO,,,YES,
g1-p0286,Vamu Wather,hygiene,Hygiene,G1 Mart Fresh,/products/placeholder.svg,YES,Placeholder image (/products/placeholder.svg),NO,1,,NO,,NO,,,YES,
g1-p0287,RB Soda,hygiene,Hygiene,G1 Mart Fresh,/products/placeholder.svg,YES,Placeholder image (/products/placeholder.svg),NO,1,,NO,,NO,,,YES,
g1-p0288,LIA,hygiene,Hygiene,G1 Mart Fresh,/products/placeholder.svg,YES,Placeholder image (/products/placeholder.svg),NO,1,,NO,,NO,,,YES,
g1-p0289,Chik Shampoo,hair-care,Hair Care,G1 Mart Fresh,/products/packshots/parachute-oil.jpg,NO,,YES,22,Shared by 22 products (parachute-oil.jpg),YES,"Image shows Parachute Pure Coconut Hair Oil Blue Bottle ('parachute-oil.jpg'), but product is 'Chik Shampoo' (Brand: G1 Mart Fresh)",NO,,,YES,Chik
g1-p0290,Endu Marchi,hygiene,Hygiene,G1 Mart Fresh,/products/placeholder.svg,YES,Placeholder image (/products/placeholder.svg),NO,1,,NO,,NO,,,YES,
g1-p0291,Munch 10rs,sweets-chocolates,Sweets & Chocolates,Nestle,/products/placeholder.svg,YES,Placeholder image (/products/placeholder.svg),NO,1,,NO,,NO,,,NO,
g1-p0292,Ponds Bricht Beauy12g,floor-surface-cleaners,Floor & Surface Cleaners,G1 Mart Fresh,/products/placeholder.svg,YES,Placeholder image (/products/placeholder.svg),NO,1,,NO,,NO,,,YES,Pond's
g1-p0293,Kisan Mixedfruit 2RS,vegetables-fruits,Vegetables & Fruits,G1 Mart Fresh,/products/placeholder.svg,YES,Placeholder image (/products/placeholder.svg),NO,1,,NO,,YES,sauces-spreads,"Fruit jam placed in Vegetables & Fruits by ""fruit"" keyword",YES,Kissan
g1-p0294,Vaseline LIP Carem,skin-care,Skin Care,G1 Mart Fresh,/products/placeholder.svg,YES,Placeholder image (/products/placeholder.svg),NO,1,,NO,,NO,,,YES,Vaseline
g1-p0295,Badam A1,dry-fruits-cereals,Dry Fruits & Cereals,G1 Mart Fresh,/products/placeholder.svg,YES,Placeholder image (/products/placeholder.svg),NO,1,,NO,,NO,,,YES,
g1-p0296,Nycil,hygiene,Hygiene,G1 Mart Fresh,/products/placeholder.svg,YES,Placeholder image (/products/placeholder.svg),NO,1,,NO,,NO,,,YES,
g1-p0297,Clinic Egg,hygiene,Hygiene,G1 Mart Fresh,/products/placeholder.svg,YES,Placeholder image (/products/placeholder.svg),NO,1,,NO,,NO,,,YES,
g1-p0298,Ultra Power,hygiene,Hygiene,G1 Mart Fresh,/products/placeholder.svg,YES,Placeholder image (/products/placeholder.svg),NO,1,,NO,,NO,,,YES,
g1-p0299,Vim GEL Shudhham,dishwash,Dishwash,Vim,/products/packshots/vim-bar.jpg,NO,,YES,8,Shared by 8 products (vim-bar.jpg),YES,"Image shows Vim Green Dishwash Bar with Lemon ('vim-bar.jpg'), but product is 'Vim GEL Shudhham' (Brand: Vim)",NO,,,NO,
g1-p0300,Crayons,hygiene,Hygiene,G1 Mart Fresh,/products/placeholder.svg,YES,Placeholder image (/products/placeholder.svg),NO,1,,NO,,NO,,,YES,
g1-p0301,Unibic Biscot,biscuits-bakery,Biscuits & Bakery,Unibic,/products/packshots/unibic-choco-ripple.jpg,NO,,YES,25,Shared by 25 products (unibic-choco-ripple.jpg),YES,"Image shows Unibic Choco Ripple Cookie Pack ('unibic-choco-ripple.jpg'), but product is 'Unibic Biscot' (Brand: Unibic)",NO,,,NO,
g1-p0302,Gayathari Sambrani Stick,hygiene,Hygiene,G1 Mart Fresh,/products/placeholder.svg,YES,Placeholder image (/products/placeholder.svg),NO,1,,NO,,NO,,,YES,
g1-p0303,Surf Excvel Matic1.,laundry-detergents,Laundry & Detergents,G1 Mart Fresh,/products/placeholder.svg,YES,Placeholder image (/products/placeholder.svg),NO,1,,NO,,NO,,,YES,Surf Excel
g1-p0304,Surf Excel Matic,laundry-detergents,Laundry & Detergents,Surf Excel,/products/packshots/surf-excel.jpg,NO,,YES,6,Shared by 6 products (surf-excel.jpg),NO,,NO,,,NO,
g1-p0305,Surf Excel Matic Ntop Load,laundry-detergents,Laundry & Detergents,Surf Excel,/products/packshots/surf-excel.jpg,NO,,YES,6,Shared by 6 products (surf-excel.jpg),NO,,NO,,,NO,
g1-p0306,VIM Neem Clean,dishwash,Dishwash,Vim,/products/packshots/vim-bar.jpg,NO,,YES,8,Shared by 8 products (vim-bar.jpg),YES,"Image shows Vim Green Dishwash Bar with Lemon ('vim-bar.jpg'), but product is 'VIM Neem Clean' (Brand: Vim)",NO,,,NO,
g1-p0307,VIM Power OF 100lemons,dishwash,Dishwash,Vim,/products/packshots/vim-bar.jpg,NO,,YES,8,Shared by 8 products (vim-bar.jpg),YES,"Image shows Vim Green Dishwash Bar with Lemon ('vim-bar.jpg'), but product is 'VIM Power OF 100lemons' (Brand: Vim)",NO,,,NO,
g1-p0308,Horlicks Womens Plus Caramel,drinks-juices,Drinks & Juices,Horlicks,/products/packshots/frooti.jpg,NO,,YES,16,Shared by 16 products (frooti.jpg),YES,"Image shows Frooti Mango Drink Yellow Tetra/Bottle ('frooti.jpg'), but product is 'Horlicks Womens Plus Caramel' (Brand: Horlicks)",NO,,,NO,
g1-p0309,Hellmanns Mayonnaise,sauces-spreads,Sauces & Spreads,G1 Mart Fresh,/products/placeholder.svg,YES,Placeholder image (/products/placeholder.svg),NO,1,,NO,,NO,,,YES,
g1-p0310,Kissam Tomato Ketchup,sauces-spreads,Sauces & Spreads,G1 Mart Fresh,/products/placeholder.svg,YES,Placeholder image (/products/placeholder.svg),NO,1,,NO,,NO,,,YES,
g1-p0311,Kissan Tomato Ketchup,sauces-spreads,Sauces & Spreads,G1 Mart Fresh,/products/placeholder.svg,YES,Placeholder image (/products/placeholder.svg),NO,1,,NO,,NO,,,YES,Kissan
g1-p0312,Kissan Sweet&spicy,sweets-chocolates,Sweets & Chocolates,G1 Mart Fresh,/products/placeholder.svg,YES,Placeholder image (/products/placeholder.svg),NO,1,,NO,,NO,,,YES,Kissan
g1-p0313,Boro Plus Powder Small,soaps-bath,Soaps & Bath,G1 Mart Fresh,/products/placeholder.svg,YES,Placeholder image (/products/placeholder.svg),NO,1,,NO,,NO,,,YES,
g1-p0314,Kissan Tomaato Ketchup,sauces-spreads,Sauces & Spreads,G1 Mart Fresh,/products/placeholder.svg,YES,Placeholder image (/products/placeholder.svg),NO,1,,NO,,NO,,,YES,Kissan
g1-p0315,Kissan Peanut Butter Crunchy,atta-rice-dal,Atta Rice & Dal,G1 Mart Fresh,/products/packshots/toor-dal.jpg,NO,,YES,95,Shared by 95 products (toor-dal.jpg),YES,"Image shows Toor Dal (Yellow Pigeon Peas) ('toor-dal.jpg'), but product is 'Kissan Peanut Butter Crunchy' (Brand: G1 Mart Fresh)",NO,,,YES,Kissan
g1-p0316,Kissan Peanut Butter Creamy,soaps-bath,Soaps & Bath,G1 Mart Fresh,/products/placeholder.svg,YES,Placeholder image (/products/placeholder.svg),NO,1,,NO,,NO,,,YES,Kissan
g1-p0317,Horlicks,drinks-juices,Drinks & Juices,Horlicks,/products/packshots/frooti.jpg,NO,,YES,16,Shared by 16 products (frooti.jpg),YES,"Image shows Frooti Mango Drink Yellow Tetra/Bottle ('frooti.jpg'), but product is 'Horlicks' (Brand: Horlicks)",NO,,,NO,
g1-p0318,Lifeduoy Cools Skin,skin-care,Skin Care,G1 Mart Fresh,/products/placeholder.svg,YES,Placeholder image (/products/placeholder.svg),NO,1,,NO,,NO,,,YES,
g1-p0319,Lifeduoy Neem,hygiene,Hygiene,G1 Mart Fresh,/products/placeholder.svg,YES,Placeholder image (/products/placeholder.svg),NO,1,,NO,,NO,,,YES,
g1-p0320,Fair &lovely,hygiene,Hygiene,Glow & Lovely,/products/placeholder.svg,YES,Placeholder image (/products/placeholder.svg),NO,1,,NO,,NO,,,NO,
g1-p0321,Rexona Deorant MEN,dishwash,Dishwash,G1 Mart Fresh,/products/placeholder.svg,YES,Placeholder image (/products/placeholder.svg),NO,1,,NO,,NO,,,YES,Rexona
g1-p0322,Rexona Aloe Vera,dishwash,Dishwash,G1 Mart Fresh,/products/placeholder.svg,YES,Placeholder image (/products/placeholder.svg),NO,1,,NO,,NO,,,YES,Rexona
g1-p0323,Unibic Pista Badam,dry-fruits-cereals,Dry Fruits & Cereals,Unibic,/products/packshots/unibic-choco-ripple.jpg,NO,,YES,25,Shared by 25 products (unibic-choco-ripple.jpg),YES,"Image shows Unibic Choco Ripple Cookie Pack ('unibic-choco-ripple.jpg'), but product is 'Unibic Pista Badam' (Brand: Unibic)",NO,,,NO,
g1-p0324,Nycil Powder Small,soaps-bath,Soaps & Bath,G1 Mart Fresh,/products/placeholder.svg,YES,Placeholder image (/products/placeholder.svg),NO,1,,NO,,NO,,,YES,
g1-p0325,Rexona Dpowder DRY,soaps-bath,Soaps & Bath,G1 Mart Fresh,/products/placeholder.svg,YES,Placeholder image (/products/placeholder.svg),NO,1,,NO,,NO,,,YES,Rexona
g1-p0326,Rexona Dpowdert Shower Fresh,soaps-bath,Soaps & Bath,G1 Mart Fresh,/products/placeholder.svg,YES,Placeholder image (/products/placeholder.svg),NO,1,,NO,,NO,,,YES,Rexona
g1-p0327,Kandi Pappu (toor Dal,atta-rice-dal,Atta Rice & Dal,G1 Mart Fresh,/products/packshots/toor-dal.jpg,NO,,YES,95,Shared by 95 products (toor-dal.jpg),NO,,NO,,,YES,
g1-p0328,Aniva Orange,drinks-juices,Drinks & Juices,G1 Mart Fresh,/products/packshots/frooti.jpg,NO,,YES,16,Shared by 16 products (frooti.jpg),YES,"Image shows Frooti Mango Drink Yellow Tetra/Bottle ('frooti.jpg'), but product is 'Aniva Orange' (Brand: G1 Mart Fresh)",NO,,,YES,
g1-p0329,Verusenaga Pappu,hygiene,Hygiene,G1 Mart Fresh,/products/packshots/toor-dal.jpg,NO,,YES,95,Shared by 95 products (toor-dal.jpg),YES,"Image shows Toor Dal (Yellow Pigeon Peas) ('toor-dal.jpg'), but product is 'Verusenaga Pappu' (Brand: G1 Mart Fresh)",YES,atta-rice-dal,Pulses/Dal placed in Hygiene department due to unmapped fallback,YES,
g1-p0330,Kandipappu1kg,atta-rice-dal,Atta Rice & Dal,G1 Mart Fresh,/products/packshots/toor-dal.jpg,NO,,YES,95,Shared by 95 products (toor-dal.jpg),YES,"Image shows Toor Dal (Yellow Pigeon Peas) ('toor-dal.jpg'), but product is 'Kandipappu1kg' (Brand: G1 Mart Fresh)",NO,,,YES,
g1-p0331,Boro Plus BIG,hygiene,Hygiene,G1 Mart Fresh,/products/placeholder.svg,YES,Placeholder image (/products/placeholder.svg),NO,1,,NO,,NO,,,YES,
g1-p0332,Surf Excel Easy Wash,laundry-detergents,Laundry & Detergents,Surf Excel,/products/packshots/surf-excel.jpg,NO,,YES,6,Shared by 6 products (surf-excel.jpg),NO,,NO,,,NO,
g1-p0333,Hatsun Jeera (cumin Seeds) Buttermilk,oil-ghee-masala,Oil Ghee & Masala,Hatsun,/products/placeholder.svg,YES,Placeholder image (/products/placeholder.svg),NO,1,,NO,,NO,,,NO,
g1-p0334,Hatsun Mango Lassi,instant-food,Instant Food,Hatsun,/products/placeholder.svg,YES,Placeholder image (/products/placeholder.svg),NO,1,,NO,,NO,,,NO,
g1-p0335,Aniva Orange Drink,laundry-detergents,Laundry & Detergents,G1 Mart Fresh,/products/placeholder.svg,YES,Placeholder image (/products/placeholder.svg),NO,1,,NO,,NO,,,YES,
g1-p0336,Jilakara 10rupees,hygiene,Hygiene,G1 Mart Fresh,/products/placeholder.svg,YES,Placeholder image (/products/placeholder.svg),NO,1,,NO,,NO,,,YES,
g1-p0337,Anasa Puvvu 10rupees,sugar-salt-staples,Sugar Salt & Staples,G1 Mart Fresh,/products/placeholder.svg,YES,Placeholder image (/products/placeholder.svg),NO,1,,NO,,NO,,,YES,
g1-p0338,Jathipatri 10rupees,sugar-salt-staples,Sugar Salt & Staples,G1 Mart Fresh,/products/placeholder.svg,YES,Placeholder image (/products/placeholder.svg),NO,1,,NO,,NO,,,YES,
g1-p0339,Marathi Mogga 10rupees,sugar-salt-staples,Sugar Salt & Staples,G1 Mart Fresh,/products/placeholder.svg,YES,Placeholder image (/products/placeholder.svg),NO,1,,NO,,NO,,,YES,
g1-p0340,Endu Draksha 10rupees,sugar-salt-staples,Sugar Salt & Staples,G1 Mart Fresh,/products/placeholder.svg,YES,Placeholder image (/products/placeholder.svg),NO,1,,NO,,NO,,,YES,
g1-p0341,Lavangalu (whole Cloves) 10rupees,oil-ghee-masala,Oil Ghee & Masala,G1 Mart Fresh,/products/placeholder.svg,YES,Placeholder image (/products/placeholder.svg),NO,1,,NO,,NO,,,YES,
g1-p0342,Miriyalu10rupees,sugar-salt-staples,Sugar Salt & Staples,G1 Mart Fresh,/products/placeholder.svg,YES,Placeholder image (/products/placeholder.svg),NO,1,,NO,,NO,,,YES,
g1-p0343,Rangoli,hygiene,Hygiene,G1 Mart Fresh,/products/placeholder.svg,YES,Placeholder image (/products/placeholder.svg),NO,1,,NO,,NO,,,YES,
g1-p0344,Endu Draksha,sugar-salt-staples,Sugar Salt & Staples,G1 Mart Fresh,/products/placeholder.svg,YES,Placeholder image (/products/placeholder.svg),NO,1,,NO,,NO,,,YES,
g1-p0345,Colgate Zigzag,oral-care,Oral Care,Colgate,/products/packshots/colgate-toothpaste.jpg,NO,,YES,17,Shared by 17 products (colgate-toothpaste.jpg),NO,,NO,,,NO,
g1-p0346,Ujala Fresh,hygiene,Hygiene,G1 Mart Fresh,/products/placeholder.svg,YES,Placeholder image (/products/placeholder.svg),NO,1,,NO,,NO,,,YES,Ujala
g1-p0347,Kinley Soda,instant-food,Instant Food,G1 Mart Fresh,/products/placeholder.svg,YES,Placeholder image (/products/placeholder.svg),NO,1,,NO,,NO,,,YES,Kinley
g1-p0348,Spinz BB Cream BIG,soaps-bath,Soaps & Bath,G1 Mart Fresh,/products/placeholder.svg,YES,Placeholder image (/products/placeholder.svg),NO,1,,NO,,NO,,,YES,
g1-p0349,Colgate Kids 2+,oral-care,Oral Care,Colgate,/products/packshots/colgate-toothpaste.jpg,NO,,YES,17,Shared by 17 products (colgate-toothpaste.jpg),NO,,NO,,,NO,
g1-p0350,Patikan Bellam (natural Sweet Jaggery,sugar-salt-staples,Sugar Salt & Staples,G1 Mart Fresh,/products/placeholder.svg,YES,Placeholder image (/products/placeholder.svg),NO,1,,NO,,NO,,,YES,
g1-p0351,Dark Fantasy Yumfills PIE,biscuits-bakery,Biscuits & Bakery,Sunfeast,/products/placeholder.svg,YES,Placeholder image (/products/placeholder.svg),NO,1,,NO,,NO,,,NO,
g1-p0352,Dark Fantasy Bourbon,biscuits-bakery,Biscuits & Bakery,Britannia,/products/packshots/britannia-bourbon.jpg,NO,,YES,5,Shared by 5 products (britannia-bourbon.jpg),NO,,NO,,,NO,
g1-p0353,Nycil Powder BIG,soaps-bath,Soaps & Bath,G1 Mart Fresh,/products/placeholder.svg,YES,Placeholder image (/products/placeholder.svg),NO,1,,NO,,NO,,,YES,
g1-p0354,Fogg Body Spary,hygiene,Hygiene,G1 Mart Fresh,/products/placeholder.svg,YES,Placeholder image (/products/placeholder.svg),NO,1,,NO,,NO,,,YES,
g1-p0355,Denver Body Spray,hygiene,Hygiene,G1 Mart Fresh,/products/placeholder.svg,YES,Placeholder image (/products/placeholder.svg),NO,1,,NO,,NO,,,YES,
g1-p0356,Indica Easy BIG,hygiene,Hygiene,G1 Mart Fresh,/products/placeholder.svg,YES,Placeholder image (/products/placeholder.svg),NO,1,,NO,,NO,,,YES,
g1-p0357,Indica Easy Small,hygiene,Hygiene,G1 Mart Fresh,/products/placeholder.svg,YES,Placeholder image (/products/placeholder.svg),NO,1,,NO,,NO,,,YES,
g1-p0358,Pitambari,hygiene,Hygiene,G1 Mart Fresh,/products/placeholder.svg,YES,Placeholder image (/products/placeholder.svg),NO,1,,NO,,NO,,,YES,
g1-p0359,Unibic Choco NUT,biscuits-bakery,Biscuits & Bakery,Unibic,/products/packshots/unibic-choco-ripple.jpg,NO,,YES,25,Shared by 25 products (unibic-choco-ripple.jpg),YES,"Image shows Unibic Choco Ripple Cookie Pack ('unibic-choco-ripple.jpg'), but product is 'Unibic Choco NUT' (Brand: Unibic)",NO,,,NO,
g1-p0360,Sensodyne Fresh GEL,hygiene,Hygiene,G1 Mart Fresh,/products/placeholder.svg,YES,Placeholder image (/products/placeholder.svg),NO,1,,NO,,NO,,,YES,Sensodyne
g1-p0361,Lock 50mm,hygiene,Hygiene,G1 Mart Fresh,/products/placeholder.svg,YES,Placeholder image (/products/placeholder.svg),NO,1,,NO,,NO,,,YES,
g1-p0362,Lock 32mm,hygiene,Hygiene,G1 Mart Fresh,/products/placeholder.svg,YES,Placeholder image (/products/placeholder.svg),NO,1,,NO,,NO,,,YES,
g1-p0363,Lock 38mm,hygiene,Hygiene,G1 Mart Fresh,/products/placeholder.svg,YES,Placeholder image (/products/placeholder.svg),NO,1,,NO,,NO,,,YES,
g1-p0364,Tulip,hygiene,Hygiene,G1 Mart Fresh,/products/placeholder.svg,YES,Placeholder image (/products/placeholder.svg),NO,1,,NO,,NO,,,YES,
g1-p0365,Magnet,hygiene,Hygiene,G1 Mart Fresh,/products/placeholder.svg,YES,Placeholder image (/products/placeholder.svg),NO,1,,NO,,NO,,,YES,
g1-p0366,Melody,hygiene,Hygiene,G1 Mart Fresh,/products/placeholder.svg,YES,Placeholder image (/products/placeholder.svg),NO,1,,NO,,NO,,,YES,Parle Melody
g1-p0367,Something Something,hygiene,Hygiene,G1 Mart Fresh,/products/placeholder.svg,YES,Placeholder image (/products/placeholder.svg),NO,1,,NO,,NO,,,YES,
g1-p0368,Unibic Choco Chip,biscuits-bakery,Biscuits & Bakery,Unibic,/products/packshots/unibic-choco-ripple.jpg,NO,,YES,25,Shared by 25 products (unibic-choco-ripple.jpg),YES,"Image shows Unibic Choco Ripple Cookie Pack ('unibic-choco-ripple.jpg'), but product is 'Unibic Choco Chip' (Brand: Unibic)",NO,,,NO,
g1-p0369,Kiss ME,hygiene,Hygiene,G1 Mart Fresh,/products/placeholder.svg,YES,Placeholder image (/products/placeholder.svg),NO,1,,NO,,NO,,,YES,
g1-p0370,ZX Spray,hygiene,Hygiene,G1 Mart Fresh,/products/placeholder.svg,YES,Placeholder image (/products/placeholder.svg),NO,1,,NO,,NO,,,YES,
g1-p0371,First Love,hygiene,Hygiene,G1 Mart Fresh,/products/placeholder.svg,YES,Placeholder image (/products/placeholder.svg),NO,1,,NO,,NO,,,YES,
g1-p0372,OSR Girl,hygiene,Hygiene,G1 Mart Fresh,/products/placeholder.svg,YES,Placeholder image (/products/placeholder.svg),NO,1,,NO,,NO,,,YES,
g1-p0373,Amla OIL,hair-care,Hair Care,Dabur,/products/packshots/parachute-oil.jpg,NO,,YES,22,Shared by 22 products (parachute-oil.jpg),YES,"Image shows Parachute Pure Coconut Hair Oil Blue Bottle ('parachute-oil.jpg'), but product is 'Amla OIL' (Brand: Dabur)",NO,,,NO,
g1-p0374,Meera Shampoo Badam,dry-fruits-cereals,Dry Fruits & Cereals,G1 Mart Fresh,/products/packshots/parachute-oil.jpg,NO,,YES,22,Shared by 22 products (parachute-oil.jpg),YES,"Image shows Parachute Pure Coconut Hair Oil Blue Bottle ('parachute-oil.jpg'), but product is 'Meera Shampoo Badam' (Brand: G1 Mart Fresh)",YES,hair-care,"Personal care placed in Dry Fruits & Cereals by ""almond"" keyword",YES,Meera
g1-p0375,Gokul Powder,soaps-bath,Soaps & Bath,G1 Mart Fresh,/products/placeholder.svg,YES,Placeholder image (/products/placeholder.svg),NO,1,,NO,,NO,,,YES,
g1-p0376,Gokul PDR,hygiene,Hygiene,G1 Mart Fresh,/products/placeholder.svg,YES,Placeholder image (/products/placeholder.svg),NO,1,,NO,,NO,,,YES,
g1-p0377,Sugar 50kgs Bag,sugar-salt-staples,Sugar Salt & Staples,G1 Mart Fresh,/products/placeholder.svg,YES,Placeholder image (/products/placeholder.svg),NO,1,,NO,,NO,,,YES,
g1-p0378,Unibic Danish Coconut,biscuits-bakery,Biscuits & Bakery,Unibic,/products/packshots/unibic-choco-ripple.jpg,NO,,YES,25,Shared by 25 products (unibic-choco-ripple.jpg),YES,"Image shows Unibic Choco Ripple Cookie Pack ('unibic-choco-ripple.jpg'), but product is 'Unibic Danish Coconut' (Brand: Unibic)",NO,,,NO,
g1-p0379,Sugar,sugar-salt-staples,Sugar Salt & Staples,G1 Mart Fresh,/products/placeholder.svg,YES,Placeholder image (/products/placeholder.svg),NO,1,,NO,,NO,,,YES,
g1-p0380,Kandi Pappu (toor Dal) 50kgs Bag,atta-rice-dal,Atta Rice & Dal,G1 Mart Fresh,/products/packshots/toor-dal.jpg,NO,,YES,95,Shared by 95 products (toor-dal.jpg),NO,,NO,,,YES,
g1-p0381,Sai Pappu 50kgs Bag,sugar-salt-staples,Sugar Salt & Staples,G1 Mart Fresh,/products/packshots/toor-dal.jpg,NO,,YES,95,Shared by 95 products (toor-dal.jpg),YES,"Image shows Toor Dal (Yellow Pigeon Peas) ('toor-dal.jpg'), but product is 'Sai Pappu 50kgs Bag' (Brand: G1 Mart Fresh)",NO,,,YES,
g1-p0382,White Urad DAL,atta-rice-dal,Atta Rice & Dal,G1 Mart Fresh,/products/packshots/urad-dal.jpg,NO,,YES,2,Shared by 2 products (urad-dal.jpg),NO,,NO,,,YES,
g1-p0383,White Urad Dal250g,atta-rice-dal,Atta Rice & Dal,G1 Mart Fresh,/products/packshots/urad-dal.jpg,NO,,YES,2,Shared by 2 products (urad-dal.jpg),NO,,NO,,,YES,
g1-p0384,Yendu Kobbari 25kgs Bag,sugar-salt-staples,Sugar Salt & Staples,G1 Mart Fresh,/products/packshots/toor-dal.jpg,NO,,YES,95,Shared by 95 products (toor-dal.jpg),YES,"Image shows Toor Dal (Yellow Pigeon Peas) ('toor-dal.jpg'), but product is 'Yendu Kobbari 25kgs Bag' (Brand: G1 Mart Fresh)",NO,,,YES,
g1-p0385,Yendu Kobbari,sugar-salt-staples,Sugar Salt & Staples,G1 Mart Fresh,/products/packshots/toor-dal.jpg,NO,,YES,95,Shared by 95 products (toor-dal.jpg),YES,"Image shows Toor Dal (Yellow Pigeon Peas) ('toor-dal.jpg'), but product is 'Yendu Kobbari' (Brand: G1 Mart Fresh)",NO,,,YES,
g1-p0386,Pachisenga Pappu 50kgs Bag,sugar-salt-staples,Sugar Salt & Staples,G1 Mart Fresh,/products/packshots/toor-dal.jpg,NO,,YES,95,Shared by 95 products (toor-dal.jpg),YES,"Image shows Toor Dal (Yellow Pigeon Peas) ('toor-dal.jpg'), but product is 'Pachisenga Pappu 50kgs Bag' (Brand: G1 Mart Fresh)",NO,,,YES,
g1-p0387,Pachisenagapappu,atta-rice-dal,Atta Rice & Dal,G1 Mart Fresh,/products/packshots/toor-dal.jpg,NO,,YES,95,Shared by 95 products (toor-dal.jpg),YES,"Image shows Toor Dal (Yellow Pigeon Peas) ('toor-dal.jpg'), but product is 'Pachisenagapappu' (Brand: G1 Mart Fresh)",NO,,,YES,
g1-p0388,Pachisenaga Pappu,sugar-salt-staples,Sugar Salt & Staples,G1 Mart Fresh,/products/packshots/toor-dal.jpg,NO,,YES,95,Shared by 95 products (toor-dal.jpg),YES,"Image shows Toor Dal (Yellow Pigeon Peas) ('toor-dal.jpg'), but product is 'Pachisenaga Pappu' (Brand: G1 Mart Fresh)",NO,,,YES,
g1-p0389,Minapappu 50kgs Bag,sugar-salt-staples,Sugar Salt & Staples,G1 Mart Fresh,/products/packshots/toor-dal.jpg,NO,,YES,95,Shared by 95 products (toor-dal.jpg),YES,"Image shows Toor Dal (Yellow Pigeon Peas) ('toor-dal.jpg'), but product is 'Minapappu 50kgs Bag' (Brand: G1 Mart Fresh)",NO,,,YES,
g1-p0390,Minapappu,sugar-salt-staples,Sugar Salt & Staples,G1 Mart Fresh,/products/packshots/toor-dal.jpg,NO,,YES,95,Shared by 95 products (toor-dal.jpg),YES,"Image shows Toor Dal (Yellow Pigeon Peas) ('toor-dal.jpg'), but product is 'Minapappu' (Brand: G1 Mart Fresh)",NO,,,YES,
g1-p0391,Minapapu,sugar-salt-staples,Sugar Salt & Staples,G1 Mart Fresh,/products/packshots/toor-dal.jpg,NO,,YES,95,Shared by 95 products (toor-dal.jpg),YES,"Image shows Toor Dal (Yellow Pigeon Peas) ('toor-dal.jpg'), but product is 'Minapapu' (Brand: G1 Mart Fresh)",NO,,,YES,
g1-p0392,Verusenaga Pappu 50kgs Bag,sugar-salt-staples,Sugar Salt & Staples,G1 Mart Fresh,/products/packshots/toor-dal.jpg,NO,,YES,95,Shared by 95 products (toor-dal.jpg),YES,"Image shows Toor Dal (Yellow Pigeon Peas) ('toor-dal.jpg'), but product is 'Verusenaga Pappu 50kgs Bag' (Brand: G1 Mart Fresh)",NO,,,YES,
g1-p0393,Verusenaga Pappu,sugar-salt-staples,Sugar Salt & Staples,G1 Mart Fresh,/products/packshots/toor-dal.jpg,NO,,YES,95,Shared by 95 products (toor-dal.jpg),YES,"Image shows Toor Dal (Yellow Pigeon Peas) ('toor-dal.jpg'), but product is 'Verusenaga Pappu' (Brand: G1 Mart Fresh)",NO,,,YES,
g1-p0394,Gokulam Dates,hygiene,Hygiene,G1 Mart Fresh,/products/placeholder.svg,YES,Placeholder image (/products/placeholder.svg),NO,1,,NO,,NO,,,YES,
g1-p0395,India Gate,sugar-salt-staples,Sugar Salt & Staples,G1 Mart Fresh,/products/packshots/toor-dal.jpg,NO,,YES,95,Shared by 95 products (toor-dal.jpg),YES,"Image shows Toor Dal (Yellow Pigeon Peas) ('toor-dal.jpg'), but product is 'India Gate' (Brand: G1 Mart Fresh)",NO,,,YES,
g1-p0396,Jeera (cumin Seeds,oil-ghee-masala,Oil Ghee & Masala,G1 Mart Fresh,/products/packshots/toor-dal.jpg,NO,,YES,95,Shared by 95 products (toor-dal.jpg),YES,"Image shows Toor Dal (Yellow Pigeon Peas) ('toor-dal.jpg'), but product is 'Jeera (cumin Seeds' (Brand: G1 Mart Fresh)",NO,,,YES,
g1-p0397,BAT Papad,chips-namkeen,Chips & Namkeen,G1 Mart Fresh,/products/placeholder.svg,YES,Placeholder image (/products/placeholder.svg),NO,1,,NO,,NO,,,YES,
g1-p0398,Colour Papad,chips-namkeen,Chips & Namkeen,G1 Mart Fresh,/products/placeholder.svg,YES,Placeholder image (/products/placeholder.svg),NO,1,,NO,,NO,,,YES,
g1-p0399,Unibic Waffer,biscuits-bakery,Biscuits & Bakery,Unibic,/products/packshots/unibic-choco-ripple.jpg,NO,,YES,25,Shared by 25 products (unibic-choco-ripple.jpg),YES,"Image shows Unibic Choco Ripple Cookie Pack ('unibic-choco-ripple.jpg'), but product is 'Unibic Waffer' (Brand: Unibic)",NO,,,NO,
g1-p0400,Unibic Orange Splash,biscuits-bakery,Biscuits & Bakery,Unibic,/products/packshots/unibic-choco-ripple.jpg,NO,,YES,25,Shared by 25 products (unibic-choco-ripple.jpg),YES,"Image shows Unibic Choco Ripple Cookie Pack ('unibic-choco-ripple.jpg'), but product is 'Unibic Orange Splash' (Brand: Unibic)",NO,,,NO,
g1-p0401,Salt Mirchi,sugar-salt-staples,Sugar Salt & Staples,G1 Mart Fresh,/products/packshots/aachi-chilli.jpg,NO,,YES,11,Shared by 11 products (aachi-chilli.jpg),YES,"Image shows Aachi Red Chilli Powder Red Packet ('aachi-chilli.jpg'), but product is 'Salt Mirchi' (Brand: G1 Mart Fresh)",NO,,,YES,
g1-p0402,Jaggery,sugar-salt-staples,Sugar Salt & Staples,G1 Mart Fresh,/products/placeholder.svg,YES,Placeholder image (/products/placeholder.svg),NO,1,,NO,,NO,,,YES,
g1-p0403,Tamarind500g,laundry-detergents,Laundry & Detergents,G1 Mart Fresh,/products/placeholder.svg,YES,Placeholder image (/products/placeholder.svg),NO,1,,NO,,NO,,,YES,
g1-p0404,Tamarind250g,laundry-detergents,Laundry & Detergents,G1 Mart Fresh,/products/placeholder.svg,YES,Placeholder image (/products/placeholder.svg),NO,1,,NO,,NO,,,YES,
g1-p0405,RED Lentils,hygiene,Hygiene,G1 Mart Fresh,/products/placeholder.svg,YES,Placeholder image (/products/placeholder.svg),NO,1,,NO,,NO,,,YES,
g1-p0406,Wheat,hygiene,Hygiene,G1 Mart Fresh,/products/placeholder.svg,YES,Placeholder image (/products/placeholder.svg),NO,1,,NO,,NO,,,YES,
g1-p0407,Sorghum500g,hygiene,Hygiene,G1 Mart Fresh,/products/placeholder.svg,YES,Placeholder image (/products/placeholder.svg),NO,1,,NO,,NO,,,YES,
g1-p0408,Mung Bean,hygiene,Hygiene,G1 Mart Fresh,/products/placeholder.svg,YES,Placeholder image (/products/placeholder.svg),NO,1,,NO,,NO,,,YES,
g1-p0409,Finger Millet,hygiene,Hygiene,G1 Mart Fresh,/products/placeholder.svg,YES,Placeholder image (/products/placeholder.svg),NO,1,,NO,,NO,,,YES,
g1-p0410,Unibic Cashew Badam,dry-fruits-cereals,Dry Fruits & Cereals,Unibic,/products/packshots/unibic-choco-ripple.jpg,NO,,YES,25,Shared by 25 products (unibic-choco-ripple.jpg),YES,"Image shows Unibic Choco Ripple Cookie Pack ('unibic-choco-ripple.jpg'), but product is 'Unibic Cashew Badam' (Brand: Unibic)",NO,,,NO,
g1-p0411,Basmati Rice,atta-rice-dal,Atta Rice & Dal,G1 Mart Fresh,/products/packshots/toor-dal.jpg,NO,,YES,95,Shared by 95 products (toor-dal.jpg),YES,"Image shows Toor Dal (Yellow Pigeon Peas) ('toor-dal.jpg'), but product is 'Basmati Rice' (Brand: G1 Mart Fresh)",NO,,,YES,
g1-p0412,Moon DAL,atta-rice-dal,Atta Rice & Dal,G1 Mart Fresh,/products/packshots/toor-dal.jpg,NO,,YES,95,Shared by 95 products (toor-dal.jpg),YES,"Image shows Toor Dal (Yellow Pigeon Peas) ('toor-dal.jpg'), but product is 'Moon DAL' (Brand: G1 Mart Fresh)",NO,,,YES,
g1-p0413,Coriander Seeds,oil-ghee-masala,Oil Ghee & Masala,G1 Mart Fresh,/products/packshots/toor-dal.jpg,NO,,YES,95,Shared by 95 products (toor-dal.jpg),YES,"Image shows Toor Dal (Yellow Pigeon Peas) ('toor-dal.jpg'), but product is 'Coriander Seeds' (Brand: G1 Mart Fresh)",NO,,,YES,
g1-p0414,Coriander,oil-ghee-masala,Oil Ghee & Masala,G1 Mart Fresh,/products/packshots/toor-dal.jpg,NO,,YES,95,Shared by 95 products (toor-dal.jpg),YES,"Image shows Toor Dal (Yellow Pigeon Peas) ('toor-dal.jpg'), but product is 'Coriander' (Brand: G1 Mart Fresh)",NO,,,YES,
g1-p0415,Soya Small,hygiene,Hygiene,G1 Mart Fresh,/products/placeholder.svg,YES,Placeholder image (/products/placeholder.svg),NO,1,,NO,,NO,,,YES,
g1-p0416,Soya BIG,hygiene,Hygiene,G1 Mart Fresh,/products/placeholder.svg,YES,Placeholder image (/products/placeholder.svg),NO,1,,NO,,NO,,,YES,
g1-p0417,Flattened Rice,atta-rice-dal,Atta Rice & Dal,G1 Mart Fresh,/products/packshots/toor-dal.jpg,NO,,YES,95,Shared by 95 products (toor-dal.jpg),YES,"Image shows Toor Dal (Yellow Pigeon Peas) ('toor-dal.jpg'), but product is 'Flattened Rice' (Brand: G1 Mart Fresh)",NO,,,YES,
g1-p0418,Freedom OIL Botel,oil-ghee-masala,Oil Ghee & Masala,Freedom,/products/placeholder.svg,YES,Placeholder image (/products/placeholder.svg),NO,1,,NO,,NO,,,NO,
g1-p0419,Horlicks Biscuits,biscuits-bakery,Biscuits & Bakery,Horlicks,/products/packshots/horlicks.png,NO,,YES,3,Shared by 3 products (horlicks.png),NO,,NO,,,NO,
g1-p0420,Knorr Tomato Soup,vegetables-fruits,Vegetables & Fruits,G1 Mart Fresh,/products/placeholder.svg,YES,Placeholder image (/products/placeholder.svg),NO,1,,NO,,YES,instant-food,"Packaged soup placed in Vegetables & Fruits by ""tomato"" keyword",YES,Knorr
g1-p0421,Horlicks Biscuit Small,biscuits-bakery,Biscuits & Bakery,Horlicks,/products/packshots/horlicks.png,NO,,YES,3,Shared by 3 products (horlicks.png),NO,,NO,,,NO,
g1-p0422,VT Jedipappu,sugar-salt-staples,Sugar Salt & Staples,G1 Mart Fresh,/products/packshots/toor-dal.jpg,NO,,YES,95,Shared by 95 products (toor-dal.jpg),YES,"Image shows Toor Dal (Yellow Pigeon Peas) ('toor-dal.jpg'), but product is 'VT Jedipappu' (Brand: G1 Mart Fresh)",NO,,,YES,
g1-p0423,VT Draksha,sugar-salt-staples,Sugar Salt & Staples,G1 Mart Fresh,/products/packshots/toor-dal.jpg,NO,,YES,95,Shared by 95 products (toor-dal.jpg),YES,"Image shows Toor Dal (Yellow Pigeon Peas) ('toor-dal.jpg'), but product is 'VT Draksha' (Brand: G1 Mart Fresh)",NO,,,YES,
g1-p0424,Clinic Plus Strong&long,instant-food,Instant Food,G1 Mart Fresh,/products/placeholder.svg,YES,Placeholder image (/products/placeholder.svg),NO,1,,NO,,NO,,,YES,Clinic Plus
g1-p0425,Vim 5rs Bar,dishwash,Dishwash,Vim,/products/packshots/vim-bar.jpg,NO,,YES,8,Shared by 8 products (vim-bar.jpg),NO,,NO,,,NO,
g1-p0426,Ashirvad 5kgs Bag,hygiene,Hygiene,G1 Mart Fresh,/products/placeholder.svg,YES,Placeholder image (/products/placeholder.svg),NO,1,,NO,,NO,,,YES,
g1-p0427,Dharani Upma Ravva,atta-rice-dal,Atta Rice & Dal,G1 Mart Fresh,/products/packshots/toor-dal.jpg,NO,,YES,95,Shared by 95 products (toor-dal.jpg),YES,"Image shows Toor Dal (Yellow Pigeon Peas) ('toor-dal.jpg'), but product is 'Dharani Upma Ravva' (Brand: G1 Mart Fresh)",NO,,,YES,
g1-p0428,Lalitha Idly Ravva,atta-rice-dal,Atta Rice & Dal,G1 Mart Fresh,/products/packshots/lalitha-idli-rava.jpg,NO,,NO,1,,NO,,NO,,,YES,
g1-p0429,Vermicilli Payasam Mix,hygiene,Hygiene,G1 Mart Fresh,/products/placeholder.svg,YES,Placeholder image (/products/placeholder.svg),NO,1,,NO,,NO,,,YES,
g1-p0430,Dabour Amla Oil,hair-care,Hair Care,Dabur,/products/packshots/parachute-oil.jpg,NO,,YES,22,Shared by 22 products (parachute-oil.jpg),YES,"Image shows Parachute Pure Coconut Hair Oil Blue Bottle ('parachute-oil.jpg'), but product is 'Dabour Amla Oil' (Brand: Dabur)",NO,,,NO,
g1-p0431,Vt Avalu,sugar-salt-staples,Sugar Salt & Staples,G1 Mart Fresh,/products/packshots/toor-dal.jpg,NO,,YES,95,Shared by 95 products (toor-dal.jpg),YES,"Image shows Toor Dal (Yellow Pigeon Peas) ('toor-dal.jpg'), but product is 'Vt Avalu' (Brand: G1 Mart Fresh)",NO,,,YES,
g1-p0432,Colgate Brush Set Main,oral-care,Oral Care,Colgate,/products/packshots/colgate-toothpaste.jpg,NO,,YES,17,Shared by 17 products (colgate-toothpaste.jpg),NO,,NO,,,NO,
g1-p0433,Sensora Tooth Paste Main,hygiene,Hygiene,G1 Mart Fresh,/products/placeholder.svg,YES,Placeholder image (/products/placeholder.svg),NO,1,,NO,,NO,,,YES,
g1-p0434,Vermicilli Bambino1kg,atta-rice-dal,Atta Rice & Dal,G1 Mart Fresh,/products/packshots/toor-dal.jpg,NO,,YES,95,Shared by 95 products (toor-dal.jpg),YES,"Image shows Toor Dal (Yellow Pigeon Peas) ('toor-dal.jpg'), but product is 'Vermicilli Bambino1kg' (Brand: G1 Mart Fresh)",NO,,,YES,
g1-p0435,Parachute Main,hair-care,Hair Care,Parachute,/products/packshots/parachute-oil.jpg,NO,,YES,22,Shared by 22 products (parachute-oil.jpg),NO,,NO,,,NO,
g1-p0436,Maya Agni Samrani,hygiene,Hygiene,G1 Mart Fresh,/products/placeholder.svg,YES,Placeholder image (/products/placeholder.svg),NO,1,,NO,,NO,,,YES,
g1-p0437,Aashirvaad Vermicelli,atta-rice-dal,Atta Rice & Dal,Aashirvaad,/products/packshots/aashirvaad-atta.jpg,NO,,YES,5,Shared by 5 products (aashirvaad-atta.jpg),YES,"Image shows Aashirvaad Shuddh Chakki Whole Wheat Atta Bag ('aashirvaad-atta.jpg'), but product is 'Aashirvaad Vermicelli' (Brand: Aashirvaad)",NO,,,NO,
g1-p0438,Whisper Choice Xl Main,dairy-bread-eggs,Dairy Bread & Eggs,G1 Mart Fresh,/products/placeholder.svg,YES,Placeholder image (/products/placeholder.svg),NO,1,,NO,,NO,,,YES,Whisper
g1-p0439,Ruchi Gold,sugar-salt-staples,Sugar Salt & Staples,G1 Mart Fresh,/products/packshots/toor-dal.jpg,NO,,YES,95,Shared by 95 products (toor-dal.jpg),YES,"Image shows Toor Dal (Yellow Pigeon Peas) ('toor-dal.jpg'), but product is 'Ruchi Gold' (Brand: G1 Mart Fresh)",NO,,,YES,
g1-p0440,Aashirvaad,atta-rice-dal,Atta Rice & Dal,Aashirvaad,/products/packshots/aashirvaad-atta.jpg,NO,,YES,5,Shared by 5 products (aashirvaad-atta.jpg),YES,"Image shows Aashirvaad Shuddh Chakki Whole Wheat Atta Bag ('aashirvaad-atta.jpg'), but product is 'Aashirvaad' (Brand: Aashirvaad)",NO,,,NO,
g1-p0441,Harpic Blue 600m,floor-surface-cleaners,Floor & Surface Cleaners,Harpic,/products/placeholder.svg,YES,Placeholder image (/products/placeholder.svg),NO,1,,NO,,NO,,,NO,
g1-p0442,Harpic Red,floor-surface-cleaners,Floor & Surface Cleaners,Harpic,/products/placeholder.svg,YES,Placeholder image (/products/placeholder.svg),NO,1,,NO,,NO,,,NO,
g1-p0443,Comfort,laundry-detergents,Laundry & Detergents,G1 Mart Fresh,/products/placeholder.svg,YES,Placeholder image (/products/placeholder.svg),NO,1,,NO,,NO,,,YES,Comfort
g1-p0444,Pepper,oil-ghee-masala,Oil Ghee & Masala,G1 Mart Fresh,/products/packshots/toor-dal.jpg,NO,,YES,95,Shared by 95 products (toor-dal.jpg),YES,"Image shows Toor Dal (Yellow Pigeon Peas) ('toor-dal.jpg'), but product is 'Pepper' (Brand: G1 Mart Fresh)",NO,,,YES,
g1-p0445,Tide,laundry-detergents,Laundry & Detergents,Tide,/products/placeholder.svg,YES,Placeholder image (/products/placeholder.svg),NO,1,,NO,,NO,,,NO,
g1-p0446,Vim,dishwash,Dishwash,Vim,/products/packshots/vim-bar.jpg,NO,,YES,8,Shared by 8 products (vim-bar.jpg),YES,"Image shows Vim Green Dishwash Bar with Lemon ('vim-bar.jpg'), but product is 'Vim' (Brand: Vim)",NO,,,NO,
g1-p0447,Surf Excel Bar,laundry-detergents,Laundry & Detergents,Surf Excel,/products/packshots/surf-excel.jpg,NO,,YES,6,Shared by 6 products (surf-excel.jpg),NO,,NO,,,NO,
g1-p0448,Solo Fresh,hygiene,Hygiene,G1 Mart Fresh,/products/placeholder.svg,YES,Placeholder image (/products/placeholder.svg),NO,1,,NO,,NO,,,YES,
g1-p0449,Eno,hygiene,Hygiene,G1 Mart Fresh,/products/placeholder.svg,YES,Placeholder image (/products/placeholder.svg),NO,1,,NO,,NO,,,YES,
g1-p0450,Cycle Pue Agarbathi,soaps-bath,Soaps & Bath,G1 Mart Fresh,/products/placeholder.svg,YES,Placeholder image (/products/placeholder.svg),NO,1,,NO,,NO,,,YES,Cycle Pure Agarbathies
g1-p0451,Mangaldeep Sambrani,hygiene,Hygiene,G1 Mart Fresh,/products/placeholder.svg,YES,Placeholder image (/products/placeholder.svg),NO,1,,NO,,NO,,,YES,Mangaldeep
g1-p0452,Gopuram,hygiene,Hygiene,G1 Mart Fresh,/products/placeholder.svg,YES,Placeholder image (/products/placeholder.svg),NO,1,,NO,,NO,,,YES,
g1-p0453,Ear Buts,hygiene,Hygiene,G1 Mart Fresh,/products/placeholder.svg,YES,Placeholder image (/products/placeholder.svg),NO,1,,NO,,NO,,,YES,
g1-p0454,Brush,oral-care,Oral Care,G1 Mart Fresh,/products/packshots/bru-instant.jpg,NO,,YES,6,Shared by 6 products (bru-instant.jpg),YES,"Image shows Bru Instant Coffee Glass Jar / Pouch ('bru-instant.jpg'), but product is 'Brush' (Brand: G1 Mart Fresh)",NO,,,YES,
g1-p0455,Mangaldeep Treya,hygiene,Hygiene,G1 Mart Fresh,/products/placeholder.svg,YES,Placeholder image (/products/placeholder.svg),NO,1,,NO,,NO,,,YES,Mangaldeep
g1-p0456,Coconut,hygiene,Hygiene,G1 Mart Fresh,/products/placeholder.svg,YES,Placeholder image (/products/placeholder.svg),NO,1,,NO,,NO,,,YES,
g1-p0457,Aashirvaad Suji Rava,atta-rice-dal,Atta Rice & Dal,Aashirvaad,/products/packshots/aashirvaad-suji-rava.jpg,NO,,YES,2,Shared by 2 products (aashirvaad-suji-rava.jpg),NO,,NO,,,NO,
g1-p0458,Ruchigold,sugar-salt-staples,Sugar Salt & Staples,G1 Mart Fresh,/products/packshots/toor-dal.jpg,NO,,YES,95,Shared by 95 products (toor-dal.jpg),YES,"Image shows Toor Dal (Yellow Pigeon Peas) ('toor-dal.jpg'), but product is 'Ruchigold' (Brand: G1 Mart Fresh)",NO,,,YES,
g1-p0459,Freedom 1LT,oil-ghee-masala,Oil Ghee & Masala,Freedom,/products/placeholder.svg,YES,Placeholder image (/products/placeholder.svg),NO,1,,NO,,NO,,,NO,
g1-p0460,Telagapindi / Telagadalu (sesame Press,oil-ghee-masala,Oil Ghee & Masala,G1 Mart Fresh,/products/placeholder.svg,YES,Placeholder image (/products/placeholder.svg),NO,1,,NO,,NO,,,YES,
g1-p0461,Sensodyne,sugar-salt-staples,Sugar Salt & Staples,G1 Mart Fresh,/products/packshots/toor-dal.jpg,NO,,YES,95,Shared by 95 products (toor-dal.jpg),YES,"Image shows Toor Dal (Yellow Pigeon Peas) ('toor-dal.jpg'), but product is 'Sensodyne' (Brand: G1 Mart Fresh)",NO,,,YES,Sensodyne
g1-p0462,Mangaldeep Samrani Cup 1 Box,hygiene,Hygiene,G1 Mart Fresh,/products/placeholder.svg,YES,Placeholder image (/products/placeholder.svg),NO,1,,NO,,NO,,,YES,Mangaldeep
g1-p0463,3 Roses Te,tea-coffee-milk-drinks,Tea Coffee & Milk Drinks,3 Roses,/products/placeholder.svg,YES,Placeholder image (/products/placeholder.svg),NO,1,,NO,,NO,,,NO,
g1-p0464,ENO Laman BOX 1,hygiene,Hygiene,G1 Mart Fresh,/products/placeholder.svg,YES,Placeholder image (/products/placeholder.svg),NO,1,,NO,,NO,,,YES,
g1-p0465,SS ROD,floor-surface-cleaners,Floor & Surface Cleaners,G1 Mart Fresh,/products/placeholder.svg,YES,Placeholder image (/products/placeholder.svg),NO,1,,NO,,NO,,,YES,
g1-p0466,Gelakara,sugar-salt-staples,Sugar Salt & Staples,G1 Mart Fresh,/products/packshots/toor-dal.jpg,NO,,YES,95,Shared by 95 products (toor-dal.jpg),YES,"Image shows Toor Dal (Yellow Pigeon Peas) ('toor-dal.jpg'), but product is 'Gelakara' (Brand: G1 Mart Fresh)",NO,,,YES,
g1-p0467,Closeup Past,sugar-salt-staples,Sugar Salt & Staples,Close Up,/products/packshots/toor-dal.jpg,NO,,YES,95,Shared by 95 products (toor-dal.jpg),YES,"Image shows Toor Dal (Yellow Pigeon Peas) ('toor-dal.jpg'), but product is 'Closeup Past' (Brand: Close Up)",NO,,,NO,
g1-p0468,SS R B,floor-surface-cleaners,Floor & Surface Cleaners,G1 Mart Fresh,/products/placeholder.svg,YES,Placeholder image (/products/placeholder.svg),NO,1,,NO,,NO,,,YES,
g1-p0469,Supar MOP,floor-surface-cleaners,Floor & Surface Cleaners,G1 Mart Fresh,/products/placeholder.svg,YES,Placeholder image (/products/placeholder.svg),NO,1,,NO,,NO,,,YES,
g1-p0470,Priya Gold1kg,sugar-salt-staples,Sugar Salt & Staples,G1 Mart Fresh,/products/packshots/toor-dal.jpg,NO,,YES,95,Shared by 95 products (toor-dal.jpg),YES,"Image shows Toor Dal (Yellow Pigeon Peas) ('toor-dal.jpg'), but product is 'Priya Gold1kg' (Brand: G1 Mart Fresh)",NO,,,YES,Priya
g1-p0471,Mangaldeep Scent,hygiene,Hygiene,G1 Mart Fresh,/products/placeholder.svg,YES,Placeholder image (/products/placeholder.svg),NO,1,,NO,,NO,,,YES,Mangaldeep
g1-p0472,Unibic Coconut,biscuits-bakery,Biscuits & Bakery,Unibic,/products/packshots/unibic-choco-ripple.jpg,NO,,YES,25,Shared by 25 products (unibic-choco-ripple.jpg),YES,"Image shows Unibic Choco Ripple Cookie Pack ('unibic-choco-ripple.jpg'), but product is 'Unibic Coconut' (Brand: Unibic)",NO,,,NO,
g1-p0473,Mangaldeep Flora,sugar-salt-staples,Sugar Salt & Staples,G1 Mart Fresh,/products/packshots/toor-dal.jpg,NO,,YES,95,Shared by 95 products (toor-dal.jpg),YES,"Image shows Toor Dal (Yellow Pigeon Peas) ('toor-dal.jpg'), but product is 'Mangaldeep Flora' (Brand: G1 Mart Fresh)",NO,,,YES,Mangaldeep
g1-p0474,Mangaladeep Treya,dishwash,Dishwash,G1 Mart Fresh,/products/placeholder.svg,YES,Placeholder image (/products/placeholder.svg),NO,1,,NO,,NO,,,YES,
g1-p0475,Mangaldeep Temple,hygiene,Hygiene,G1 Mart Fresh,/products/placeholder.svg,YES,Placeholder image (/products/placeholder.svg),NO,1,,NO,,NO,,,YES,Mangaldeep
g1-p0476,Mangaldeep Sandel,hygiene,Hygiene,G1 Mart Fresh,/products/placeholder.svg,YES,Placeholder image (/products/placeholder.svg),NO,1,,NO,,NO,,,YES,Mangaldeep
g1-p0477,Mangaldeep Long Lasting,hygiene,Hygiene,G1 Mart Fresh,/products/placeholder.svg,YES,Placeholder image (/products/placeholder.svg),NO,1,,NO,,NO,,,YES,Mangaldeep
g1-p0478,Savlon Handwash,soaps-bath,Soaps & Bath,G1 Mart Fresh,/products/placeholder.svg,YES,Placeholder image (/products/placeholder.svg),NO,1,,NO,,NO,,,YES,
g1-p0479,Savlon Mosture Shield Handwash,soaps-bath,Soaps & Bath,G1 Mart Fresh,/products/placeholder.svg,YES,Placeholder image (/products/placeholder.svg),NO,1,,NO,,NO,,,YES,
g1-p0480,Sompu100g,oil-ghee-masala,Oil Ghee & Masala,G1 Mart Fresh,/products/packshots/toor-dal.jpg,NO,,YES,95,Shared by 95 products (toor-dal.jpg),YES,"Image shows Toor Dal (Yellow Pigeon Peas) ('toor-dal.jpg'), but product is 'Sompu100g' (Brand: G1 Mart Fresh)",NO,,,YES,
g1-p0481,Unibic Oats,dry-fruits-cereals,Dry Fruits & Cereals,Unibic,/products/packshots/unibic-choco-ripple.jpg,NO,,YES,25,Shared by 25 products (unibic-choco-ripple.jpg),YES,"Image shows Unibic Choco Ripple Cookie Pack ('unibic-choco-ripple.jpg'), but product is 'Unibic Oats' (Brand: Unibic)",NO,,,NO,
g1-p0482,Aashirvaad Crystal Salt,atta-rice-dal,Atta Rice & Dal,Aashirvaad,/products/packshots/aashirvaad-atta.jpg,NO,,YES,5,Shared by 5 products (aashirvaad-atta.jpg),YES,"Image shows Aashirvaad Shuddh Chakki Whole Wheat Atta Bag ('aashirvaad-atta.jpg'), but product is 'Aashirvaad Crystal Salt' (Brand: Aashirvaad)",NO,,,NO,
g1-p0483,Wheel 2in1,laundry-detergents,Laundry & Detergents,Wheel,/products/placeholder.svg,YES,Placeholder image (/products/placeholder.svg),NO,1,,NO,,NO,,,NO,
g1-p0484,Arilel Power GEL,hygiene,Hygiene,G1 Mart Fresh,/products/placeholder.svg,YES,Placeholder image (/products/placeholder.svg),NO,1,,NO,,NO,,,YES,
g1-p0485,Ponds Sandl,hygiene,Hygiene,G1 Mart Fresh,/products/placeholder.svg,YES,Placeholder image (/products/placeholder.svg),NO,1,,NO,,NO,,,YES,Pond's
g1-p0486,Kisan Tomota Ketchup,sauces-spreads,Sauces & Spreads,G1 Mart Fresh,/products/placeholder.svg,YES,Placeholder image (/products/placeholder.svg),NO,1,,NO,,NO,,,YES,Kissan
g1-p0487,Comfort Royal,laundry-detergents,Laundry & Detergents,G1 Mart Fresh,/products/placeholder.svg,YES,Placeholder image (/products/placeholder.svg),NO,1,,NO,,NO,,,YES,Comfort
g1-p0488,Unibic Sugar Free Butter,sugar-salt-staples,Sugar Salt & Staples,Unibic,/products/packshots/unibic-choco-ripple.jpg,NO,,YES,25,Shared by 25 products (unibic-choco-ripple.jpg),YES,"Image shows Unibic Choco Ripple Cookie Pack ('unibic-choco-ripple.jpg'), but product is 'Unibic Sugar Free Butter' (Brand: Unibic)",NO,,,NO,
g1-p0489,Surfexel Sope,soaps-bath,Soaps & Bath,G1 Mart Fresh,/products/placeholder.svg,YES,Placeholder image (/products/placeholder.svg),NO,1,,NO,,NO,,,YES,
g1-p0490,Eyarbads,hygiene,Hygiene,G1 Mart Fresh,/products/placeholder.svg,YES,Placeholder image (/products/placeholder.svg),NO,1,,NO,,NO,,,YES,
g1-p0491,Fair Loveli RE NEW,hygiene,Hygiene,G1 Mart Fresh,/products/placeholder.svg,YES,Placeholder image (/products/placeholder.svg),NO,1,,NO,,NO,,,YES,
g1-p0492,Gkl Black Dates,hygiene,Hygiene,G1 Mart Fresh,/products/placeholder.svg,YES,Placeholder image (/products/placeholder.svg),NO,1,,NO,,NO,,,YES,
g1-p0493,GKL Seeded,instant-food,Instant Food,G1 Mart Fresh,/products/placeholder.svg,YES,Placeholder image (/products/placeholder.svg),NO,1,,NO,,NO,,,YES,
g1-p0494,Badam 100gr,dry-fruits-cereals,Dry Fruits & Cereals,G1 Mart Fresh,/products/packshots/toor-dal.jpg,NO,,YES,95,Shared by 95 products (toor-dal.jpg),YES,"Image shows Toor Dal (Yellow Pigeon Peas) ('toor-dal.jpg'), but product is 'Badam 100gr' (Brand: G1 Mart Fresh)",NO,,,YES,
g1-p0495,Kismis,hygiene,Hygiene,G1 Mart Fresh,/products/placeholder.svg,YES,Placeholder image (/products/placeholder.svg),NO,1,,NO,,NO,,,YES,
g1-p0496,Dove Hair Shampoo6ml,soaps-bath,Soaps & Bath,Dove,/products/packshots/dove-soap.jpg,NO,,YES,4,Shared by 4 products (dove-soap.jpg),NO,,NO,,,NO,
g1-p0497,Surf Excel,laundry-detergents,Laundry & Detergents,Surf Excel,/products/packshots/surf-excel.jpg,NO,,YES,6,Shared by 6 products (surf-excel.jpg),NO,,NO,,,NO,
g1-p0498,Unibic Free Multigrain,biscuits-bakery,Biscuits & Bakery,Unibic,/products/packshots/unibic-choco-ripple.jpg,NO,,YES,25,Shared by 25 products (unibic-choco-ripple.jpg),YES,"Image shows Unibic Choco Ripple Cookie Pack ('unibic-choco-ripple.jpg'), but product is 'Unibic Free Multigrain' (Brand: Unibic)",NO,,,NO,
g1-p0499,Ariel Power Gel Top Load&semi Auto,laundry-detergents,Laundry & Detergents,Ariel,/products/placeholder.svg,YES,Placeholder image (/products/placeholder.svg),NO,1,,NO,,NO,,,NO,
g1-p0500,Henko Matic Liquid Top Load 1lt,hygiene,Hygiene,G1 Mart Fresh,/products/placeholder.svg,YES,Placeholder image (/products/placeholder.svg),NO,1,,NO,,NO,,,YES,Henko
g1-p0501,Henk Matic Liquid Front Load 1lt,hygiene,Hygiene,G1 Mart Fresh,/products/placeholder.svg,YES,Placeholder image (/products/placeholder.svg),NO,1,,NO,,NO,,,YES,
g1-p0502,Gopuram Turmeric Powder 50,soaps-bath,Soaps & Bath,G1 Mart Fresh,/products/packshots/turmeric-powder.jpg,NO,,YES,5,Shared by 5 products (turmeric-powder.jpg),NO,,NO,,,YES,
g1-p0503,Gopuram Turmeric Powder,soaps-bath,Soaps & Bath,G1 Mart Fresh,/products/packshots/turmeric-powder.jpg,NO,,YES,5,Shared by 5 products (turmeric-powder.jpg),NO,,NO,,,YES,
g1-p0504,Vivel Sandal Soap,soaps-bath,Soaps & Bath,G1 Mart Fresh,/products/packshots/toor-dal.jpg,NO,,YES,95,Shared by 95 products (toor-dal.jpg),YES,"Image shows Toor Dal (Yellow Pigeon Peas) ('toor-dal.jpg'), but product is 'Vivel Sandal Soap' (Brand: G1 Mart Fresh)",NO,,,YES,
g1-p0505,Vivel Aloe Vera Soap,soaps-bath,Soaps & Bath,G1 Mart Fresh,/products/placeholder.svg,YES,Placeholder image (/products/placeholder.svg),NO,1,,NO,,NO,,,YES,
g1-p0506,Fiama Gel Bar Soap,soaps-bath,Soaps & Bath,G1 Mart Fresh,/products/placeholder.svg,YES,Placeholder image (/products/placeholder.svg),NO,1,,NO,,NO,,,YES,Fiama
g1-p0507,Unibic Free Cashew,dry-fruits-cereals,Dry Fruits & Cereals,Unibic,/products/packshots/unibic-choco-ripple.jpg,NO,,YES,25,Shared by 25 products (unibic-choco-ripple.jpg),YES,"Image shows Unibic Choco Ripple Cookie Pack ('unibic-choco-ripple.jpg'), but product is 'Unibic Free Cashew' (Brand: Unibic)",NO,,,NO,
g1-p0508,Medimix Transparent Soap,soaps-bath,Soaps & Bath,Medimix,/products/packshots/mysore-sandal-soap.png,NO,,YES,4,Shared by 4 products (mysore-sandal-soap.png),YES,"Image shows Mysore Sandal Pure Sandalwood Soap Cutout ('mysore-sandal-soap.png'), but product is 'Medimix Transparent Soap' (Brand: Medimix)",NO,,,NO,
g1-p0509,Medimex Sandal Soap,soaps-bath,Soaps & Bath,G1 Mart Fresh,/products/packshots/toor-dal.jpg,NO,,YES,95,Shared by 95 products (toor-dal.jpg),YES,"Image shows Toor Dal (Yellow Pigeon Peas) ('toor-dal.jpg'), but product is 'Medimex Sandal Soap' (Brand: G1 Mart Fresh)",NO,,,YES,
g1-p0510,Medimex Classic Soap,soaps-bath,Soaps & Bath,G1 Mart Fresh,/products/placeholder.svg,YES,Placeholder image (/products/placeholder.svg),NO,1,,NO,,NO,,,YES,
g1-p0511,Margo Original,hygiene,Hygiene,G1 Mart Fresh,/products/placeholder.svg,YES,Placeholder image (/products/placeholder.svg),NO,1,,NO,,NO,,,YES,Margo
g1-p0512,Medimix Classic,soaps-bath,Soaps & Bath,Medimix,/products/packshots/mysore-sandal-soap.png,NO,,YES,4,Shared by 4 products (mysore-sandal-soap.png),YES,"Image shows Mysore Sandal Pure Sandalwood Soap Cutout ('mysore-sandal-soap.png'), but product is 'Medimix Classic' (Brand: Medimix)",NO,,,NO,
g1-p0513,Pears Pure& Gentle Glow,soaps-bath,Soaps & Bath,Pears,/products/packshots/pears-soap.jpg,NO,,YES,4,Shared by 4 products (pears-soap.jpg),NO,,NO,,,NO,
g1-p0514,Medimix Ayurvedic Classic 18 Herbs Soap,soaps-bath,Soaps & Bath,Medimix,/products/packshots/mysore-sandal-soap.png,NO,,YES,4,Shared by 4 products (mysore-sandal-soap.png),YES,"Image shows Mysore Sandal Pure Sandalwood Soap Cutout ('mysore-sandal-soap.png'), but product is 'Medimix Ayurvedic Classic 18 Herbs Soap' (Brand: Medimix)",NO,,,NO,
g1-p0515,LUX Rose Scent,soaps-bath,Soaps & Bath,Lux,/products/packshots/lux-soap.png,NO,,YES,7,Shared by 7 products (lux-soap.png),NO,,NO,,,NO,
g1-p0516,Margo Neem,hygiene,Hygiene,G1 Mart Fresh,/products/placeholder.svg,YES,Placeholder image (/products/placeholder.svg),NO,1,,NO,,NO,,,YES,Margo
g1-p0517,Pears With Lemon,soaps-bath,Soaps & Bath,Pears,/products/packshots/pears-soap.jpg,NO,,YES,4,Shared by 4 products (pears-soap.jpg),YES,"Image shows Pears Pure & Gentle Amber Glycerin Soap ('pears-soap.jpg'), but product is 'Pears With Lemon' (Brand: Pears)",NO,,,NO,
g1-p0518,Unibic Sugar Free Oatmeal,sugar-salt-staples,Sugar Salt & Staples,Unibic,/products/packshots/unibic-choco-ripple.jpg,NO,,YES,25,Shared by 25 products (unibic-choco-ripple.jpg),YES,"Image shows Unibic Choco Ripple Cookie Pack ('unibic-choco-ripple.jpg'), but product is 'Unibic Sugar Free Oatmeal' (Brand: Unibic)",NO,,,NO,
g1-p0519,Pears With Mint,soaps-bath,Soaps & Bath,Pears,/products/packshots/pears-soap.jpg,NO,,YES,4,Shared by 4 products (pears-soap.jpg),YES,"Image shows Pears Pure & Gentle Amber Glycerin Soap ('pears-soap.jpg'), but product is 'Pears With Mint' (Brand: Pears)",NO,,,NO,
g1-p0520,LUX Sandal Wood,soaps-bath,Soaps & Bath,Lux,/products/packshots/lux-soap.png,NO,,YES,7,Shared by 7 products (lux-soap.png),NO,,NO,,,NO,
g1-p0521,LIX Jasmine,hygiene,Hygiene,G1 Mart Fresh,/products/placeholder.svg,YES,Placeholder image (/products/placeholder.svg),NO,1,,NO,,NO,,,YES,
g1-p0522,LUX Rose & Vitamin E Glowing Skin Soap,soaps-bath,Soaps & Bath,Lux,/products/packshots/lux-soap.png,NO,,YES,7,Shared by 7 products (lux-soap.png),NO,,NO,,,NO,
g1-p0523,VIM JEL,dishwash,Dishwash,Vim,/products/packshots/vim-bar.jpg,NO,,YES,8,Shared by 8 products (vim-bar.jpg),YES,"Image shows Vim Green Dishwash Bar with Lemon ('vim-bar.jpg'), but product is 'VIM JEL' (Brand: Vim)",NO,,,NO,
g1-p0524,LUX Jasminr Mega Pack,soaps-bath,Soaps & Bath,Lux,/products/packshots/lux-soap.png,NO,,YES,7,Shared by 7 products (lux-soap.png),NO,,NO,,,NO,
g1-p0525,LUX Rose Mega Pack,soaps-bath,Soaps & Bath,Lux,/products/packshots/lux-soap.png,NO,,YES,7,Shared by 7 products (lux-soap.png),NO,,NO,,,NO,
g1-p0526,Colgate Salt,oral-care,Oral Care,Colgate,/products/packshots/colgate-toothpaste.jpg,NO,,YES,17,Shared by 17 products (colgate-toothpaste.jpg),NO,,NO,,,NO,
g1-p0527,BRU Tripti Blend,tea-coffee-milk-drinks,Tea Coffee & Milk Drinks,Bru,/products/packshots/bru-instant.png,NO,,YES,6,Shared by 6 products (bru-instant.png),YES,"Image shows Bru Instant Coffee Cutout ('bru-instant.png'), but product is 'BRU Tripti Blend' (Brand: Bru)",NO,,,NO,
g1-p0528,LIA 3in1,hygiene,Hygiene,G1 Mart Fresh,/products/placeholder.svg,YES,Placeholder image (/products/placeholder.svg),NO,1,,NO,,NO,,,YES,
g1-p0529,Loban Sambrani 20rs,hygiene,Hygiene,G1 Mart Fresh,/products/placeholder.svg,YES,Placeholder image (/products/placeholder.svg),NO,1,,NO,,NO,,,YES,
g1-p0530,Murali Vathulu Main,hygiene,Hygiene,G1 Mart Fresh,/products/placeholder.svg,YES,Placeholder image (/products/placeholder.svg),NO,1,,NO,,NO,,,YES,
g1-p0531,E Butes,hygiene,Hygiene,G1 Mart Fresh,/products/placeholder.svg,YES,Placeholder image (/products/placeholder.svg),NO,1,,NO,,NO,,,YES,
g1-p0532,Parachuteb,hair-care,Hair Care,G1 Mart Fresh,/products/packshots/parachute-oil.jpg,NO,,YES,22,Shared by 22 products (parachute-oil.jpg),YES,"Image shows Parachute Pure Coconut Hair Oil Blue Bottle ('parachute-oil.jpg'), but product is 'Parachuteb' (Brand: G1 Mart Fresh)",NO,,,YES,
g1-p0533,Dove Soap,soaps-bath,Soaps & Bath,Dove,/products/packshots/dove-soap.jpg,NO,,YES,4,Shared by 4 products (dove-soap.jpg),NO,,NO,,,NO,
g1-p0534,Colgate,oral-care,Oral Care,Colgate,/products/packshots/colgate-toothpaste.jpg,NO,,YES,17,Shared by 17 products (colgate-toothpaste.jpg),NO,,NO,,,NO,
g1-p0535,Biscott,instant-food,Instant Food,G1 Mart Fresh,/products/placeholder.svg,YES,Placeholder image (/products/placeholder.svg),NO,1,,NO,,NO,,,YES,
g1-p0536,Korean Ramen,hygiene,Hygiene,G1 Mart Fresh,/products/placeholder.svg,YES,Placeholder image (/products/placeholder.svg),NO,1,,NO,,NO,,,YES,
g1-p0537,5 Much,instant-food,Instant Food,G1 Mart Fresh,/products/placeholder.svg,YES,Placeholder image (/products/placeholder.svg),NO,1,,NO,,NO,,,YES,
g1-p0538,Pooja Powder,soaps-bath,Soaps & Bath,G1 Mart Fresh,/products/packshots/pooja-agarbatti.jpg,NO,,YES,7,Shared by 7 products (pooja-agarbatti.jpg),YES,"Image shows Pooja Agarbatti Incense Sticks ('pooja-agarbatti.jpg'), but product is 'Pooja Powder' (Brand: G1 Mart Fresh)",NO,,,YES,
g1-p0539,Jeera100g,oil-ghee-masala,Oil Ghee & Masala,G1 Mart Fresh,/products/packshots/toor-dal.jpg,NO,,YES,95,Shared by 95 products (toor-dal.jpg),YES,"Image shows Toor Dal (Yellow Pigeon Peas) ('toor-dal.jpg'), but product is 'Jeera100g' (Brand: G1 Mart Fresh)",NO,,,YES,
g1-p0540,Kasturi Appalam / Papad,chips-namkeen,Chips & Namkeen,G1 Mart Fresh,/products/placeholder.svg,YES,Placeholder image (/products/placeholder.svg),NO,1,,NO,,NO,,,YES,
g1-p0541,Aachi Appalam / Papad,oil-ghee-masala,Oil Ghee & Masala,Aachi,/products/packshots/toor-dal.jpg,NO,,YES,95,Shared by 95 products (toor-dal.jpg),YES,"Image shows Toor Dal (Yellow Pigeon Peas) ('toor-dal.jpg'), but product is 'Aachi Appalam / Papad' (Brand: Aachi)",NO,,,NO,
g1-p0542,SRI Papads,chips-namkeen,Chips & Namkeen,G1 Mart Fresh,/products/placeholder.svg,YES,Placeholder image (/products/placeholder.svg),NO,1,,NO,,NO,,,YES,
g1-p0543,Mysore Sandal Pure Sandalwood Soap,soaps-bath,Soaps & Bath,Mysore Sandal,/products/packshots/mysore-sandal-soap.png,NO,,YES,4,Shared by 4 products (mysore-sandal-soap.png),NO,,NO,,,NO,
g1-p0544,Closeup,hygiene,Hygiene,Close Up,/products/placeholder.svg,YES,Placeholder image (/products/placeholder.svg),NO,1,,NO,,NO,,,NO,
g1-p0545,Unibic Cheese Wafer,biscuits-bakery,Biscuits & Bakery,Unibic,/products/packshots/unibic-choco-ripple.jpg,NO,,YES,25,Shared by 25 products (unibic-choco-ripple.jpg),YES,"Image shows Unibic Choco Ripple Cookie Pack ('unibic-choco-ripple.jpg'), but product is 'Unibic Cheese Wafer' (Brand: Unibic)",NO,,,NO,
g1-p0546,Pepsodent GUM Care,oral-care,Oral Care,Pepsodent,/products/placeholder.svg,YES,Placeholder image (/products/placeholder.svg),NO,1,,NO,,NO,,,NO,
g1-p0547,Pepsodent 12hr Germi Check,oral-care,Oral Care,Pepsodent,/products/placeholder.svg,YES,Placeholder image (/products/placeholder.svg),NO,1,,NO,,NO,,,NO,
g1-p0548,Pepsodent 2in1,oral-care,Oral Care,Pepsodent,/products/placeholder.svg,YES,Placeholder image (/products/placeholder.svg),NO,1,,NO,,NO,,,NO,
g1-p0549,Pepsodent,oral-care,Oral Care,Pepsodent,/products/placeholder.svg,YES,Placeholder image (/products/placeholder.svg),NO,1,,NO,,NO,,,NO,
g1-p0550,Unibic Straberry Wafer,biscuits-bakery,Biscuits & Bakery,Unibic,/products/packshots/unibic-choco-ripple.jpg,NO,,YES,25,Shared by 25 products (unibic-choco-ripple.jpg),YES,"Image shows Unibic Choco Ripple Cookie Pack ('unibic-choco-ripple.jpg'), but product is 'Unibic Straberry Wafer' (Brand: Unibic)",NO,,,NO,
g1-p0551,Colgate Strong Teeth,oral-care,Oral Care,Colgate,/products/packshots/colgate-toothpaste.jpg,NO,,YES,17,Shared by 17 products (colgate-toothpaste.jpg),NO,,NO,,,NO,
g1-p0552,Colgate Axfresh,oral-care,Oral Care,Colgate,/products/packshots/colgate-toothpaste.jpg,NO,,YES,17,Shared by 17 products (colgate-toothpaste.jpg),NO,,NO,,,NO,
g1-p0553,Colgate Vedshaikti,oral-care,Oral Care,Colgate,/products/packshots/colgate-toothpaste.jpg,NO,,YES,17,Shared by 17 products (colgate-toothpaste.jpg),NO,,NO,,,NO,
g1-p0554,Colgate Maxfresh,oral-care,Oral Care,Colgate,/products/packshots/colgate-toothpaste.jpg,NO,,YES,17,Shared by 17 products (colgate-toothpaste.jpg),NO,,NO,,,NO,
g1-p0555,Unibic Chocolate Wafer,biscuits-bakery,Biscuits & Bakery,Unibic,/products/packshots/unibic-choco-ripple.jpg,NO,,YES,25,Shared by 25 products (unibic-choco-ripple.jpg),YES,"Image shows Unibic Choco Ripple Cookie Pack ('unibic-choco-ripple.jpg'), but product is 'Unibic Chocolate Wafer' (Brand: Unibic)",NO,,,NO,
g1-p0556,Pepsodent Clove Salt,oral-care,Oral Care,Pepsodent,/products/placeholder.svg,YES,Placeholder image (/products/placeholder.svg),NO,1,,NO,,NO,,,NO,
g1-p0557,Rin Soap,soaps-bath,Soaps & Bath,Rin,/products/placeholder.svg,YES,Placeholder image (/products/placeholder.svg),NO,1,,NO,,NO,,,NO,
g1-p0558,Exo 5,dishwash,Dishwash,Exo,/products/placeholder.svg,YES,Placeholder image (/products/placeholder.svg),NO,1,,NO,,NO,,,NO,
g1-p0559,Exo 10,dishwash,Dishwash,Exo,/products/placeholder.svg,YES,Placeholder image (/products/placeholder.svg),NO,1,,NO,,NO,,,NO,
g1-p0560,Vim Soap,soaps-bath,Soaps & Bath,Vim,/products/packshots/vim-bar.jpg,NO,,YES,8,Shared by 8 products (vim-bar.jpg),NO,,NO,,,NO,
g1-p0561,Exo Soap,soaps-bath,Soaps & Bath,Exo,/products/placeholder.svg,YES,Placeholder image (/products/placeholder.svg),NO,1,,NO,,NO,,,NO,
g1-p0562,Comfort Morning Fresh,laundry-detergents,Laundry & Detergents,G1 Mart Fresh,/products/placeholder.svg,YES,Placeholder image (/products/placeholder.svg),NO,1,,NO,,NO,,,YES,Comfort
g1-p0563,Comfort Moring Fresh,laundry-detergents,Laundry & Detergents,G1 Mart Fresh,/products/placeholder.svg,YES,Placeholder image (/products/placeholder.svg),NO,1,,NO,,NO,,,YES,Comfort
g1-p0564,Comfort Royale 210,laundry-detergents,Laundry & Detergents,G1 Mart Fresh,/products/placeholder.svg,YES,Placeholder image (/products/placeholder.svg),NO,1,,NO,,NO,,,YES,Comfort
g1-p0565,Comfort Desire,laundry-detergents,Laundry & Detergents,G1 Mart Fresh,/products/placeholder.svg,YES,Placeholder image (/products/placeholder.svg),NO,1,,NO,,NO,,,YES,Comfort
g1-p0566,Ujala Young&fresh Aura,hygiene,Hygiene,G1 Mart Fresh,/products/placeholder.svg,YES,Placeholder image (/products/placeholder.svg),NO,1,,NO,,NO,,,YES,Ujala
g1-p0567,Ujala Young&fresh Bliss,hygiene,Hygiene,G1 Mart Fresh,/products/placeholder.svg,YES,Placeholder image (/products/placeholder.svg),NO,1,,NO,,NO,,,YES,Ujala
g1-p0568,Hr Soya Sticks,instant-food,Instant Food,G1 Mart Fresh,/products/placeholder.svg,YES,Placeholder image (/products/placeholder.svg),NO,1,,NO,,NO,,,YES,
g1-p0569,HR Chekaralu,hygiene,Hygiene,G1 Mart Fresh,/products/placeholder.svg,YES,Placeholder image (/products/placeholder.svg),NO,1,,NO,,NO,,,YES,
g1-p0570,HR Moong DAL,atta-rice-dal,Atta Rice & Dal,G1 Mart Fresh,/products/packshots/toor-dal.jpg,NO,,YES,95,Shared by 95 products (toor-dal.jpg),YES,"Image shows Toor Dal (Yellow Pigeon Peas) ('toor-dal.jpg'), but product is 'HR Moong DAL' (Brand: G1 Mart Fresh)",NO,,,YES,
g1-p0571,HR Chocolate Soan Papdi,sweets-chocolates,Sweets & Chocolates,G1 Mart Fresh,/products/placeholder.svg,YES,Placeholder image (/products/placeholder.svg),NO,1,,NO,,NO,,,YES,
g1-p0572,HR Masala Peanuts,oil-ghee-masala,Oil Ghee & Masala,G1 Mart Fresh,/products/packshots/toor-dal.jpg,NO,,YES,95,Shared by 95 products (toor-dal.jpg),YES,"Image shows Toor Dal (Yellow Pigeon Peas) ('toor-dal.jpg'), but product is 'HR Masala Peanuts' (Brand: G1 Mart Fresh)",NO,,,YES,
g1-p0573,Unibic Rich Chocolate Wafer,biscuits-bakery,Biscuits & Bakery,Unibic,/products/packshots/unibic-choco-ripple.jpg,NO,,YES,25,Shared by 25 products (unibic-choco-ripple.jpg),YES,"Image shows Unibic Choco Ripple Cookie Pack ('unibic-choco-ripple.jpg'), but product is 'Unibic Rich Chocolate Wafer' (Brand: Unibic)",NO,,,NO,
g1-p0574,HR Navratan MIX,instant-food,Instant Food,G1 Mart Fresh,/products/placeholder.svg,YES,Placeholder image (/products/placeholder.svg),NO,1,,NO,,NO,,,YES,
g1-p0575,HR Soya Chips,chips-namkeen,Chips & Namkeen,G1 Mart Fresh,/products/placeholder.svg,YES,Placeholder image (/products/placeholder.svg),NO,1,,NO,,NO,,,YES,
g1-p0576,HR Corn Flakes Mixture,dry-fruits-cereals,Dry Fruits & Cereals,G1 Mart Fresh,/products/placeholder.svg,YES,Placeholder image (/products/placeholder.svg),NO,1,,NO,,NO,,,YES,
g1-p0577,HR Khatta Meetha,atta-rice-dal,Atta Rice & Dal,G1 Mart Fresh,/products/packshots/haldiram-khatta-meetha.jpg,NO,,NO,1,,NO,,NO,,,YES,
g1-p0578,HR Salted Peanuts,atta-rice-dal,Atta Rice & Dal,G1 Mart Fresh,/products/packshots/toor-dal.jpg,NO,,YES,95,Shared by 95 products (toor-dal.jpg),YES,"Image shows Toor Dal (Yellow Pigeon Peas) ('toor-dal.jpg'), but product is 'HR Salted Peanuts' (Brand: G1 Mart Fresh)",NO,,,YES,
g1-p0579,HR Mixture,instant-food,Instant Food,G1 Mart Fresh,/products/placeholder.svg,YES,Placeholder image (/products/placeholder.svg),NO,1,,NO,,NO,,,YES,
g1-p0580,HR Tasty Nuts,instant-food,Instant Food,G1 Mart Fresh,/products/placeholder.svg,YES,Placeholder image (/products/placeholder.svg),NO,1,,NO,,NO,,,YES,
g1-p0581,Jeedi Pappu,sugar-salt-staples,Sugar Salt & Staples,G1 Mart Fresh,/products/packshots/toor-dal.jpg,NO,,YES,95,Shared by 95 products (toor-dal.jpg),YES,"Image shows Toor Dal (Yellow Pigeon Peas) ('toor-dal.jpg'), but product is 'Jeedi Pappu' (Brand: G1 Mart Fresh)",NO,,,YES,
g1-p0582,Unibic Milky Biscot,biscuits-bakery,Biscuits & Bakery,Unibic,/products/packshots/unibic-choco-ripple.jpg,NO,,YES,25,Shared by 25 products (unibic-choco-ripple.jpg),YES,"Image shows Unibic Choco Ripple Cookie Pack ('unibic-choco-ripple.jpg'), but product is 'Unibic Milky Biscot' (Brand: Unibic)",NO,,,NO,
g1-p0583,Badam,dry-fruits-cereals,Dry Fruits & Cereals,G1 Mart Fresh,/products/packshots/toor-dal.jpg,NO,,YES,95,Shared by 95 products (toor-dal.jpg),YES,"Image shows Toor Dal (Yellow Pigeon Peas) ('toor-dal.jpg'), but product is 'Badam' (Brand: G1 Mart Fresh)",NO,,,YES,
g1-p0584,Kismis,sugar-salt-staples,Sugar Salt & Staples,G1 Mart Fresh,/products/packshots/toor-dal.jpg,NO,,YES,95,Shared by 95 products (toor-dal.jpg),YES,"Image shows Toor Dal (Yellow Pigeon Peas) ('toor-dal.jpg'), but product is 'Kismis' (Brand: G1 Mart Fresh)",NO,,,YES,
g1-p0585,BRU Instant,tea-coffee-milk-drinks,Tea Coffee & Milk Drinks,Bru,/products/packshots/bru-instant.png,NO,,YES,6,Shared by 6 products (bru-instant.png),NO,,NO,,,NO,
g1-p0586,Surya Deva,hygiene,Hygiene,G1 Mart Fresh,/products/placeholder.svg,YES,Placeholder image (/products/placeholder.svg),NO,1,,NO,,NO,,,YES,
g1-p0587,Elaichi,sugar-salt-staples,Sugar Salt & Staples,G1 Mart Fresh,/products/packshots/toor-dal.jpg,NO,,YES,95,Shared by 95 products (toor-dal.jpg),YES,"Image shows Toor Dal (Yellow Pigeon Peas) ('toor-dal.jpg'), but product is 'Elaichi' (Brand: G1 Mart Fresh)",NO,,,YES,
g1-p0588,Parachute Advansed,hair-care,Hair Care,Parachute,/products/packshots/parachute-oil.jpg,NO,,YES,22,Shared by 22 products (parachute-oil.jpg),NO,,NO,,,NO,
g1-p0589,More Light 5lt,hygiene,Hygiene,G1 Mart Fresh,/products/placeholder.svg,YES,Placeholder image (/products/placeholder.svg),NO,1,,NO,,NO,,,YES,
g1-p0590,Ajay Brush,oral-care,Oral Care,G1 Mart Fresh,/products/packshots/bru-instant.jpg,NO,,YES,6,Shared by 6 products (bru-instant.jpg),YES,"Image shows Bru Instant Coffee Glass Jar / Pouch ('bru-instant.jpg'), but product is 'Ajay Brush' (Brand: G1 Mart Fresh)",NO,,,YES,
g1-p0591,Colgate Toothbrush,oral-care,Oral Care,Colgate,/products/packshots/colgate-toothpaste.jpg,NO,,YES,17,Shared by 17 products (colgate-toothpaste.jpg),NO,,NO,,,NO,
g1-p0592,Avalu,sugar-salt-staples,Sugar Salt & Staples,G1 Mart Fresh,/products/packshots/toor-dal.jpg,NO,,YES,95,Shared by 95 products (toor-dal.jpg),YES,"Image shows Toor Dal (Yellow Pigeon Peas) ('toor-dal.jpg'), but product is 'Avalu' (Brand: G1 Mart Fresh)",NO,,,YES,
g1-p0593,Avalu50g,sugar-salt-staples,Sugar Salt & Staples,G1 Mart Fresh,/products/packshots/toor-dal.jpg,NO,,YES,95,Shared by 95 products (toor-dal.jpg),YES,"Image shows Toor Dal (Yellow Pigeon Peas) ('toor-dal.jpg'), but product is 'Avalu50g' (Brand: G1 Mart Fresh)",NO,,,YES,
g1-p0594,Gilakara,sugar-salt-staples,Sugar Salt & Staples,G1 Mart Fresh,/products/packshots/toor-dal.jpg,NO,,YES,95,Shared by 95 products (toor-dal.jpg),YES,"Image shows Toor Dal (Yellow Pigeon Peas) ('toor-dal.jpg'), but product is 'Gilakara' (Brand: G1 Mart Fresh)",NO,,,YES,
g1-p0595,RED Labul Natural,hygiene,Hygiene,G1 Mart Fresh,/products/placeholder.svg,YES,Placeholder image (/products/placeholder.svg),NO,1,,NO,,NO,,,YES,
g1-p0596,Gokul Santol,hygiene,Hygiene,G1 Mart Fresh,/products/placeholder.svg,YES,Placeholder image (/products/placeholder.svg),NO,1,,NO,,NO,,,YES,
g1-p0597,Kisan Mixed Fuuit,hygiene,Hygiene,G1 Mart Fresh,/products/placeholder.svg,YES,Placeholder image (/products/placeholder.svg),NO,1,,NO,,NO,,,YES,Kissan
g1-p0598,Milkybar,dairy-bread-eggs,Dairy Bread & Eggs,G1 Mart Fresh,/products/placeholder.svg,YES,Placeholder image (/products/placeholder.svg),NO,1,,NO,,NO,,,YES,Nestle
g1-p0599,Yippee Noodles Magic Masala,oil-ghee-masala,Oil Ghee & Masala,G1 Mart Fresh,/products/placeholder.svg,YES,Placeholder image (/products/placeholder.svg),NO,1,,NO,,NO,,,YES,Sunfeast Yippee
g1-p0600,Lipton TEA,tea-coffee-milk-drinks,Tea Coffee & Milk Drinks,G1 Mart Fresh,/products/placeholder.svg,YES,Placeholder image (/products/placeholder.svg),NO,1,,NO,,NO,,,YES,Brooke Bond
g1-p0601,LGV,hygiene,Hygiene,G1 Mart Fresh,/products/placeholder.svg,YES,Placeholder image (/products/placeholder.svg),NO,1,,NO,,NO,,,YES,
g1-p0602,Ponds Bricht Miracle,hygiene,Hygiene,G1 Mart Fresh,/products/placeholder.svg,YES,Placeholder image (/products/placeholder.svg),NO,1,,NO,,NO,,,YES,Pond's
g1-p0603,Boost,drinks-juices,Drinks & Juices,Boost,/products/packshots/frooti.jpg,NO,,YES,16,Shared by 16 products (frooti.jpg),YES,"Image shows Frooti Mango Drink Yellow Tetra/Bottle ('frooti.jpg'), but product is 'Boost' (Brand: Boost)",NO,,,NO,
g1-p0604,Malkist,hygiene,Hygiene,G1 Mart Fresh,/products/placeholder.svg,YES,Placeholder image (/products/placeholder.svg),NO,1,,NO,,NO,,,YES,
g1-p0605,Ponds,hygiene,Hygiene,G1 Mart Fresh,/products/placeholder.svg,YES,Placeholder image (/products/placeholder.svg),NO,1,,NO,,NO,,,YES,Pond's
g1-p0606,Dettal,hygiene,Hygiene,G1 Mart Fresh,/products/placeholder.svg,YES,Placeholder image (/products/placeholder.svg),NO,1,,NO,,NO,,,YES,
g1-p0607,3roses Natural Care,hygiene,Hygiene,3 Roses,/products/placeholder.svg,YES,Placeholder image (/products/placeholder.svg),NO,1,,NO,,NO,,,NO,
g1-p0608,Induleka Shapoo,hygiene,Hygiene,G1 Mart Fresh,/products/placeholder.svg,YES,Placeholder image (/products/placeholder.svg),NO,1,,NO,,NO,,,YES,
g1-p0609,BRU Instent JAR,tea-coffee-milk-drinks,Tea Coffee & Milk Drinks,Bru,/products/packshots/bru-instant.png,NO,,YES,6,Shared by 6 products (bru-instant.png),YES,"Image shows Bru Instant Coffee Cutout ('bru-instant.png'), but product is 'BRU Instent JAR' (Brand: Bru)",NO,,,NO,
g1-p0610,Lolipop,instant-food,Instant Food,G1 Mart Fresh,/products/placeholder.svg,YES,Placeholder image (/products/placeholder.svg),NO,1,,NO,,NO,,,YES,
g1-p0611,Ariyal500g,hygiene,Hygiene,G1 Mart Fresh,/products/placeholder.svg,YES,Placeholder image (/products/placeholder.svg),NO,1,,NO,,NO,,,YES,
g1-p0612,Newmake Bras,floor-surface-cleaners,Floor & Surface Cleaners,G1 Mart Fresh,/products/placeholder.svg,YES,Placeholder image (/products/placeholder.svg),NO,1,,NO,,NO,,,YES,
g1-p0613,SWD Spicy Nuts,instant-food,Instant Food,G1 Mart Fresh,/products/placeholder.svg,YES,Placeholder image (/products/placeholder.svg),NO,1,,NO,,NO,,,YES,
g1-p0614,Ujala,floor-surface-cleaners,Floor & Surface Cleaners,G1 Mart Fresh,/products/placeholder.svg,YES,Placeholder image (/products/placeholder.svg),NO,1,,NO,,NO,,,YES,Ujala
g1-p0615,Santoor Sandal & Turmeric Bath Soap,soaps-bath,Soaps & Bath,Santoor,/products/packshots/santoor-soap.png,NO,,YES,2,Shared by 2 products (santoor-soap.png),NO,,NO,,,NO,
g1-p0616,Starfree XL,hygiene,Hygiene,G1 Mart Fresh,/products/placeholder.svg,YES,Placeholder image (/products/placeholder.svg),NO,1,,NO,,NO,,,YES,
g1-p0617,Sunsilk,floor-surface-cleaners,Floor & Surface Cleaners,G1 Mart Fresh,/products/placeholder.svg,YES,Placeholder image (/products/placeholder.svg),NO,1,,NO,,NO,,,YES,Sunsilk
g1-p0618,Swastik CUT Mango Pikel200g,instant-food,Instant Food,G1 Mart Fresh,/products/placeholder.svg,YES,Placeholder image (/products/placeholder.svg),NO,1,,NO,,NO,,,YES,Swastik
g1-p0619,JS Oils,oil-ghee-masala,Oil Ghee & Masala,G1 Mart Fresh,/products/placeholder.svg,YES,Placeholder image (/products/placeholder.svg),NO,1,,NO,,NO,,,YES,
g1-p0620,Lotte Choco PIE,instant-food,Instant Food,G1 Mart Fresh,/products/placeholder.svg,YES,Placeholder image (/products/placeholder.svg),NO,1,,NO,,NO,,,YES,Lotte Coffy Bite
g1-p0621,Santoor Small SET,soaps-bath,Soaps & Bath,Santoor,/products/packshots/santoor-soap.jpg,NO,,YES,7,Shared by 7 products (santoor-soap.jpg),NO,,NO,,,NO,
g1-p0622,Santoor Fresh Skin,skin-care,Skin Care,Santoor,/products/packshots/santoor-soap.jpg,NO,,YES,7,Shared by 7 products (santoor-soap.jpg),NO,,NO,,,NO,
g1-p0623,SWD Garlic Mixtur,instant-food,Instant Food,G1 Mart Fresh,/products/placeholder.svg,YES,Placeholder image (/products/placeholder.svg),NO,1,,NO,,NO,,,YES,
g1-p0624,Softouch 860+,floor-surface-cleaners,Floor & Surface Cleaners,G1 Mart Fresh,/products/placeholder.svg,YES,Placeholder image (/products/placeholder.svg),NO,1,,NO,,NO,,,YES,
g1-p0625,Softouch Liquid Blue,floor-surface-cleaners,Floor & Surface Cleaners,G1 Mart Fresh,/products/placeholder.svg,YES,Placeholder image (/products/placeholder.svg),NO,1,,NO,,NO,,,YES,
g1-p0626,Softouch Black,floor-surface-cleaners,Floor & Surface Cleaners,G1 Mart Fresh,/products/placeholder.svg,YES,Placeholder image (/products/placeholder.svg),NO,1,,NO,,NO,,,YES,
g1-p0627,Lotte Choco PIE BOX,instant-food,Instant Food,G1 Mart Fresh,/products/placeholder.svg,YES,Placeholder image (/products/placeholder.svg),NO,1,,NO,,NO,,,YES,Lotte Coffy Bite
g1-p0628,Meera Shampoo Onion,vegetables-fruits,Vegetables & Fruits,G1 Mart Fresh,/products/packshots/parachute-oil.jpg,NO,,YES,22,Shared by 22 products (parachute-oil.jpg),YES,"Image shows Parachute Pure Coconut Hair Oil Blue Bottle ('parachute-oil.jpg'), but product is 'Meera Shampoo Onion' (Brand: G1 Mart Fresh)",YES,hair-care,"Shampoo item placed in Vegetables & Fruits by ""onion"" keyword",YES,Meera
g1-p0629,Meera Onion Shampoo,vegetables-fruits,Vegetables & Fruits,G1 Mart Fresh,/products/packshots/parachute-oil.jpg,NO,,YES,22,Shared by 22 products (parachute-oil.jpg),YES,"Image shows Parachute Pure Coconut Hair Oil Blue Bottle ('parachute-oil.jpg'), but product is 'Meera Onion Shampoo' (Brand: G1 Mart Fresh)",YES,hair-care,"Shampoo item placed in Vegetables & Fruits by ""onion"" keyword",YES,Meera
g1-p0630,Karthika Shampoo,hair-care,Hair Care,G1 Mart Fresh,/products/packshots/parachute-oil.jpg,NO,,YES,22,Shared by 22 products (parachute-oil.jpg),YES,"Image shows Parachute Pure Coconut Hair Oil Blue Bottle ('parachute-oil.jpg'), but product is 'Karthika Shampoo' (Brand: G1 Mart Fresh)",NO,,,YES,
g1-p0631,Spinz Bbcream15g,soaps-bath,Soaps & Bath,G1 Mart Fresh,/products/placeholder.svg,YES,Placeholder image (/products/placeholder.svg),NO,1,,NO,,NO,,,YES,
g1-p0632,Spinz BB Face Powder,soaps-bath,Soaps & Bath,G1 Mart Fresh,/products/placeholder.svg,YES,Placeholder image (/products/placeholder.svg),NO,1,,NO,,NO,,,YES,
g1-p0633,ALL IN ONE,instant-food,Instant Food,G1 Mart Fresh,/products/placeholder.svg,YES,Placeholder image (/products/placeholder.svg),NO,1,,NO,,NO,,,YES,
g1-p0634,GRB Ghee50ml,oil-ghee-masala,Oil Ghee & Masala,G1 Mart Fresh,/products/placeholder.svg,YES,Placeholder image (/products/placeholder.svg),NO,1,,NO,,NO,,,YES,GRB
g1-p0635,GRB Ghee,oil-ghee-masala,Oil Ghee & Masala,G1 Mart Fresh,/products/placeholder.svg,YES,Placeholder image (/products/placeholder.svg),NO,1,,NO,,NO,,,YES,GRB
g1-p0636,Spinz Bbpowder20g,soaps-bath,Soaps & Bath,G1 Mart Fresh,/products/placeholder.svg,YES,Placeholder image (/products/placeholder.svg),NO,1,,NO,,NO,,,YES,
g1-p0637,Santoor Pack,soaps-bath,Soaps & Bath,Santoor,/products/packshots/santoor-soap.jpg,NO,,YES,7,Shared by 7 products (santoor-soap.jpg),NO,,NO,,,NO,
g1-p0638,Wipro Balpu,hygiene,Hygiene,G1 Mart Fresh,/products/placeholder.svg,YES,Placeholder image (/products/placeholder.svg),NO,1,,NO,,NO,,,YES,
g1-p0639,Meera Shampoo,hair-care,Hair Care,G1 Mart Fresh,/products/packshots/parachute-oil.jpg,NO,,YES,22,Shared by 22 products (parachute-oil.jpg),YES,"Image shows Parachute Pure Coconut Hair Oil Blue Bottle ('parachute-oil.jpg'), but product is 'Meera Shampoo' (Brand: G1 Mart Fresh)",NO,,,YES,Meera
g1-p0640,Freedam Oil,oil-ghee-masala,Oil Ghee & Masala,G1 Mart Fresh,/products/placeholder.svg,YES,Placeholder image (/products/placeholder.svg),NO,1,,NO,,NO,,,YES,
g1-p0641,Sri Durga Lemon Pickle,instant-food,Instant Food,G1 Mart Fresh,/products/placeholder.svg,YES,Placeholder image (/products/placeholder.svg),NO,1,,NO,,NO,,,YES,
g1-p0642,Garlic Mixture,instant-food,Instant Food,G1 Mart Fresh,/products/placeholder.svg,YES,Placeholder image (/products/placeholder.svg),NO,1,,NO,,NO,,,YES,
g1-p0643,Sri Durga Pulihora Pk,instant-food,Instant Food,G1 Mart Fresh,/products/placeholder.svg,YES,Placeholder image (/products/placeholder.svg),NO,1,,NO,,NO,,,YES,
g1-p0644,Sri Durga Green Tamarind Pickleb,laundry-detergents,Laundry & Detergents,G1 Mart Fresh,/products/placeholder.svg,YES,Placeholder image (/products/placeholder.svg),NO,1,,NO,,NO,,,YES,
g1-p0645,Sri Durga Ginger Pickle,instant-food,Instant Food,G1 Mart Fresh,/products/placeholder.svg,YES,Placeholder image (/products/placeholder.svg),NO,1,,NO,,NO,,,YES,
g1-p0646,Ujala,hygiene,Hygiene,G1 Mart Fresh,/products/placeholder.svg,YES,Placeholder image (/products/placeholder.svg),NO,1,,NO,,NO,,,YES,Ujala
g1-p0647,Sri Durga Mango Sut Pickle,instant-food,Instant Food,G1 Mart Fresh,/products/placeholder.svg,YES,Placeholder image (/products/placeholder.svg),NO,1,,NO,,NO,,,YES,
g1-p0648,SRI Durga Ginger Garlic Paste,oil-ghee-masala,Oil Ghee & Masala,G1 Mart Fresh,/products/placeholder.svg,YES,Placeholder image (/products/placeholder.svg),NO,1,,NO,,NO,,,YES,
g1-p0649,SRI Durga Leman,instant-food,Instant Food,G1 Mart Fresh,/products/placeholder.svg,YES,Placeholder image (/products/placeholder.svg),NO,1,,NO,,NO,,,YES,
g1-p0650,SRI Durga Mango CUT Pickle,instant-food,Instant Food,G1 Mart Fresh,/products/placeholder.svg,YES,Placeholder image (/products/placeholder.svg),NO,1,,NO,,NO,,,YES,
g1-p0651,SRI Durga Tomato Pickle,vegetables-fruits,Vegetables & Fruits,G1 Mart Fresh,/products/placeholder.svg,YES,Placeholder image (/products/placeholder.svg),NO,1,,NO,,YES,oil-ghee-masala,"Pickle placed in Vegetables & Fruits by ""tomato"" keyword",YES,
g1-p0652,Tasty Nuts,instant-food,Instant Food,G1 Mart Fresh,/products/placeholder.svg,YES,Placeholder image (/products/placeholder.svg),NO,1,,NO,,NO,,,YES,
g1-p0653,SRI Durga Gongura Pickle,instant-food,Instant Food,G1 Mart Fresh,/products/placeholder.svg,YES,Placeholder image (/products/placeholder.svg),NO,1,,NO,,NO,,,YES,
g1-p0654,SRI Durga Amla Pickle,hair-care,Hair Care,Dabur,/products/packshots/parachute-oil.jpg,NO,,YES,22,Shared by 22 products (parachute-oil.jpg),YES,"Image shows Parachute Pure Coconut Hair Oil Blue Bottle ('parachute-oil.jpg'), but product is 'SRI Durga Amla Pickle' (Brand: Dabur)",NO,,,NO,
g1-p0655,Castor OIL,oil-ghee-masala,Oil Ghee & Masala,G1 Mart Fresh,/products/placeholder.svg,YES,Placeholder image (/products/placeholder.svg),NO,1,,NO,,NO,,,YES,
g1-p0656,SRI Durga RED Chilli Pickle,oil-ghee-masala,Oil Ghee & Masala,G1 Mart Fresh,/products/packshots/aachi-chilli.jpg,NO,,YES,11,Shared by 11 products (aachi-chilli.jpg),YES,"Image shows Aachi Red Chilli Powder Red Packet ('aachi-chilli.jpg'), but product is 'SRI Durga RED Chilli Pickle' (Brand: G1 Mart Fresh)",NO,,,YES,
g1-p0657,SRI Durga Mango Avakai,instant-food,Instant Food,G1 Mart Fresh,/products/placeholder.svg,YES,Placeholder image (/products/placeholder.svg),NO,1,,NO,,NO,,,YES,
g1-p0658,SRI Durga Mango Thokku,instant-food,Instant Food,G1 Mart Fresh,/products/placeholder.svg,YES,Placeholder image (/products/placeholder.svg),NO,1,,NO,,NO,,,YES,
g1-p0659,Chegodi,instant-food,Instant Food,G1 Mart Fresh,/products/packshots/britannia-bourbon.jpg,NO,,YES,5,Shared by 5 products (britannia-bourbon.jpg),YES,"Image shows Britannia Bourbon Chocolate Cream Biscuits Pack ('britannia-bourbon.jpg'), but product is 'Chegodi' (Brand: G1 Mart Fresh)",NO,,,YES,
g1-p0660,Bambino Vermicelli,atta-rice-dal,Atta Rice & Dal,Bambino,/products/packshots/toor-dal.jpg,NO,,YES,95,Shared by 95 products (toor-dal.jpg),YES,"Image shows Toor Dal (Yellow Pigeon Peas) ('toor-dal.jpg'), but product is 'Bambino Vermicelli' (Brand: Bambino)",NO,,,NO,
g1-p0661,Miriyalu,sugar-salt-staples,Sugar Salt & Staples,G1 Mart Fresh,/products/packshots/toor-dal.jpg,NO,,YES,95,Shared by 95 products (toor-dal.jpg),YES,"Image shows Toor Dal (Yellow Pigeon Peas) ('toor-dal.jpg'), but product is 'Miriyalu' (Brand: G1 Mart Fresh)",NO,,,YES,
g1-p0662,Mikl Rusk,biscuits-bakery,Biscuits & Bakery,G1 Mart Fresh,/products/placeholder.svg,YES,Placeholder image (/products/placeholder.svg),NO,1,,NO,,NO,,,YES,
g1-p0663,Classic Rusk,biscuits-bakery,Biscuits & Bakery,G1 Mart Fresh,/products/placeholder.svg,YES,Placeholder image (/products/placeholder.svg),NO,1,,NO,,NO,,,YES,
g1-p0664,Elaichi Rusk,biscuits-bakery,Biscuits & Bakery,G1 Mart Fresh,/products/placeholder.svg,YES,Placeholder image (/products/placeholder.svg),NO,1,,NO,,NO,,,YES,
g1-p0665,Milk Rusk,biscuits-bakery,Biscuits & Bakery,G1 Mart Fresh,/products/placeholder.svg,YES,Placeholder image (/products/placeholder.svg),NO,1,,NO,,NO,,,YES,
g1-p0666,Malkist Cheese,instant-food,Instant Food,G1 Mart Fresh,/products/placeholder.svg,YES,Placeholder image (/products/placeholder.svg),NO,1,,NO,,NO,,,YES,
g1-p0667,Malkist Double Chocolatey,sweets-chocolates,Sweets & Chocolates,G1 Mart Fresh,/products/placeholder.svg,YES,Placeholder image (/products/placeholder.svg),NO,1,,NO,,NO,,,YES,
g1-p0668,Moong Dall,atta-rice-dal,Atta Rice & Dal,G1 Mart Fresh,/products/packshots/toor-dal.jpg,NO,,YES,95,Shared by 95 products (toor-dal.jpg),YES,"Image shows Toor Dal (Yellow Pigeon Peas) ('toor-dal.jpg'), but product is 'Moong Dall' (Brand: G1 Mart Fresh)",NO,,,YES,
g1-p0669,Malkist Cappuccino,instant-food,Instant Food,G1 Mart Fresh,/products/placeholder.svg,YES,Placeholder image (/products/placeholder.svg),NO,1,,NO,,NO,,,YES,
g1-p0670,JS Oile Deepam,oil-ghee-masala,Oil Ghee & Masala,G1 Mart Fresh,/products/placeholder.svg,YES,Placeholder image (/products/placeholder.svg),NO,1,,NO,,NO,,,YES,
g1-p0671,Knorr Green Chilli Sauce,sauces-spreads,Sauces & Spreads,G1 Mart Fresh,/products/packshots/aachi-chilli.jpg,NO,,YES,11,Shared by 11 products (aachi-chilli.jpg),YES,"Image shows Aachi Red Chilli Powder Red Packet ('aachi-chilli.jpg'), but product is 'Knorr Green Chilli Sauce' (Brand: G1 Mart Fresh)",NO,,,YES,Knorr
g1-p0672,Fried Rice Masala,oil-ghee-masala,Oil Ghee & Masala,G1 Mart Fresh,/products/packshots/toor-dal.jpg,NO,,YES,95,Shared by 95 products (toor-dal.jpg),YES,"Image shows Toor Dal (Yellow Pigeon Peas) ('toor-dal.jpg'), but product is 'Fried Rice Masala' (Brand: G1 Mart Fresh)",NO,,,YES,
g1-p0673,Biriyani Masala,oil-ghee-masala,Oil Ghee & Masala,G1 Mart Fresh,/products/packshots/toor-dal.jpg,NO,,YES,95,Shared by 95 products (toor-dal.jpg),YES,"Image shows Toor Dal (Yellow Pigeon Peas) ('toor-dal.jpg'), but product is 'Biriyani Masala' (Brand: G1 Mart Fresh)",NO,,,YES,
g1-p0674,Pasta Masala,oil-ghee-masala,Oil Ghee & Masala,G1 Mart Fresh,/products/placeholder.svg,YES,Placeholder image (/products/placeholder.svg),NO,1,,NO,,NO,,,YES,
g1-p0675,Noodlles Masala,oil-ghee-masala,Oil Ghee & Masala,G1 Mart Fresh,/products/placeholder.svg,YES,Placeholder image (/products/placeholder.svg),NO,1,,NO,,NO,,,YES,
g1-p0676,Nice Peanut Chikki,atta-rice-dal,Atta Rice & Dal,G1 Mart Fresh,/products/packshots/toor-dal.jpg,NO,,YES,95,Shared by 95 products (toor-dal.jpg),YES,"Image shows Toor Dal (Yellow Pigeon Peas) ('toor-dal.jpg'), but product is 'Nice Peanut Chikki' (Brand: G1 Mart Fresh)",NO,,,YES,
g1-p0677,Corn Flakes,dry-fruits-cereals,Dry Fruits & Cereals,G1 Mart Fresh,/products/placeholder.svg,YES,Placeholder image (/products/placeholder.svg),NO,1,,NO,,NO,,,YES,
g1-p0678,White Sesame Chikki,instant-food,Instant Food,G1 Mart Fresh,/products/placeholder.svg,YES,Placeholder image (/products/placeholder.svg),NO,1,,NO,,NO,,,YES,
g1-p0679,Pani Puri Masala,oil-ghee-masala,Oil Ghee & Masala,G1 Mart Fresh,/products/packshots/toor-dal.jpg,NO,,YES,95,Shared by 95 products (toor-dal.jpg),YES,"Image shows Toor Dal (Yellow Pigeon Peas) ('toor-dal.jpg'), but product is 'Pani Puri Masala' (Brand: G1 Mart Fresh)",NO,,,YES,
g1-p0680,Fitday Millet Chikki,instant-food,Instant Food,G1 Mart Fresh,/products/placeholder.svg,YES,Placeholder image (/products/placeholder.svg),NO,1,,NO,,NO,,,YES,
g1-p0681,Chatpat Masala Noodles,oil-ghee-masala,Oil Ghee & Masala,G1 Mart Fresh,/products/packshots/toor-dal.jpg,NO,,YES,95,Shared by 95 products (toor-dal.jpg),YES,"Image shows Toor Dal (Yellow Pigeon Peas) ('toor-dal.jpg'), but product is 'Chatpat Masala Noodles' (Brand: G1 Mart Fresh)",NO,,,YES,
g1-p0682,Choki Stix,instant-food,Instant Food,G1 Mart Fresh,/products/placeholder.svg,YES,Placeholder image (/products/placeholder.svg),NO,1,,NO,,NO,,,YES,
g1-p0683,Kamarkat Sweets 1rupe,sweets-chocolates,Sweets & Chocolates,G1 Mart Fresh,/products/placeholder.svg,YES,Placeholder image (/products/placeholder.svg),NO,1,,NO,,NO,,,YES,
g1-p0684,Pasta C.M 0.3,hygiene,Hygiene,G1 Mart Fresh,/products/placeholder.svg,YES,Placeholder image (/products/placeholder.svg),NO,1,,NO,,NO,,,YES,
g1-p0685,Tangy Imli,hygiene,Hygiene,G1 Mart Fresh,/products/placeholder.svg,YES,Placeholder image (/products/placeholder.svg),NO,1,,NO,,NO,,,YES,
g1-p0686,Real AAM,hygiene,Hygiene,G1 Mart Fresh,/products/placeholder.svg,YES,Placeholder image (/products/placeholder.svg),NO,1,,NO,,NO,,,YES,
g1-p0687,Kaccha AAM,hygiene,Hygiene,G1 Mart Fresh,/products/placeholder.svg,YES,Placeholder image (/products/placeholder.svg),NO,1,,NO,,NO,,,YES,
g1-p0688,Gulab JAM,sauces-spreads,Sauces & Spreads,G1 Mart Fresh,/products/placeholder.svg,YES,Placeholder image (/products/placeholder.svg),NO,1,,NO,,NO,,,YES,
g1-p0689,Kopiko,hygiene,Hygiene,G1 Mart Fresh,/products/placeholder.svg,YES,Placeholder image (/products/placeholder.svg),NO,1,,NO,,NO,,,YES,
g1-p0690,JAM Ojam,sauces-spreads,Sauces & Spreads,G1 Mart Fresh,/products/placeholder.svg,YES,Placeholder image (/products/placeholder.svg),NO,1,,NO,,NO,,,YES,
g1-p0691,Kasuri Methi,hygiene,Hygiene,G1 Mart Fresh,/products/placeholder.svg,YES,Placeholder image (/products/placeholder.svg),NO,1,,NO,,NO,,,YES,
g1-p0692,Black Chikki,hygiene,Hygiene,G1 Mart Fresh,/products/placeholder.svg,YES,Placeholder image (/products/placeholder.svg),NO,1,,NO,,NO,,,YES,
g1-p0693,Ginger Garlic Paste,oil-ghee-masala,Oil Ghee & Masala,G1 Mart Fresh,/products/packshots/toor-dal.jpg,NO,,YES,95,Shared by 95 products (toor-dal.jpg),YES,"Image shows Toor Dal (Yellow Pigeon Peas) ('toor-dal.jpg'), but product is 'Ginger Garlic Paste' (Brand: G1 Mart Fresh)",NO,,,YES,
g1-p0694,RED Chilli Pickel,oil-ghee-masala,Oil Ghee & Masala,G1 Mart Fresh,/products/packshots/aachi-chilli.jpg,NO,,YES,11,Shared by 11 products (aachi-chilli.jpg),YES,"Image shows Aachi Red Chilli Powder Red Packet ('aachi-chilli.jpg'), but product is 'RED Chilli Pickel' (Brand: G1 Mart Fresh)",NO,,,YES,
g1-p0695,Mango Pickel,hygiene,Hygiene,G1 Mart Fresh,/products/placeholder.svg,YES,Placeholder image (/products/placeholder.svg),NO,1,,NO,,NO,,,YES,
g1-p0696,Tomato Pickel,vegetables-fruits,Vegetables & Fruits,G1 Mart Fresh,/products/placeholder.svg,YES,Placeholder image (/products/placeholder.svg),NO,1,,NO,,YES,oil-ghee-masala,"Pickle placed in Vegetables & Fruits by ""tomato"" keyword",YES,
g1-p0697,Lemon Pickel,instant-food,Instant Food,G1 Mart Fresh,/products/placeholder.svg,YES,Placeholder image (/products/placeholder.svg),NO,1,,NO,,NO,,,YES,
g1-p0698,Soya Mini Chunks,instant-food,Instant Food,G1 Mart Fresh,/products/placeholder.svg,YES,Placeholder image (/products/placeholder.svg),NO,1,,NO,,NO,,,YES,
g1-p0699,Gongura Pickels,instant-food,Instant Food,G1 Mart Fresh,/products/placeholder.svg,YES,Placeholder image (/products/placeholder.svg),NO,1,,NO,,NO,,,YES,
g1-p0700,Assorated Fruit,vegetables-fruits,Vegetables & Fruits,G1 Mart Fresh,/products/placeholder.svg,YES,Placeholder image (/products/placeholder.svg),NO,1,,NO,,NO,,,YES,
g1-p0701,Ultra Floor Clean,hygiene,Hygiene,G1 Mart Fresh,/products/placeholder.svg,YES,Placeholder image (/products/placeholder.svg),NO,1,,NO,,NO,,,YES,
g1-p0702,Sweeper,hygiene,Hygiene,G1 Mart Fresh,/products/placeholder.svg,YES,Placeholder image (/products/placeholder.svg),NO,1,,NO,,NO,,,YES,
g1-p0703,Mango Fruit,vegetables-fruits,Vegetables & Fruits,G1 Mart Fresh,/products/placeholder.svg,YES,Placeholder image (/products/placeholder.svg),NO,1,,NO,,NO,,,YES,
g1-p0704,Ragi Powder,soaps-bath,Soaps & Bath,G1 Mart Fresh,/products/placeholder.svg,YES,Placeholder image (/products/placeholder.svg),NO,1,,NO,,NO,,,YES,
g1-p0705,Soya Chunks,instant-food,Instant Food,G1 Mart Fresh,/products/placeholder.svg,YES,Placeholder image (/products/placeholder.svg),NO,1,,NO,,NO,,,YES,
g1-p0706,Pappula Podi,instant-food,Instant Food,G1 Mart Fresh,/products/packshots/toor-dal.jpg,NO,,YES,95,Shared by 95 products (toor-dal.jpg),YES,"Image shows Toor Dal (Yellow Pigeon Peas) ('toor-dal.jpg'), but product is 'Pappula Podi' (Brand: G1 Mart Fresh)",NO,,,YES,
g1-p0707,Nalla Karam Podi,instant-food,Instant Food,G1 Mart Fresh,/products/placeholder.svg,YES,Placeholder image (/products/placeholder.svg),NO,1,,NO,,NO,,,YES,
g1-p0708,Ground Nuts Karam Podo,instant-food,Instant Food,G1 Mart Fresh,/products/placeholder.svg,YES,Placeholder image (/products/placeholder.svg),NO,1,,NO,,NO,,,YES,
g1-p0709,Kobbari Karam Podi,instant-food,Instant Food,G1 Mart Fresh,/products/placeholder.svg,YES,Placeholder image (/products/placeholder.svg),NO,1,,NO,,NO,,,YES,
g1-p0710,Lavender,hygiene,Hygiene,G1 Mart Fresh,/products/placeholder.svg,YES,Placeholder image (/products/placeholder.svg),NO,1,,NO,,NO,,,YES,
g1-p0711,Mangaldeep,hygiene,Hygiene,G1 Mart Fresh,/products/placeholder.svg,YES,Placeholder image (/products/placeholder.svg),NO,1,,NO,,NO,,,YES,Mangaldeep
g1-p0712,Mysore Sandal,soaps-bath,Soaps & Bath,Mysore Sandal,/products/packshots/mysore-sandal-soap.jpg,NO,,YES,7,Shared by 7 products (mysore-sandal-soap.jpg),NO,,NO,,,NO,
g1-p0713,LUX Jasmine,soaps-bath,Soaps & Bath,Lux,/products/packshots/lux-soap.png,NO,,YES,7,Shared by 7 products (lux-soap.png),NO,,NO,,,NO,
g1-p0714,Lifebuoy,soaps-bath,Soaps & Bath,Lifebuoy,/products/packshots/lifebuoy-soap.jpg,NO,,YES,2,Shared by 2 products (lifebuoy-soap.jpg),NO,,NO,,,NO,
g1-p0715,Margo,hygiene,Hygiene,G1 Mart Fresh,/products/placeholder.svg,YES,Placeholder image (/products/placeholder.svg),NO,1,,NO,,NO,,,YES,Margo
g1-p0716,Aashirvaad Salt,atta-rice-dal,Atta Rice & Dal,Aashirvaad,/products/packshots/aashirvaad-atta.jpg,NO,,YES,5,Shared by 5 products (aashirvaad-atta.jpg),YES,"Image shows Aashirvaad Shuddh Chakki Whole Wheat Atta Bag ('aashirvaad-atta.jpg'), but product is 'Aashirvaad Salt' (Brand: Aashirvaad)",NO,,,NO,
g1-p0717,Immunity Boosting,drinks-juices,Drinks & Juices,G1 Mart Fresh,/products/packshots/frooti.jpg,NO,,YES,16,Shared by 16 products (frooti.jpg),YES,"Image shows Frooti Mango Drink Yellow Tetra/Bottle ('frooti.jpg'), but product is 'Immunity Boosting' (Brand: G1 Mart Fresh)",NO,,,YES,
g1-p0718,Wagh Bakri250g,tea-coffee-milk-drinks,Tea Coffee & Milk Drinks,G1 Mart Fresh,/products/packshots/wagh-bakri-tea.jpg,NO,,YES,4,Shared by 4 products (wagh-bakri-tea.jpg),YES,"Image shows Wagh Bakri Premium Leaf Tea Orange Pack ('wagh-bakri-tea.jpg'), but product is 'Wagh Bakri250g' (Brand: G1 Mart Fresh)",NO,,,YES,
g1-p0719,Mangaldeep Sandal,atta-rice-dal,Atta Rice & Dal,G1 Mart Fresh,/products/packshots/toor-dal.jpg,NO,,YES,95,Shared by 95 products (toor-dal.jpg),YES,"Image shows Toor Dal (Yellow Pigeon Peas) ('toor-dal.jpg'), but product is 'Mangaldeep Sandal' (Brand: G1 Mart Fresh)",NO,,,YES,Mangaldeep
g1-p0720,Ultra Soft Brush,oral-care,Oral Care,G1 Mart Fresh,/products/packshots/bru-instant.jpg,NO,,YES,6,Shared by 6 products (bru-instant.jpg),YES,"Image shows Bru Instant Coffee Glass Jar / Pouch ('bru-instant.jpg'), but product is 'Ultra Soft Brush' (Brand: G1 Mart Fresh)",NO,,,YES,
g1-p0721,Wipper Stick,hygiene,Hygiene,G1 Mart Fresh,/products/placeholder.svg,YES,Placeholder image (/products/placeholder.svg),NO,1,,NO,,NO,,,YES,
g1-p0722,Mysore Sandals Freshnol,soaps-bath,Soaps & Bath,G1 Mart Fresh,/products/packshots/mysore-sandal-soap.jpg,NO,,YES,7,Shared by 7 products (mysore-sandal-soap.jpg),YES,"Image shows Mysore Sandal Pure Sandalwood Soap Box ('mysore-sandal-soap.jpg'), but product is 'Mysore Sandals Freshnol' (Brand: G1 Mart Fresh)",NO,,,YES,
g1-p0723,BRU,tea-coffee-milk-drinks,Tea Coffee & Milk Drinks,Bru,/products/packshots/bru-instant.png,NO,,YES,6,Shared by 6 products (bru-instant.png),YES,"Image shows Bru Instant Coffee Cutout ('bru-instant.png'), but product is 'BRU' (Brand: Bru)",NO,,,NO,
g1-p0724,Horlicks Womens Plus Chocolate,sweets-chocolates,Sweets & Chocolates,Horlicks,/products/packshots/horlicks.png,NO,,YES,3,Shared by 3 products (horlicks.png),NO,,NO,,,NO,
g1-p0725,Clinic Plus EGG,hygiene,Hygiene,G1 Mart Fresh,/products/placeholder.svg,YES,Placeholder image (/products/placeholder.svg),NO,1,,NO,,NO,,,YES,Clinic Plus
g1-p0726,Clear Anti-dandruff Nutrium,hygiene,Hygiene,G1 Mart Fresh,/products/placeholder.svg,YES,Placeholder image (/products/placeholder.svg),NO,1,,NO,,NO,,,YES,
g1-p0727,Knorr CUP Soup,hygiene,Hygiene,G1 Mart Fresh,/products/placeholder.svg,YES,Placeholder image (/products/placeholder.svg),NO,1,,NO,,NO,,,YES,Knorr
g1-p0728,Saggubiyyam,hygiene,Hygiene,G1 Mart Fresh,/products/placeholder.svg,YES,Placeholder image (/products/placeholder.svg),NO,1,,NO,,NO,,,YES,
g1-p0729,Tomato Soup,vegetables-fruits,Vegetables & Fruits,G1 Mart Fresh,/products/placeholder.svg,YES,Placeholder image (/products/placeholder.svg),NO,1,,NO,,YES,instant-food,"Packaged soup placed in Vegetables & Fruits by ""tomato"" keyword",YES,
g1-p0730,Masala Noodels,oil-ghee-masala,Oil Ghee & Masala,G1 Mart Fresh,/products/packshots/toor-dal.jpg,NO,,YES,95,Shared by 95 products (toor-dal.jpg),YES,"Image shows Toor Dal (Yellow Pigeon Peas) ('toor-dal.jpg'), but product is 'Masala Noodels' (Brand: G1 Mart Fresh)",NO,,,YES,
g1-p0731,Wall Stick,hygiene,Hygiene,G1 Mart Fresh,/products/placeholder.svg,YES,Placeholder image (/products/placeholder.svg),NO,1,,NO,,NO,,,YES,
g1-p0732,Ultimate Power Liquid Detergent,laundry-detergents,Laundry & Detergents,G1 Mart Fresh,/products/placeholder.svg,YES,Placeholder image (/products/placeholder.svg),NO,1,,NO,,NO,,,YES,
g1-p0733,JOY Lady,hygiene,Hygiene,G1 Mart Fresh,/products/placeholder.svg,YES,Placeholder image (/products/placeholder.svg),NO,1,,NO,,NO,,,YES,
g1-p0734,Geeta,hygiene,Hygiene,G1 Mart Fresh,/products/placeholder.svg,YES,Placeholder image (/products/placeholder.svg),NO,1,,NO,,NO,,,YES,
g1-p0735,Pooja Oial,pooja-needs,Pooja Needs,G1 Mart Fresh,/products/packshots/pooja-agarbatti.jpg,NO,,YES,7,Shared by 7 products (pooja-agarbatti.jpg),YES,"Image shows Pooja Agarbatti Incense Sticks ('pooja-agarbatti.jpg'), but product is 'Pooja Oial' (Brand: G1 Mart Fresh)",NO,,,YES,
g1-p0736,Bansi Wheat Rava,atta-rice-dal,Atta Rice & Dal,G1 Mart Fresh,/products/placeholder.svg,YES,Placeholder image (/products/placeholder.svg),NO,1,,NO,,NO,,,YES,
g1-p0737,Kurnool RIC BAG,sugar-salt-staples,Sugar Salt & Staples,G1 Mart Fresh,/products/packshots/toor-dal.jpg,NO,,YES,95,Shared by 95 products (toor-dal.jpg),YES,"Image shows Toor Dal (Yellow Pigeon Peas) ('toor-dal.jpg'), but product is 'Kurnool RIC BAG' (Brand: G1 Mart Fresh)",NO,,,YES,
g1-p0738,Bambino Mysore Pack,atta-rice-dal,Atta Rice & Dal,Bambino,/products/packshots/toor-dal.jpg,NO,,YES,95,Shared by 95 products (toor-dal.jpg),YES,"Image shows Toor Dal (Yellow Pigeon Peas) ('toor-dal.jpg'), but product is 'Bambino Mysore Pack' (Brand: Bambino)",NO,,,NO,
g1-p0739,SRI Durga Chilli Powder,soaps-bath,Soaps & Bath,G1 Mart Fresh,/products/packshots/aachi-chilli.jpg,NO,,YES,11,Shared by 11 products (aachi-chilli.jpg),YES,"Image shows Aachi Red Chilli Powder Red Packet ('aachi-chilli.jpg'), but product is 'SRI Durga Chilli Powder' (Brand: G1 Mart Fresh)",NO,,,YES,
g1-p0740,SRI Durga Chilli,oil-ghee-masala,Oil Ghee & Masala,G1 Mart Fresh,/products/packshots/aachi-chilli.jpg,NO,,YES,11,Shared by 11 products (aachi-chilli.jpg),YES,"Image shows Aachi Red Chilli Powder Red Packet ('aachi-chilli.jpg'), but product is 'SRI Durga Chilli' (Brand: G1 Mart Fresh)",NO,,,YES,
g1-p0741,SRI Durga Tarmarik,hygiene,Hygiene,G1 Mart Fresh,/products/placeholder.svg,YES,Placeholder image (/products/placeholder.svg),NO,1,,NO,,NO,,,YES,
g1-p0742,SRI Durga Dania Powder,soaps-bath,Soaps & Bath,G1 Mart Fresh,/products/placeholder.svg,YES,Placeholder image (/products/placeholder.svg),NO,1,,NO,,NO,,,YES,
g1-p0743,Dark Fantasy,biscuits-bakery,Biscuits & Bakery,Sunfeast,/products/placeholder.svg,YES,Placeholder image (/products/placeholder.svg),NO,1,,NO,,NO,,,NO,
g1-p0744,Corn Flour Powdar1kg,atta-rice-dal,Atta Rice & Dal,G1 Mart Fresh,/products/placeholder.svg,YES,Placeholder image (/products/placeholder.svg),NO,1,,NO,,NO,,,YES,
g1-p0745,707 Liquid,floor-surface-cleaners,Floor & Surface Cleaners,G1 Mart Fresh,/products/placeholder.svg,YES,Placeholder image (/products/placeholder.svg),NO,1,,NO,,NO,,,YES,
g1-p0746,5 Star Chaklet 510,sweets-chocolates,Sweets & Chocolates,Cadbury,/products/packshots/cadbury-5-star.jpg,NO,,YES,9,Shared by 9 products (cadbury-5-star.jpg),NO,,NO,,,NO,
g1-p0747,5 Star 5RS,sweets-chocolates,Sweets & Chocolates,Cadbury,/products/packshots/cadbury-5-star.jpg,NO,,YES,9,Shared by 9 products (cadbury-5-star.jpg),NO,,NO,,,NO,
g1-p0748,SP Pinapple,instant-food,Instant Food,G1 Mart Fresh,/products/placeholder.svg,YES,Placeholder image (/products/placeholder.svg),NO,1,,NO,,NO,,,YES,
g1-p0749,5 Starfullbox,sweets-chocolates,Sweets & Chocolates,G1 Mart Fresh,/products/packshots/cadbury-5-star.png,NO,,NO,1,,YES,"Image shows Cadbury 5 Star Chocolate Bar Cutout ('cadbury-5-star.png'), but product is '5 Starfullbox' (Brand: G1 Mart Fresh)",NO,,,YES,
g1-p0750,5star Fullbox,instant-food,Instant Food,Cadbury,/products/packshots/cadbury-5-star.jpg,NO,,YES,9,Shared by 9 products (cadbury-5-star.jpg),NO,,NO,,,NO,
g1-p0751,Staryfree XL,floor-surface-cleaners,Floor & Surface Cleaners,G1 Mart Fresh,/products/placeholder.svg,YES,Placeholder image (/products/placeholder.svg),NO,1,,NO,,NO,,,YES,
g1-p0752,Milkybbar Smal BOX,dairy-bread-eggs,Dairy Bread & Eggs,G1 Mart Fresh,/products/placeholder.svg,YES,Placeholder image (/products/placeholder.svg),NO,1,,NO,,NO,,,YES,
g1-p0753,Munch 5RS,sweets-chocolates,Sweets & Chocolates,Nestle,/products/placeholder.svg,YES,Placeholder image (/products/placeholder.svg),NO,1,,NO,,NO,,,NO,
g1-p0754,Park10rs,instant-food,Instant Food,G1 Mart Fresh,/products/placeholder.svg,YES,Placeholder image (/products/placeholder.svg),NO,1,,NO,,NO,,,YES,
g1-p0755,GUM 5RS Main,hygiene,Hygiene,G1 Mart Fresh,/products/placeholder.svg,YES,Placeholder image (/products/placeholder.svg),NO,1,,NO,,NO,,,YES,
g1-p0756,GUM 10rs Main,hygiene,Hygiene,G1 Mart Fresh,/products/placeholder.svg,YES,Placeholder image (/products/placeholder.svg),NO,1,,NO,,NO,,,YES,
g1-p0757,Softouch,floor-surface-cleaners,Floor & Surface Cleaners,G1 Mart Fresh,/products/placeholder.svg,YES,Placeholder image (/products/placeholder.svg),NO,1,,NO,,NO,,,YES,
g1-p0758,Head AND Shoulder 2RS,floor-surface-cleaners,Floor & Surface Cleaners,G1 Mart Fresh,/products/placeholder.svg,YES,Placeholder image (/products/placeholder.svg),NO,1,,NO,,NO,,,YES,
g1-p0759,SP Mango,instant-food,Instant Food,G1 Mart Fresh,/products/placeholder.svg,YES,Placeholder image (/products/placeholder.svg),NO,1,,NO,,NO,,,YES,
g1-p0760,Sunrise 5RS,hygiene,Hygiene,G1 Mart Fresh,/products/placeholder.svg,YES,Placeholder image (/products/placeholder.svg),NO,1,,NO,,NO,,,YES,
g1-p0761,Hide&seek Biscuits 10rs,biscuits-bakery,Biscuits & Bakery,G1 Mart Fresh,/products/placeholder.svg,YES,Placeholder image (/products/placeholder.svg),NO,1,,NO,,NO,,,YES,Parle
g1-p0762,ENO 10rs,instant-food,Instant Food,G1 Mart Fresh,/products/placeholder.svg,YES,Placeholder image (/products/placeholder.svg),NO,1,,NO,,NO,,,YES,
g1-p0763,Gokul Soap BOX,soaps-bath,Soaps & Bath,G1 Mart Fresh,/products/placeholder.svg,YES,Placeholder image (/products/placeholder.svg),NO,1,,NO,,NO,,,YES,
g1-p0764,Kinder JOY (B,instant-food,Instant Food,G1 Mart Fresh,/products/placeholder.svg,YES,Placeholder image (/products/placeholder.svg),NO,1,,NO,,NO,,,YES,
g1-p0765,Kindar Joys 25,instant-food,Instant Food,G1 Mart Fresh,/products/placeholder.svg,YES,Placeholder image (/products/placeholder.svg),NO,1,,NO,,NO,,,YES,
g1-p0766,Navaratna OIL,oil-ghee-masala,Oil Ghee & Masala,G1 Mart Fresh,/products/placeholder.svg,YES,Placeholder image (/products/placeholder.svg),NO,1,,NO,,NO,,,YES,
g1-p0767,Head AND Shoulder,hygiene,Hygiene,G1 Mart Fresh,/products/jg-020.jpg,NO,,NO,1,,NO,,NO,,,YES,
g1-p0768,SP Orange,drinks-juices,Drinks & Juices,G1 Mart Fresh,/products/packshots/frooti.jpg,NO,,YES,16,Shared by 16 products (frooti.jpg),YES,"Image shows Frooti Mango Drink Yellow Tetra/Bottle ('frooti.jpg'), but product is 'SP Orange' (Brand: G1 Mart Fresh)",NO,,,YES,
g1-p0769,Lion Honey SET,instant-food,Instant Food,G1 Mart Fresh,/products/placeholder.svg,YES,Placeholder image (/products/placeholder.svg),NO,1,,NO,,NO,,,YES,
g1-p0770,Nippo AAA Main,kitchenware,Kitchenware,Nippo,/products/placeholder.svg,YES,Placeholder image (/products/placeholder.svg),NO,1,,NO,,NO,,,NO,
g1-p0771,Nippo Gold,kitchenware,Kitchenware,Nippo,/products/jg-024.jpg,NO,,NO,1,,NO,,NO,,,NO,
g1-p0772,Balian Chemiya 10,instant-food,Instant Food,G1 Mart Fresh,/products/placeholder.svg,YES,Placeholder image (/products/placeholder.svg),NO,1,,NO,,NO,,,YES,
g1-p0773,Maggi 15rs,instant-food,Instant Food,Nestle,/products/packshots/maggi-noodles.png,NO,,YES,3,Shared by 3 products (maggi-noodles.png),YES,"Image shows Maggi 2-Minute Masala Instant Noodles Yellow Pack ('maggi-noodles.png'), but product is 'Maggi 15rs' (Brand: Nestle)",NO,,,NO,
g1-p0774,Baby OIL,baby-care,Baby Care,G1 Mart Fresh,/products/placeholder.svg,YES,Placeholder image (/products/placeholder.svg),NO,1,,NO,,NO,,,YES,
g1-p0775,Pooja Powder B Gandam,soaps-bath,Soaps & Bath,G1 Mart Fresh,/products/packshots/pooja-agarbatti.jpg,NO,,YES,7,Shared by 7 products (pooja-agarbatti.jpg),YES,"Image shows Pooja Agarbatti Incense Sticks ('pooja-agarbatti.jpg'), but product is 'Pooja Powder B Gandam' (Brand: G1 Mart Fresh)",NO,,,YES,
g1-p0776,SP Badam,dry-fruits-cereals,Dry Fruits & Cereals,G1 Mart Fresh,/products/placeholder.svg,YES,Placeholder image (/products/placeholder.svg),NO,1,,NO,,NO,,,YES,
g1-p0777,Pooja Gandan Smal,pooja-needs,Pooja Needs,G1 Mart Fresh,/products/packshots/pooja-agarbatti.jpg,NO,,YES,7,Shared by 7 products (pooja-agarbatti.jpg),YES,"Image shows Pooja Agarbatti Incense Sticks ('pooja-agarbatti.jpg'), but product is 'Pooja Gandan Smal' (Brand: G1 Mart Fresh)",NO,,,YES,
g1-p0778,Gopuram Pasupu (pure Turmeric Powder,oil-ghee-masala,Oil Ghee & Masala,G1 Mart Fresh,/products/packshots/turmeric-powder.jpg,NO,,YES,5,Shared by 5 products (turmeric-powder.jpg),NO,,NO,,,YES,
g1-p0779,Mariegold Biscuit,biscuits-bakery,Biscuits & Bakery,Britannia,/products/placeholder.svg,YES,Placeholder image (/products/placeholder.svg),NO,1,,NO,,NO,,,NO,
g1-p0780,Jimjam Bisccuit,sauces-spreads,Sauces & Spreads,G1 Mart Fresh,/products/placeholder.svg,YES,Placeholder image (/products/placeholder.svg),NO,1,,NO,,NO,,,YES,
g1-p0781,Bourbon Biscuit,biscuits-bakery,Biscuits & Bakery,Britannia,/products/packshots/britannia-bourbon.jpg,NO,,YES,5,Shared by 5 products (britannia-bourbon.jpg),NO,,NO,,,NO,
g1-p0782,Aachi Sambar Powder,soaps-bath,Soaps & Bath,Aachi,/products/placeholder.svg,YES,Placeholder image (/products/placeholder.svg),NO,1,,NO,,NO,,,NO,
g1-p0783,Maggi,instant-food,Instant Food,Nestle,/products/packshots/maggi-noodles.png,NO,,YES,3,Shared by 3 products (maggi-noodles.png),YES,"Image shows Maggi 2-Minute Masala Instant Noodles Yellow Pack ('maggi-noodles.png'), but product is 'Maggi' (Brand: Nestle)",NO,,,NO,
g1-p0784,SP Duet,instant-food,Instant Food,G1 Mart Fresh,/products/placeholder.svg,YES,Placeholder image (/products/placeholder.svg),NO,1,,NO,,NO,,,YES,
g1-p0785,Flair Pens,hygiene,Hygiene,G1 Mart Fresh,/products/placeholder.svg,YES,Placeholder image (/products/placeholder.svg),NO,1,,NO,,NO,,,YES,
g1-p0786,Flair PEN SET Main,hygiene,Hygiene,G1 Mart Fresh,/products/placeholder.svg,YES,Placeholder image (/products/placeholder.svg),NO,1,,NO,,NO,,,YES,
g1-p0787,Pooja Gold OIL,oil-ghee-masala,Oil Ghee & Masala,G1 Mart Fresh,/products/placeholder.svg,YES,Placeholder image (/products/placeholder.svg),NO,1,,NO,,NO,,,YES,
g1-p0788,Priya Gold,sugar-salt-staples,Sugar Salt & Staples,G1 Mart Fresh,/products/packshots/toor-dal.jpg,NO,,YES,95,Shared by 95 products (toor-dal.jpg),YES,"Image shows Toor Dal (Yellow Pigeon Peas) ('toor-dal.jpg'), but product is 'Priya Gold' (Brand: G1 Mart Fresh)",NO,,,YES,Priya
g1-p0789,Zandu Balam Red,hygiene,Hygiene,G1 Mart Fresh,/products/placeholder.svg,YES,Placeholder image (/products/placeholder.svg),NO,1,,NO,,NO,,,YES,
g1-p0790,Zandu Balm Gren,hygiene,Hygiene,G1 Mart Fresh,/products/placeholder.svg,YES,Placeholder image (/products/placeholder.svg),NO,1,,NO,,NO,,,YES,
g1-p0791,Sastri Balm,hygiene,Hygiene,G1 Mart Fresh,/products/placeholder.svg,YES,Placeholder image (/products/placeholder.svg),NO,1,,NO,,NO,,,YES,
g1-p0792,Moov,hygiene,Hygiene,G1 Mart Fresh,/products/placeholder.svg,YES,Placeholder image (/products/placeholder.svg),NO,1,,NO,,NO,,,YES,
g1-p0793,Mysore Sandal Gold,soaps-bath,Soaps & Bath,Mysore Sandal,/products/packshots/mysore-sandal-soap.jpg,NO,,YES,7,Shared by 7 products (mysore-sandal-soap.jpg),NO,,NO,,,NO,
g1-p0794,SP Chocolate,sweets-chocolates,Sweets & Chocolates,G1 Mart Fresh,/products/placeholder.svg,YES,Placeholder image (/products/placeholder.svg),NO,1,,NO,,NO,,,YES,
g1-p0795,Swastiks Mango Pickle200g,instant-food,Instant Food,G1 Mart Fresh,/products/placeholder.svg,YES,Placeholder image (/products/placeholder.svg),NO,1,,NO,,NO,,,YES,
g1-p0796,Eggs,hygiene,Hygiene,G1 Mart Fresh,/products/placeholder.svg,YES,Placeholder image (/products/placeholder.svg),NO,1,,NO,,NO,,,YES,
g1-p0797,Colgate Softb Kids,oral-care,Oral Care,Colgate,/products/packshots/colgate-toothpaste.jpg,NO,,YES,17,Shared by 17 products (colgate-toothpaste.jpg),NO,,NO,,,NO,
g1-p0798,Sunfeast Nice,dairy-bread-eggs,Dairy Bread & Eggs,Sunfeast,/products/placeholder.svg,YES,Placeholder image (/products/placeholder.svg),NO,1,,NO,,NO,,,NO,
g1-p0799,Dark Fantasy Choco Fills,biscuits-bakery,Biscuits & Bakery,Sunfeast,/products/placeholder.svg,YES,Placeholder image (/products/placeholder.svg),NO,1,,NO,,NO,,,NO,
g1-p0800,Dark Fantasy Cookis,biscuits-bakery,Biscuits & Bakery,Sunfeast,/products/placeholder.svg,YES,Placeholder image (/products/placeholder.svg),NO,1,,NO,,NO,,,NO,
g1-p0801,Dark Fantasy Chocolate Notes,biscuits-bakery,Biscuits & Bakery,Sunfeast,/products/placeholder.svg,YES,Placeholder image (/products/placeholder.svg),NO,1,,NO,,NO,,,NO,
g1-p0802,Dark Fantasy Chocolate Cookie,biscuits-bakery,Biscuits & Bakery,Sunfeast,/products/placeholder.svg,YES,Placeholder image (/products/placeholder.svg),NO,1,,NO,,NO,,,NO,
g1-p0803,Dark Fantasy Vanilla,biscuits-bakery,Biscuits & Bakery,Sunfeast,/products/placeholder.svg,YES,Placeholder image (/products/placeholder.svg),NO,1,,NO,,NO,,,NO,
g1-p0804,Hing,instant-food,Instant Food,G1 Mart Fresh,/products/placeholder.svg,YES,Placeholder image (/products/placeholder.svg),NO,1,,NO,,NO,,,YES,
g1-p0805,Moms Magic Cashew&almond,dry-fruits-cereals,Dry Fruits & Cereals,Sunfeast,/products/placeholder.svg,YES,Placeholder image (/products/placeholder.svg),NO,1,,NO,,NO,,,NO,
g1-p0806,Marie Light Active,instant-food,Instant Food,G1 Mart Fresh,/products/placeholder.svg,YES,Placeholder image (/products/placeholder.svg),NO,1,,NO,,NO,,,YES,
g1-p0807,Sunfeast Glucose,instant-food,Instant Food,Sunfeast,/products/placeholder.svg,YES,Placeholder image (/products/placeholder.svg),NO,1,,NO,,NO,,,NO,
g1-p0808,Sunfeast Glicose,instant-food,Instant Food,Sunfeast,/products/placeholder.svg,YES,Placeholder image (/products/placeholder.svg),NO,1,,NO,,NO,,,NO,
g1-p0809,Marie Light Evening,instant-food,Instant Food,G1 Mart Fresh,/products/placeholder.svg,YES,Placeholder image (/products/placeholder.svg),NO,1,,NO,,NO,,,YES,
g1-p0810,Sunfeast Supermilk,dairy-bread-eggs,Dairy Bread & Eggs,Sunfeast,/products/placeholder.svg,YES,Placeholder image (/products/placeholder.svg),NO,1,,NO,,NO,,,NO,
g1-p0811,Sunfeast Sweet&salty,sugar-salt-staples,Sugar Salt & Staples,Sunfeast,/products/placeholder.svg,YES,Placeholder image (/products/placeholder.svg),NO,1,,NO,,NO,,,NO,
g1-p0812,Trubble GUM BIG,hygiene,Hygiene,G1 Mart Fresh,/products/placeholder.svg,YES,Placeholder image (/products/placeholder.svg),NO,1,,NO,,NO,,,YES,
g1-p0813,Eggs TRA,hygiene,Hygiene,G1 Mart Fresh,/products/placeholder.svg,YES,Placeholder image (/products/placeholder.svg),NO,1,,NO,,NO,,,YES,
g1-p0814,Whisper XXL,hygiene,Hygiene,G1 Mart Fresh,/products/placeholder.svg,YES,Placeholder image (/products/placeholder.svg),NO,1,,NO,,NO,,,YES,Whisper
g1-p0815,Sunfeast Bounce,instant-food,Instant Food,Sunfeast,/products/placeholder.svg,YES,Placeholder image (/products/placeholder.svg),NO,1,,NO,,NO,,,NO,
g1-p0816,Sunfeast Bourbon,biscuits-bakery,Biscuits & Bakery,Britannia,/products/packshots/britannia-bourbon.jpg,NO,,YES,5,Shared by 5 products (britannia-bourbon.jpg),NO,,NO,,,NO,
g1-p0817,Wagh Bakri TEA,tea-coffee-milk-drinks,Tea Coffee & Milk Drinks,Wagh Bakri,/products/packshots/wagh-bakri-tea.jpg,NO,,YES,4,Shared by 4 products (wagh-bakri-tea.jpg),NO,,NO,,,NO,
g1-p0818,Yippee Noodles,instant-food,Instant Food,G1 Mart Fresh,/products/placeholder.svg,YES,Placeholder image (/products/placeholder.svg),NO,1,,NO,,NO,,,YES,Sunfeast Yippee
g1-p0819,Trubble GUM Small,hygiene,Hygiene,G1 Mart Fresh,/products/placeholder.svg,YES,Placeholder image (/products/placeholder.svg),NO,1,,NO,,NO,,,YES,
g1-p0820,Sunfeast Fantastik Choco Almond,dry-fruits-cereals,Dry Fruits & Cereals,Sunfeast,/products/placeholder.svg,YES,Placeholder image (/products/placeholder.svg),NO,1,,NO,,YES,sweets-chocolates,"Confectionery placed in Dry Fruits & Cereals by ""almond"" keyword",NO,
g1-p0821,Sunfeast Fantastik Fruit &nut,vegetables-fruits,Vegetables & Fruits,Sunfeast,/products/placeholder.svg,YES,Placeholder image (/products/placeholder.svg),NO,1,,NO,,NO,,,NO,
g1-p0822,Sunfeast Fantastik Roast&almond,dry-fruits-cereals,Dry Fruits & Cereals,Sunfeast,/products/placeholder.svg,YES,Placeholder image (/products/placeholder.svg),NO,1,,NO,,YES,sweets-chocolates,"Confectionery placed in Dry Fruits & Cereals by ""almond"" keyword",NO,
g1-p0823,Moms Magic Shines Shining Butter,biscuits-bakery,Biscuits & Bakery,Sunfeast,/products/placeholder.svg,YES,Placeholder image (/products/placeholder.svg),NO,1,,NO,,NO,,,NO,
g1-p0824,Moms Magic Shines Shinig Butter,biscuits-bakery,Biscuits & Bakery,Sunfeast,/products/placeholder.svg,YES,Placeholder image (/products/placeholder.svg),NO,1,,NO,,NO,,,NO,
g1-p0825,Pond S,hygiene,Hygiene,G1 Mart Fresh,/products/placeholder.svg,YES,Placeholder image (/products/placeholder.svg),NO,1,,NO,,NO,,,YES,
g1-p0826,Kisan JAM,sauces-spreads,Sauces & Spreads,G1 Mart Fresh,/products/placeholder.svg,YES,Placeholder image (/products/placeholder.svg),NO,1,,NO,,NO,,,YES,Kissan
g1-p0827,Yippee WOW Masala,oil-ghee-masala,Oil Ghee & Masala,G1 Mart Fresh,/products/packshots/toor-dal.jpg,NO,,YES,95,Shared by 95 products (toor-dal.jpg),YES,"Image shows Toor Dal (Yellow Pigeon Peas) ('toor-dal.jpg'), but product is 'Yippee WOW Masala' (Brand: G1 Mart Fresh)",NO,,,YES,Sunfeast Yippee
g1-p0828,Surf Excel 10,laundry-detergents,Laundry & Detergents,Surf Excel,/products/packshots/surf-excel.jpg,NO,,YES,6,Shared by 6 products (surf-excel.jpg),NO,,NO,,,NO,
g1-p0829,Mangaldeep 3in1,hygiene,Hygiene,G1 Mart Fresh,/products/placeholder.svg,YES,Placeholder image (/products/placeholder.svg),NO,1,,NO,,NO,,,YES,Mangaldeep
g1-p0830,Roban Cake,hygiene,Hygiene,G1 Mart Fresh,/products/placeholder.svg,YES,Placeholder image (/products/placeholder.svg),NO,1,,NO,,NO,,,YES,
g1-p0831,Bath Mugs,soaps-bath,Soaps & Bath,G1 Mart Fresh,/products/placeholder.svg,YES,Placeholder image (/products/placeholder.svg),NO,1,,NO,,NO,,,YES,
g1-p0832,Dustpan,floor-surface-cleaners,Floor & Surface Cleaners,G1 Mart Fresh,/products/placeholder.svg,YES,Placeholder image (/products/placeholder.svg),NO,1,,NO,,NO,,,YES,
g1-p0833,Soap BOX,soaps-bath,Soaps & Bath,G1 Mart Fresh,/products/placeholder.svg,YES,Placeholder image (/products/placeholder.svg),NO,1,,NO,,NO,,,YES,
g1-p0834,Shink Brashs,oral-care,Oral Care,G1 Mart Fresh,/products/placeholder.svg,YES,Placeholder image (/products/placeholder.svg),NO,1,,NO,,NO,,,YES,
g1-p0835,Bath Brash1,soaps-bath,Soaps & Bath,G1 Mart Fresh,/products/placeholder.svg,YES,Placeholder image (/products/placeholder.svg),NO,1,,NO,,NO,,,YES,
g1-p0836,Cloth Brushb1,oral-care,Oral Care,G1 Mart Fresh,/products/packshots/bru-instant.jpg,NO,,YES,6,Shared by 6 products (bru-instant.jpg),YES,"Image shows Bru Instant Coffee Glass Jar / Pouch ('bru-instant.jpg'), but product is 'Cloth Brushb1' (Brand: G1 Mart Fresh)",NO,,,YES,
g1-p0837,Cloth Brash2,oral-care,Oral Care,G1 Mart Fresh,/products/placeholder.svg,YES,Placeholder image (/products/placeholder.svg),NO,1,,NO,,NO,,,YES,
g1-p0838,Cloth Pins,floor-surface-cleaners,Floor & Surface Cleaners,G1 Mart Fresh,/products/placeholder.svg,YES,Placeholder image (/products/placeholder.svg),NO,1,,NO,,NO,,,YES,
g1-p0839,Smart MOP,floor-surface-cleaners,Floor & Surface Cleaners,G1 Mart Fresh,/products/placeholder.svg,YES,Placeholder image (/products/placeholder.svg),NO,1,,NO,,NO,,,YES,
g1-p0840,C Three IN ONE,hygiene,Hygiene,G1 Mart Fresh,/products/placeholder.svg,YES,Placeholder image (/products/placeholder.svg),NO,1,,NO,,NO,,,YES,
g1-p0841,MOP Sticks B,floor-surface-cleaners,Floor & Surface Cleaners,G1 Mart Fresh,/products/placeholder.svg,YES,Placeholder image (/products/placeholder.svg),NO,1,,NO,,NO,,,YES,
g1-p0842,Cleaning Wiper,floor-surface-cleaners,Floor & Surface Cleaners,G1 Mart Fresh,/products/placeholder.svg,YES,Placeholder image (/products/placeholder.svg),NO,1,,NO,,NO,,,YES,
g1-p0843,Sscg3,floor-surface-cleaners,Floor & Surface Cleaners,G1 Mart Fresh,/products/placeholder.svg,YES,Placeholder image (/products/placeholder.svg),NO,1,,NO,,NO,,,YES,
g1-p0844,Sscg2,floor-surface-cleaners,Floor & Surface Cleaners,G1 Mart Fresh,/products/placeholder.svg,YES,Placeholder image (/products/placeholder.svg),NO,1,,NO,,NO,,,YES,
g1-p0845,Ssc5d,floor-surface-cleaners,Floor & Surface Cleaners,G1 Mart Fresh,/products/placeholder.svg,YES,Placeholder image (/products/placeholder.svg),NO,1,,NO,,NO,,,YES,
g1-p0846,Sscg4s,floor-surface-cleaners,Floor & Surface Cleaners,G1 Mart Fresh,/products/placeholder.svg,YES,Placeholder image (/products/placeholder.svg),NO,1,,NO,,NO,,,YES,
g1-p0847,Freedom OIL,oil-ghee-masala,Oil Ghee & Masala,Freedom,/products/placeholder.svg,YES,Placeholder image (/products/placeholder.svg),NO,1,,NO,,NO,,,NO,
g1-p0848,Dove Soap BAR,soaps-bath,Soaps & Bath,Dove,/products/packshots/dove-soap.jpg,NO,,YES,4,Shared by 4 products (dove-soap.jpg),NO,,NO,,,NO,
g1-p0849,Elashi,instant-food,Instant Food,G1 Mart Fresh,/products/placeholder.svg,YES,Placeholder image (/products/placeholder.svg),NO,1,,NO,,NO,,,YES,
g1-p0850,EXO Scrubrs,dishwash,Dishwash,Exo,/products/placeholder.svg,YES,Placeholder image (/products/placeholder.svg),NO,1,,NO,,NO,,,NO,
g1-p0851,Bingo Masala,oil-ghee-masala,Oil Ghee & Masala,Bingo,/products/placeholder.svg,YES,Placeholder image (/products/placeholder.svg),NO,1,,NO,,NO,,,NO,
g1-p0852,SRI Durga Papula Podi150g,instant-food,Instant Food,G1 Mart Fresh,/products/placeholder.svg,YES,Placeholder image (/products/placeholder.svg),NO,1,,NO,,NO,,,YES,
g1-p0853,Dark Fantasy5rs,biscuits-bakery,Biscuits & Bakery,G1 Mart Fresh,/products/placeholder.svg,YES,Placeholder image (/products/placeholder.svg),NO,1,,NO,,NO,,,YES,
g1-p0854,Desi Popz,instant-food,Instant Food,G1 Mart Fresh,/products/placeholder.svg,YES,Placeholder image (/products/placeholder.svg),NO,1,,NO,,NO,,,YES,
g1-p0855,Lion Honey,hygiene,Hygiene,G1 Mart Fresh,/products/placeholder.svg,YES,Placeholder image (/products/placeholder.svg),NO,1,,NO,,NO,,,YES,
g1-p0856,Knorr Spicy Jjajangmyeon,instant-food,Instant Food,G1 Mart Fresh,/products/placeholder.svg,YES,Placeholder image (/products/placeholder.svg),NO,1,,NO,,NO,,,YES,Knorr
g1-p0857,Sunfeast Day&night,instant-food,Instant Food,Sunfeast,/products/placeholder.svg,YES,Placeholder image (/products/placeholder.svg),NO,1,,NO,,NO,,,NO,
g1-p0858,Mrow,hygiene,Hygiene,G1 Mart Fresh,/products/placeholder.svg,YES,Placeholder image (/products/placeholder.svg),NO,1,,NO,,NO,,,YES,
g1-p0859,Aashirvaad Rava,atta-rice-dal,Atta Rice & Dal,Aashirvaad,/products/packshots/aashirvaad-suji-rava.jpg,NO,,YES,2,Shared by 2 products (aashirvaad-suji-rava.jpg),NO,,NO,,,NO,
g1-p0860,Dansi Rava,atta-rice-dal,Atta Rice & Dal,G1 Mart Fresh,/products/placeholder.svg,YES,Placeholder image (/products/placeholder.svg),NO,1,,NO,,NO,,,YES,
g1-p0861,Bingo Masti,chips-namkeen,Chips & Namkeen,Bingo,/products/placeholder.svg,YES,Placeholder image (/products/placeholder.svg),NO,1,,NO,,NO,,,NO,
g1-p0862,Bingo Tomato,vegetables-fruits,Vegetables & Fruits,Bingo,/products/placeholder.svg,YES,Placeholder image (/products/placeholder.svg),NO,1,,NO,,YES,chips-namkeen,"Snack chips placed in Vegetables & Fruits by ""tomato""/""onion"" keyword",NO,
g1-p0863,Bingo Korean,chips-namkeen,Chips & Namkeen,Bingo,/products/placeholder.svg,YES,Placeholder image (/products/placeholder.svg),NO,1,,NO,,NO,,,NO,
g1-p0864,Bino Temato,instant-food,Instant Food,G1 Mart Fresh,/products/placeholder.svg,YES,Placeholder image (/products/placeholder.svg),NO,1,,NO,,NO,,,YES,
g1-p0865,Bingo Chilli,oil-ghee-masala,Oil Ghee & Masala,Bingo,/products/packshots/aachi-chilli.jpg,NO,,YES,11,Shared by 11 products (aachi-chilli.jpg),YES,"Image shows Aachi Red Chilli Powder Red Packet ('aachi-chilli.jpg'), but product is 'Bingo Chilli' (Brand: Bingo)",NO,,,NO,
g1-p0866,Yippee Magic Masala,oil-ghee-masala,Oil Ghee & Masala,G1 Mart Fresh,/products/placeholder.svg,YES,Placeholder image (/products/placeholder.svg),NO,1,,NO,,NO,,,YES,Sunfeast Yippee
g1-p0867,SAI Bansi Ravva,atta-rice-dal,Atta Rice & Dal,G1 Mart Fresh,/products/packshots/toor-dal.jpg,NO,,YES,95,Shared by 95 products (toor-dal.jpg),YES,"Image shows Toor Dal (Yellow Pigeon Peas) ('toor-dal.jpg'), but product is 'SAI Bansi Ravva' (Brand: G1 Mart Fresh)",NO,,,YES,
g1-p0868,VIM Pudina Fresh,dishwash,Dishwash,Vim,/products/packshots/vim-bar.jpg,NO,,YES,8,Shared by 8 products (vim-bar.jpg),YES,"Image shows Vim Green Dishwash Bar with Lemon ('vim-bar.jpg'), but product is 'VIM Pudina Fresh' (Brand: Vim)",NO,,,NO,
g1-p0869,Milkybar Choo,dairy-bread-eggs,Dairy Bread & Eggs,G1 Mart Fresh,/products/placeholder.svg,YES,Placeholder image (/products/placeholder.svg),NO,1,,NO,,NO,,,YES,Nestle
g1-p0870,Flair Carbonix0.7mm,hygiene,Hygiene,G1 Mart Fresh,/products/placeholder.svg,YES,Placeholder image (/products/placeholder.svg),NO,1,,NO,,NO,,,YES,
g1-p0871,Camlin 0.7mm Ledis,hygiene,Hygiene,G1 Mart Fresh,/products/placeholder.svg,YES,Placeholder image (/products/placeholder.svg),NO,1,,NO,,NO,,,YES,
g1-p0872,Pepper Bols,oil-ghee-masala,Oil Ghee & Masala,G1 Mart Fresh,/products/packshots/toor-dal.jpg,NO,,YES,95,Shared by 95 products (toor-dal.jpg),YES,"Image shows Toor Dal (Yellow Pigeon Peas) ('toor-dal.jpg'), but product is 'Pepper Bols' (Brand: G1 Mart Fresh)",NO,,,YES,
g1-p0873,SRI Durga Singer Garlic,hygiene,Hygiene,G1 Mart Fresh,/products/placeholder.svg,YES,Placeholder image (/products/placeholder.svg),NO,1,,NO,,NO,,,YES,
g1-p0874,Freedom Groundnut OLI,oil-ghee-masala,Oil Ghee & Masala,Freedom,/products/placeholder.svg,YES,Placeholder image (/products/placeholder.svg),NO,1,,NO,,NO,,,NO,
g1-p0875,C Naivedya CUP Sambrani,hygiene,Hygiene,G1 Mart Fresh,/products/placeholder.svg,YES,Placeholder image (/products/placeholder.svg),NO,1,,NO,,NO,,,YES,
g1-p0876,Gangi Pendi,hygiene,Hygiene,G1 Mart Fresh,/products/placeholder.svg,YES,Placeholder image (/products/placeholder.svg),NO,1,,NO,,NO,,,YES,
g1-p0877,Gasagasaalu,sugar-salt-staples,Sugar Salt & Staples,G1 Mart Fresh,/products/placeholder.svg,YES,Placeholder image (/products/placeholder.svg),NO,1,,NO,,NO,,,YES,
g1-p0878,Sompu (sweet Fennel Seeds,oil-ghee-masala,Oil Ghee & Masala,G1 Mart Fresh,/products/packshots/toor-dal.jpg,NO,,YES,95,Shared by 95 products (toor-dal.jpg),YES,"Image shows Toor Dal (Yellow Pigeon Peas) ('toor-dal.jpg'), but product is 'Sompu (sweet Fennel Seeds' (Brand: G1 Mart Fresh)",NO,,,YES,
g1-p0879,Menthulu (fenugreek Seeds,oil-ghee-masala,Oil Ghee & Masala,G1 Mart Fresh,/products/packshots/toor-dal.jpg,NO,,YES,95,Shared by 95 products (toor-dal.jpg),YES,"Image shows Toor Dal (Yellow Pigeon Peas) ('toor-dal.jpg'), but product is 'Menthulu (fenugreek Seeds' (Brand: G1 Mart Fresh)",NO,,,YES,
g1-p0880,Cliinic Plus Fengreek,hygiene,Hygiene,G1 Mart Fresh,/products/placeholder.svg,YES,Placeholder image (/products/placeholder.svg),NO,1,,NO,,NO,,,YES,
g1-p0881,Cliinice Plus EGG,dairy-bread-eggs,Dairy Bread & Eggs,G1 Mart Fresh,/products/placeholder.svg,YES,Placeholder image (/products/placeholder.svg),NO,1,,NO,,NO,,,YES,
g1-p0882,3 Roses Natural Care,tea-coffee-milk-drinks,Tea Coffee & Milk Drinks,3 Roses,/products/placeholder.svg,YES,Placeholder image (/products/placeholder.svg),NO,1,,NO,,NO,,,NO,
g1-p0883,LIA Chandana,hygiene,Hygiene,G1 Mart Fresh,/products/placeholder.svg,YES,Placeholder image (/products/placeholder.svg),NO,1,,NO,,NO,,,YES,
g1-p0884,Broore Bond 3roses,hygiene,Hygiene,3 Roses,/products/placeholder.svg,YES,Placeholder image (/products/placeholder.svg),NO,1,,NO,,NO,,,NO,
g1-p0885,3roses,hygiene,Hygiene,3 Roses,/products/placeholder.svg,YES,Placeholder image (/products/placeholder.svg),NO,1,,NO,,NO,,,NO,
g1-p0886,BRU Green Label,tea-coffee-milk-drinks,Tea Coffee & Milk Drinks,Bru,/products/packshots/bru-instant.png,NO,,YES,6,Shared by 6 products (bru-instant.png),YES,"Image shows Bru Instant Coffee Cutout ('bru-instant.png'), but product is 'BRU Green Label' (Brand: Bru)",NO,,,NO,
g1-p0887,BRU Super Strong,tea-coffee-milk-drinks,Tea Coffee & Milk Drinks,Bru,/products/packshots/bru-instant.png,NO,,YES,6,Shared by 6 products (bru-instant.png),YES,"Image shows Bru Instant Coffee Cutout ('bru-instant.png'), but product is 'BRU Super Strong' (Brand: Bru)",NO,,,NO,
g1-p0888,Cliinic Plus Rice Water,atta-rice-dal,Atta Rice & Dal,G1 Mart Fresh,/products/placeholder.svg,YES,Placeholder image (/products/placeholder.svg),NO,1,,NO,,NO,,,YES,
g1-p0889,LIA Jasmin,hygiene,Hygiene,G1 Mart Fresh,/products/placeholder.svg,YES,Placeholder image (/products/placeholder.svg),NO,1,,NO,,NO,,,YES,
g1-p0890,Boost BOX,drinks-juices,Drinks & Juices,Boost,/products/packshots/frooti.jpg,NO,,YES,16,Shared by 16 products (frooti.jpg),YES,"Image shows Frooti Mango Drink Yellow Tetra/Bottle ('frooti.jpg'), but product is 'Boost BOX' (Brand: Boost)",NO,,,NO,
g1-p0891,Horlicks Womens Plus,drinks-juices,Drinks & Juices,Horlicks,/products/packshots/frooti.jpg,NO,,YES,16,Shared by 16 products (frooti.jpg),YES,"Image shows Frooti Mango Drink Yellow Tetra/Bottle ('frooti.jpg'), but product is 'Horlicks Womens Plus' (Brand: Horlicks)",NO,,,NO,
g1-p0892,Sensodyne Bresh,hygiene,Hygiene,G1 Mart Fresh,/products/placeholder.svg,YES,Placeholder image (/products/placeholder.svg),NO,1,,NO,,NO,,,YES,Sensodyne
g1-p0893,Pumpkin Seeds,sugar-salt-staples,Sugar Salt & Staples,G1 Mart Fresh,/products/packshots/toor-dal.jpg,NO,,YES,95,Shared by 95 products (toor-dal.jpg),YES,"Image shows Toor Dal (Yellow Pigeon Peas) ('toor-dal.jpg'), but product is 'Pumpkin Seeds' (Brand: G1 Mart Fresh)",NO,,,YES,
g1-p0894,Sunflower Seeds,oil-ghee-masala,Oil Ghee & Masala,G1 Mart Fresh,/products/packshots/sunflower-oil.jpg,NO,,NO,1,,NO,,NO,,,YES,
g1-p0895,Muskmelon Seeds,sugar-salt-staples,Sugar Salt & Staples,G1 Mart Fresh,/products/packshots/toor-dal.jpg,NO,,YES,95,Shared by 95 products (toor-dal.jpg),YES,"Image shows Toor Dal (Yellow Pigeon Peas) ('toor-dal.jpg'), but product is 'Muskmelon Seeds' (Brand: G1 Mart Fresh)",NO,,,YES,
g1-p0896,Ponds Cold Cream,skin-care,Skin Care,G1 Mart Fresh,/products/placeholder.svg,YES,Placeholder image (/products/placeholder.svg),NO,1,,NO,,NO,,,YES,Pond's
g1-p0897,Gadda Camphpr,hygiene,Hygiene,G1 Mart Fresh,/products/placeholder.svg,YES,Placeholder image (/products/placeholder.svg),NO,1,,NO,,NO,,,YES,
g1-p0898,Watermelon Seeds,sugar-salt-staples,Sugar Salt & Staples,G1 Mart Fresh,/products/packshots/toor-dal.jpg,NO,,YES,95,Shared by 95 products (toor-dal.jpg),YES,"Image shows Toor Dal (Yellow Pigeon Peas) ('toor-dal.jpg'), but product is 'Watermelon Seeds' (Brand: G1 Mart Fresh)",NO,,,YES,
g1-p0899,LIA Rose,hygiene,Hygiene,G1 Mart Fresh,/products/placeholder.svg,YES,Placeholder image (/products/placeholder.svg),NO,1,,NO,,NO,,,YES,
g1-p0900,Camphor,pooja-needs,Pooja Needs,G1 Mart Fresh,/products/packshots/pooja-agarbatti.jpg,NO,,YES,7,Shared by 7 products (pooja-agarbatti.jpg),YES,"Image shows Pooja Agarbatti Incense Sticks ('pooja-agarbatti.jpg'), but product is 'Camphor' (Brand: G1 Mart Fresh)",NO,,,YES,
g1-p0901,Lakme 2in1,hygiene,Hygiene,G1 Mart Fresh,/products/placeholder.svg,YES,Placeholder image (/products/placeholder.svg),NO,1,,NO,,NO,,,YES,
g1-p0902,Parachute Aloe Vera,hair-care,Hair Care,Parachute,/products/packshots/parachute-oil.jpg,NO,,YES,22,Shared by 22 products (parachute-oil.jpg),NO,,NO,,,NO,
g1-p0903,Eagle Sambrani,hygiene,Hygiene,G1 Mart Fresh,/products/placeholder.svg,YES,Placeholder image (/products/placeholder.svg),NO,1,,NO,,NO,,,YES,
g1-p0904,Ambika Sambrani,hygiene,Hygiene,G1 Mart Fresh,/products/placeholder.svg,YES,Placeholder image (/products/placeholder.svg),NO,1,,NO,,NO,,,YES,
g1-p0905,Wagh Bakri,tea-coffee-milk-drinks,Tea Coffee & Milk Drinks,Wagh Bakri,/products/packshots/wagh-bakri-tea.jpg,NO,,YES,4,Shared by 4 products (wagh-bakri-tea.jpg),NO,,NO,,,NO,
g1-p0906,Waghb Bakri Elaichi,hygiene,Hygiene,G1 Mart Fresh,/products/packshots/wagh-bakri-tea.jpg,NO,,YES,4,Shared by 4 products (wagh-bakri-tea.jpg),YES,"Image shows Wagh Bakri Premium Leaf Tea Orange Pack ('wagh-bakri-tea.jpg'), but product is 'Waghb Bakri Elaichi' (Brand: G1 Mart Fresh)",NO,,,YES,
g1-p0907,Cycle LIA Lavender,hygiene,Hygiene,G1 Mart Fresh,/products/placeholder.svg,YES,Placeholder image (/products/placeholder.svg),NO,1,,NO,,NO,,,YES,Cycle Pure Agarbathies
g1-p0908,Musore Sandal Baby 75,baby-care,Baby Care,G1 Mart Fresh,/products/packshots/toor-dal.jpg,NO,,YES,95,Shared by 95 products (toor-dal.jpg),YES,"Image shows Toor Dal (Yellow Pigeon Peas) ('toor-dal.jpg'), but product is 'Musore Sandal Baby 75' (Brand: G1 Mart Fresh)",NO,,,YES,
g1-p0909,Gokilam Dates,hygiene,Hygiene,G1 Mart Fresh,/products/placeholder.svg,YES,Placeholder image (/products/placeholder.svg),NO,1,,NO,,NO,,,YES,
g1-p0910,Mysore Sandal CUO Sambrani,soaps-bath,Soaps & Bath,Mysore Sandal,/products/packshots/mysore-sandal-soap.jpg,NO,,YES,7,Shared by 7 products (mysore-sandal-soap.jpg),NO,,NO,,,NO,
g1-p0911,Right Zoom,hygiene,Hygiene,G1 Mart Fresh,/products/placeholder.svg,YES,Placeholder image (/products/placeholder.svg),NO,1,,NO,,NO,,,YES,
g1-p0912,Right Zoomb,hygiene,Hygiene,G1 Mart Fresh,/products/placeholder.svg,YES,Placeholder image (/products/placeholder.svg),NO,1,,NO,,NO,,,YES,
g1-p0913,Swastiks Vermicelli,atta-rice-dal,Atta Rice & Dal,G1 Mart Fresh,/products/placeholder.svg,YES,Placeholder image (/products/placeholder.svg),NO,1,,NO,,NO,,,YES,
g1-p0914,Apsara Pencils,hygiene,Hygiene,G1 Mart Fresh,/products/placeholder.svg,YES,Placeholder image (/products/placeholder.svg),NO,1,,NO,,NO,,,YES,
g1-p0915,Liril Limen,hygiene,Hygiene,G1 Mart Fresh,/products/placeholder.svg,YES,Placeholder image (/products/placeholder.svg),NO,1,,NO,,NO,,,YES,Liril
g1-p0916,Cycle LIA Pinapple,hygiene,Hygiene,G1 Mart Fresh,/products/placeholder.svg,YES,Placeholder image (/products/placeholder.svg),NO,1,,NO,,NO,,,YES,Cycle Pure Agarbathies
g1-p0917,Mysore Sandal Kleenoi,soaps-bath,Soaps & Bath,Mysore Sandal,/products/packshots/mysore-sandal-soap.jpg,NO,,YES,7,Shared by 7 products (mysore-sandal-soap.jpg),NO,,NO,,,NO,
g1-p0918,Ultra Wash,hygiene,Hygiene,G1 Mart Fresh,/products/placeholder.svg,YES,Placeholder image (/products/placeholder.svg),NO,1,,NO,,NO,,,YES,
g1-p0919,Bleaching Powder,soaps-bath,Soaps & Bath,G1 Mart Fresh,/products/placeholder.svg,YES,Placeholder image (/products/placeholder.svg),NO,1,,NO,,NO,,,YES,
g1-p0920,Swastiks RED Chilli Pickle,oil-ghee-masala,Oil Ghee & Masala,G1 Mart Fresh,/products/packshots/aachi-chilli.jpg,NO,,YES,11,Shared by 11 products (aachi-chilli.jpg),YES,"Image shows Aachi Red Chilli Powder Red Packet ('aachi-chilli.jpg'), but product is 'Swastiks RED Chilli Pickle' (Brand: G1 Mart Fresh)",NO,,,YES,
g1-p0921,Knorr RED Chilli Sauce,sauces-spreads,Sauces & Spreads,G1 Mart Fresh,/products/packshots/aachi-chilli.jpg,NO,,YES,11,Shared by 11 products (aachi-chilli.jpg),YES,"Image shows Aachi Red Chilli Powder Red Packet ('aachi-chilli.jpg'), but product is 'Knorr RED Chilli Sauce' (Brand: G1 Mart Fresh)",NO,,,YES,Knorr
g1-p0922,Ujala Crisp Shine,hygiene,Hygiene,G1 Mart Fresh,/products/placeholder.svg,YES,Placeholder image (/products/placeholder.svg),NO,1,,NO,,NO,,,YES,Ujala
g1-p0923,Oiones,hygiene,Hygiene,G1 Mart Fresh,/products/placeholder.svg,YES,Placeholder image (/products/placeholder.svg),NO,1,,NO,,NO,,,YES,
g1-p0924,C Sugandha Mallika,hygiene,Hygiene,G1 Mart Fresh,/products/placeholder.svg,YES,Placeholder image (/products/placeholder.svg),NO,1,,NO,,NO,,,YES,
g1-p0925,Ponds Body Powder,soaps-bath,Soaps & Bath,G1 Mart Fresh,/products/placeholder.svg,YES,Placeholder image (/products/placeholder.svg),NO,1,,NO,,NO,,,YES,Pond's
g1-p0926,Ponds Body Powder Magic,soaps-bath,Soaps & Bath,G1 Mart Fresh,/products/placeholder.svg,YES,Placeholder image (/products/placeholder.svg),NO,1,,NO,,NO,,,YES,Pond's
g1-p0927,Ponds Body Powder Aloe Cooling,soaps-bath,Soaps & Bath,G1 Mart Fresh,/products/placeholder.svg,YES,Placeholder image (/products/placeholder.svg),NO,1,,NO,,NO,,,YES,Pond's
g1-p0928,Ponds Body Powder Starlight,soaps-bath,Soaps & Bath,G1 Mart Fresh,/products/placeholder.svg,YES,Placeholder image (/products/placeholder.svg),NO,1,,NO,,NO,,,YES,Pond's
g1-p0929,Ponds Body Powder Dreamflower,soaps-bath,Soaps & Bath,G1 Mart Fresh,/products/placeholder.svg,YES,Placeholder image (/products/placeholder.svg),NO,1,,NO,,NO,,,YES,Pond's
g1-p0930,NSR,sugar-salt-staples,Sugar Salt & Staples,G1 Mart Fresh,/products/packshots/toor-dal.jpg,NO,,YES,95,Shared by 95 products (toor-dal.jpg),YES,"Image shows Toor Dal (Yellow Pigeon Peas) ('toor-dal.jpg'), but product is 'NSR' (Brand: G1 Mart Fresh)",NO,,,YES,
g1-p0931,Ponds Body Powder Sandal,soaps-bath,Soaps & Bath,G1 Mart Fresh,/products/packshots/toor-dal.jpg,NO,,YES,95,Shared by 95 products (toor-dal.jpg),YES,"Image shows Toor Dal (Yellow Pigeon Peas) ('toor-dal.jpg'), but product is 'Ponds Body Powder Sandal' (Brand: G1 Mart Fresh)",NO,,,YES,Pond's
g1-p0932,C Sandlaum,hygiene,Hygiene,G1 Mart Fresh,/products/placeholder.svg,YES,Placeholder image (/products/placeholder.svg),NO,1,,NO,,NO,,,YES,
g1-p0933,Gokul Secret Garden,hygiene,Hygiene,G1 Mart Fresh,/products/placeholder.svg,YES,Placeholder image (/products/placeholder.svg),NO,1,,NO,,NO,,,YES,
g1-p0934,Gokul Floral Fresh,oral-care,Oral Care,G1 Mart Fresh,/products/placeholder.svg,YES,Placeholder image (/products/placeholder.svg),NO,1,,NO,,NO,,,YES,
g1-p0935,Kalkanda Candy,sweets-chocolates,Sweets & Chocolates,G1 Mart Fresh,/products/placeholder.svg,YES,Placeholder image (/products/placeholder.svg),NO,1,,NO,,NO,,,YES,
g1-p0936,EXO Ginger Lamon,dishwash,Dishwash,Exo,/products/placeholder.svg,YES,Placeholder image (/products/placeholder.svg),NO,1,,NO,,NO,,,NO,
g1-p0937,Mysore Sandal Agarbathi,soaps-bath,Soaps & Bath,Mysore Sandal,/products/packshots/mysore-sandal-soap.jpg,NO,,YES,7,Shared by 7 products (mysore-sandal-soap.jpg),NO,,NO,,,NO,
g1-p0938,Moms Magic Cashew& Almond,dry-fruits-cereals,Dry Fruits & Cereals,Sunfeast,/products/placeholder.svg,YES,Placeholder image (/products/placeholder.svg),NO,1,,NO,,NO,,,NO,
g1-p0939,HIT Anti Roach,floor-surface-cleaners,Floor & Surface Cleaners,G1 Mart Fresh,/products/placeholder.svg,YES,Placeholder image (/products/placeholder.svg),NO,1,,NO,,NO,,,YES,HIT
g1-p0940,Nycil Germ Expert,hygiene,Hygiene,G1 Mart Fresh,/products/placeholder.svg,YES,Placeholder image (/products/placeholder.svg),NO,1,,NO,,NO,,,YES,
g1-p0941,C Sandulum Cones,hygiene,Hygiene,G1 Mart Fresh,/products/placeholder.svg,YES,Placeholder image (/products/placeholder.svg),NO,1,,NO,,NO,,,YES,
g1-p0942,Fogg Spray,hygiene,Hygiene,G1 Mart Fresh,/products/placeholder.svg,YES,Placeholder image (/products/placeholder.svg),NO,1,,NO,,NO,,,YES,
g1-p0943,Fanta 10rupees,drinks-juices,Drinks & Juices,Fanta,/products/packshots/frooti.jpg,NO,,YES,16,Shared by 16 products (frooti.jpg),YES,"Image shows Frooti Mango Drink Yellow Tetra/Bottle ('frooti.jpg'), but product is 'Fanta 10rupees' (Brand: Fanta)",NO,,,NO,
g1-p0944,Limca 10rupees,instant-food,Instant Food,G1 Mart Fresh,/products/placeholder.svg,YES,Placeholder image (/products/placeholder.svg),NO,1,,NO,,NO,,,YES,Limca
g1-p0945,Tulips Cotton Swabs,instant-food,Instant Food,G1 Mart Fresh,/products/placeholder.svg,YES,Placeholder image (/products/placeholder.svg),NO,1,,NO,,NO,,,YES,
g1-p0946,Coca Cala,hygiene,Hygiene,G1 Mart Fresh,/products/placeholder.svg,YES,Placeholder image (/products/placeholder.svg),NO,1,,NO,,NO,,,YES,
g1-p0947,Cycle LIA Cones,hygiene,Hygiene,G1 Mart Fresh,/products/placeholder.svg,YES,Placeholder image (/products/placeholder.svg),NO,1,,NO,,NO,,,YES,Cycle Pure Agarbathies
g1-p0948,Sprite Zero Sugur,drinks-juices,Drinks & Juices,Sprite,/products/placeholder.svg,YES,Placeholder image (/products/placeholder.svg),NO,1,,NO,,NO,,,NO,
g1-p0949,Thumsup Xforce,hygiene,Hygiene,Thums Up,/products/packshots/thums-up.jpg,NO,,YES,2,Shared by 2 products (thums-up.jpg),NO,,NO,,,NO,
g1-p0950,Freedom,oil-ghee-masala,Oil Ghee & Masala,Freedom,/products/placeholder.svg,YES,Placeholder image (/products/placeholder.svg),NO,1,,NO,,NO,,,NO,
g1-p0951,Chilly Powder,soaps-bath,Soaps & Bath,G1 Mart Fresh,/products/placeholder.svg,YES,Placeholder image (/products/placeholder.svg),NO,1,,NO,,NO,,,YES,
g1-p0952,Freedom Rice,oil-ghee-masala,Oil Ghee & Masala,Freedom,/products/placeholder.svg,YES,Placeholder image (/products/placeholder.svg),NO,1,,NO,,NO,,,NO,
g1-p0953,Minute Maid Orange,drinks-juices,Drinks & Juices,G1 Mart Fresh,/products/packshots/frooti.jpg,NO,,YES,16,Shared by 16 products (frooti.jpg),YES,"Image shows Frooti Mango Drink Yellow Tetra/Bottle ('frooti.jpg'), but product is 'Minute Maid Orange' (Brand: G1 Mart Fresh)",NO,,,YES,Minute Maid
g1-p0954,Maaza,hygiene,Hygiene,G1 Mart Fresh,/products/packshots/frooti.jpg,NO,,YES,16,Shared by 16 products (frooti.jpg),YES,"Image shows Frooti Mango Drink Yellow Tetra/Bottle ('frooti.jpg'), but product is 'Maaza' (Brand: G1 Mart Fresh)",NO,,,YES,Maaza
g1-p0955,Rimzim Jeera (cumin Seeds,oil-ghee-masala,Oil Ghee & Masala,G1 Mart Fresh,/products/packshots/toor-dal.jpg,NO,,YES,95,Shared by 95 products (toor-dal.jpg),YES,"Image shows Toor Dal (Yellow Pigeon Peas) ('toor-dal.jpg'), but product is 'Rimzim Jeera (cumin Seeds' (Brand: G1 Mart Fresh)",NO,,,YES,
g1-p0956,Scissors 10inch,hygiene,Hygiene,G1 Mart Fresh,/products/placeholder.svg,YES,Placeholder image (/products/placeholder.svg),NO,1,,NO,,NO,,,YES,
g1-p0957,Scissors 8.2 Inch,hygiene,Hygiene,G1 Mart Fresh,/products/placeholder.svg,YES,Placeholder image (/products/placeholder.svg),NO,1,,NO,,NO,,,YES,
g1-p0958,RED Label Natural Care,tea-coffee-milk-drinks,Tea Coffee & Milk Drinks,Red Label,/products/packshots/red-label-tea.png,NO,,NO,1,,NO,,NO,,,NO,
g1-p0959,Kinley Salty Lemon Soda,sugar-salt-staples,Sugar Salt & Staples,G1 Mart Fresh,/products/placeholder.svg,YES,Placeholder image (/products/placeholder.svg),NO,1,,NO,,NO,,,YES,Kinley
g1-p0960,Kinleystrong Soda,hygiene,Hygiene,G1 Mart Fresh,/products/placeholder.svg,YES,Placeholder image (/products/placeholder.svg),NO,1,,NO,,NO,,,YES,
g1-p0961,Sprite,drinks-juices,Drinks & Juices,Sprite,/products/placeholder.svg,YES,Placeholder image (/products/placeholder.svg),NO,1,,NO,,NO,,,NO,
g1-p0962,Kinley Water,hygiene,Hygiene,G1 Mart Fresh,/products/placeholder.svg,YES,Placeholder image (/products/placeholder.svg),NO,1,,NO,,NO,,,YES,Kinley
g1-p0963,Kinley,hygiene,Hygiene,G1 Mart Fresh,/products/placeholder.svg,YES,Placeholder image (/products/placeholder.svg),NO,1,,NO,,NO,,,YES,Kinley
g1-p0964,Spis Himalaya Honey,hygiene,Hygiene,Himalaya,/products/placeholder.svg,YES,Placeholder image (/products/placeholder.svg),NO,1,,NO,,NO,,,NO,
g1-p0965,Broen Sugar,sugar-salt-staples,Sugar Salt & Staples,G1 Mart Fresh,/products/placeholder.svg,YES,Placeholder image (/products/placeholder.svg),NO,1,,NO,,NO,,,YES,
g1-p0966,MIX Fruit Jelly,vegetables-fruits,Vegetables & Fruits,G1 Mart Fresh,/products/placeholder.svg,YES,Placeholder image (/products/placeholder.svg),NO,1,,NO,,YES,sweets-chocolates,"Chocolate/Sweet placed in Vegetables & Fruits by ""fruit"" keyword",YES,
g1-p0967,Cherry,hygiene,Hygiene,G1 Mart Fresh,/products/placeholder.svg,YES,Placeholder image (/products/placeholder.svg),NO,1,,NO,,NO,,,YES,
g1-p0968,Oringe Candy,laundry-detergents,Laundry & Detergents,G1 Mart Fresh,/products/placeholder.svg,YES,Placeholder image (/products/placeholder.svg),NO,1,,NO,,NO,,,YES,
g1-p0969,Unibic Casew Badam,dry-fruits-cereals,Dry Fruits & Cereals,Unibic,/products/packshots/unibic-choco-ripple.jpg,NO,,YES,25,Shared by 25 products (unibic-choco-ripple.jpg),YES,"Image shows Unibic Choco Ripple Cookie Pack ('unibic-choco-ripple.jpg'), but product is 'Unibic Casew Badam' (Brand: Unibic)",NO,,,NO,
g1-p0970,Naturo,instant-food,Instant Food,G1 Mart Fresh,/products/placeholder.svg,YES,Placeholder image (/products/placeholder.svg),NO,1,,NO,,NO,,,YES,
g1-p0971,Kashmir MIX,hygiene,Hygiene,G1 Mart Fresh,/products/placeholder.svg,YES,Placeholder image (/products/placeholder.svg),NO,1,,NO,,NO,,,YES,
g1-p0972,Straberry Candyb,sweets-chocolates,Sweets & Chocolates,G1 Mart Fresh,/products/placeholder.svg,YES,Placeholder image (/products/placeholder.svg),NO,1,,NO,,NO,,,YES,
g1-p0973,Tulasi Sesame Jumbo 200,instant-food,Instant Food,G1 Mart Fresh,/products/placeholder.svg,YES,Placeholder image (/products/placeholder.svg),NO,1,,NO,,NO,,,YES,
g1-p0974,Tulasi Peanut,atta-rice-dal,Atta Rice & Dal,G1 Mart Fresh,/products/packshots/toor-dal.jpg,NO,,YES,95,Shared by 95 products (toor-dal.jpg),YES,"Image shows Toor Dal (Yellow Pigeon Peas) ('toor-dal.jpg'), but product is 'Tulasi Peanut' (Brand: G1 Mart Fresh)",NO,,,YES,
g1-p0975,Peanut Balls,atta-rice-dal,Atta Rice & Dal,G1 Mart Fresh,/products/packshots/toor-dal.jpg,NO,,YES,95,Shared by 95 products (toor-dal.jpg),YES,"Image shows Toor Dal (Yellow Pigeon Peas) ('toor-dal.jpg'), but product is 'Peanut Balls' (Brand: G1 Mart Fresh)",NO,,,YES,
g1-p0976,Honey,hygiene,Hygiene,G1 Mart Fresh,/products/placeholder.svg,YES,Placeholder image (/products/placeholder.svg),NO,1,,NO,,NO,,,YES,
g1-p0977,Nattu Sakkarai,hygiene,Hygiene,G1 Mart Fresh,/products/placeholder.svg,YES,Placeholder image (/products/placeholder.svg),NO,1,,NO,,NO,,,YES,
g1-p0978,Salt Bisckit,sugar-salt-staples,Sugar Salt & Staples,G1 Mart Fresh,/products/placeholder.svg,YES,Placeholder image (/products/placeholder.svg),NO,1,,NO,,NO,,,YES,
g1-p0979,Mayur Makhana,sugar-salt-staples,Sugar Salt & Staples,G1 Mart Fresh,/products/placeholder.svg,YES,Placeholder image (/products/placeholder.svg),NO,1,,NO,,NO,,,YES,
g1-p0980,Coconut Fudge,hygiene,Hygiene,G1 Mart Fresh,/products/placeholder.svg,YES,Placeholder image (/products/placeholder.svg),NO,1,,NO,,NO,,,YES,
g1-p0981,Fofello,hygiene,Hygiene,G1 Mart Fresh,/products/placeholder.svg,YES,Placeholder image (/products/placeholder.svg),NO,1,,NO,,NO,,,YES,
g1-p0982,Kaju Butter,dry-fruits-cereals,Dry Fruits & Cereals,G1 Mart Fresh,/products/placeholder.svg,YES,Placeholder image (/products/placeholder.svg),NO,1,,NO,,NO,,,YES,
g1-p0983,Jewels,hygiene,Hygiene,G1 Mart Fresh,/products/placeholder.svg,YES,Placeholder image (/products/placeholder.svg),NO,1,,NO,,NO,,,YES,
g1-p0984,Almond Roasted,dry-fruits-cereals,Dry Fruits & Cereals,G1 Mart Fresh,/products/placeholder.svg,YES,Placeholder image (/products/placeholder.svg),NO,1,,NO,,NO,,,YES,
g1-p0985,Pistachio,dry-fruits-cereals,Dry Fruits & Cereals,G1 Mart Fresh,/products/placeholder.svg,YES,Placeholder image (/products/placeholder.svg),NO,1,,NO,,NO,,,YES,
g1-p0986,Osmania Bisc,hygiene,Hygiene,G1 Mart Fresh,/products/placeholder.svg,YES,Placeholder image (/products/placeholder.svg),NO,1,,NO,,NO,,,YES,
g1-p0987,Barari Dattes,hygiene,Hygiene,G1 Mart Fresh,/products/placeholder.svg,YES,Placeholder image (/products/placeholder.svg),NO,1,,NO,,NO,,,YES,
g1-p0988,Makhana Savory&crunch,hygiene,Hygiene,G1 Mart Fresh,/products/placeholder.svg,YES,Placeholder image (/products/placeholder.svg),NO,1,,NO,,NO,,,YES,
g1-p0989,Mint Pudina,hygiene,Hygiene,G1 Mart Fresh,/products/placeholder.svg,YES,Placeholder image (/products/placeholder.svg),NO,1,,NO,,NO,,,YES,
g1-p0990,Coriander Powder,soaps-bath,Soaps & Bath,G1 Mart Fresh,/products/packshots/britannia-bourbon.jpg,NO,,YES,5,Shared by 5 products (britannia-bourbon.jpg),YES,"Image shows Britannia Bourbon Chocolate Cream Biscuits Pack ('britannia-bourbon.jpg'), but product is 'Coriander Powder' (Brand: G1 Mart Fresh)",NO,,,YES,
g1-p0991,Makhana Punjabi Tikka,instant-food,Instant Food,G1 Mart Fresh,/products/placeholder.svg,YES,Placeholder image (/products/placeholder.svg),NO,1,,NO,,NO,,,YES,
g1-p0992,Makhana Seasalt&pepper,oil-ghee-masala,Oil Ghee & Masala,G1 Mart Fresh,/products/placeholder.svg,YES,Placeholder image (/products/placeholder.svg),NO,1,,NO,,NO,,,YES,
g1-p0993,Makhana Mrxican Jalarena,instant-food,Instant Food,G1 Mart Fresh,/products/placeholder.svg,YES,Placeholder image (/products/placeholder.svg),NO,1,,NO,,NO,,,YES,
g1-p0994,Makhana Tomata,instant-food,Instant Food,G1 Mart Fresh,/products/placeholder.svg,YES,Placeholder image (/products/placeholder.svg),NO,1,,NO,,NO,,,YES,
g1-p0995,Makhana Cream&onion,vegetables-fruits,Vegetables & Fruits,G1 Mart Fresh,/products/placeholder.svg,YES,Placeholder image (/products/placeholder.svg),NO,1,,NO,,YES,chips-namkeen,"Snack chips placed in Vegetables & Fruits by ""tomato""/""onion"" keyword",YES,
g1-p0996,Makhana Cheese&garlic,instant-food,Instant Food,G1 Mart Fresh,/products/placeholder.svg,YES,Placeholder image (/products/placeholder.svg),NO,1,,NO,,NO,,,YES,
g1-p0997,Vijaya Groundnut OIL,oil-ghee-masala,Oil Ghee & Masala,G1 Mart Fresh,/products/placeholder.svg,YES,Placeholder image (/products/placeholder.svg),NO,1,,NO,,NO,,,YES,
g1-p0998,Organic Jaggery Candy,sugar-salt-staples,Sugar Salt & Staples,G1 Mart Fresh,/products/placeholder.svg,YES,Placeholder image (/products/placeholder.svg),NO,1,,NO,,NO,,,YES,
g1-p0999,Organic Jaggery &ginger500g,sugar-salt-staples,Sugar Salt & Staples,G1 Mart Fresh,/products/placeholder.svg,YES,Placeholder image (/products/placeholder.svg),NO,1,,NO,,NO,,,YES,
g1-p1000,Oats,dry-fruits-cereals,Dry Fruits & Cereals,G1 Mart Fresh,/products/placeholder.svg,YES,Placeholder image (/products/placeholder.svg),NO,1,,NO,,NO,,,YES,
g1-p1001,Aashirvaad Chilli Powder,soaps-bath,Soaps & Bath,Aashirvaad,/products/packshots/aashirvaad-atta.jpg,NO,,YES,5,Shared by 5 products (aashirvaad-atta.jpg),YES,"Image shows Aashirvaad Shuddh Chakki Whole Wheat Atta Bag ('aashirvaad-atta.jpg'), but product is 'Aashirvaad Chilli Powder' (Brand: Aashirvaad)",NO,,,NO,
g1-p1002,Acid,floor-surface-cleaners,Floor & Surface Cleaners,G1 Mart Fresh,/products/placeholder.svg,YES,Placeholder image (/products/placeholder.svg),NO,1,,NO,,NO,,,YES,
g1-p1003,Super MOP,hygiene,Hygiene,G1 Mart Fresh,/products/placeholder.svg,YES,Placeholder image (/products/placeholder.svg),NO,1,,NO,,NO,,,YES,
g1-p1004,LG Engiva,hygiene,Hygiene,G1 Mart Fresh,/products/placeholder.svg,YES,Placeholder image (/products/placeholder.svg),NO,1,,NO,,NO,,,YES,
g1-p1005,Endu Mirchi,hygiene,Hygiene,G1 Mart Fresh,/products/packshots/aachi-chilli.jpg,NO,,YES,11,Shared by 11 products (aachi-chilli.jpg),YES,"Image shows Aachi Red Chilli Powder Red Packet ('aachi-chilli.jpg'), but product is 'Endu Mirchi' (Brand: G1 Mart Fresh)",NO,,,YES,
g1-p1006,Endu Merchi,sugar-salt-staples,Sugar Salt & Staples,G1 Mart Fresh,/products/placeholder.svg,YES,Placeholder image (/products/placeholder.svg),NO,1,,NO,,NO,,,YES,
g1-p1007,Makhana Seeds,hygiene,Hygiene,G1 Mart Fresh,/products/placeholder.svg,YES,Placeholder image (/products/placeholder.svg),NO,1,,NO,,YES,atta-rice-dal,Pulses/Dal placed in Hygiene department due to unmapped fallback,YES,
g1-p1008,Salt Pista,dry-fruits-cereals,Dry Fruits & Cereals,G1 Mart Fresh,/products/placeholder.svg,YES,Placeholder image (/products/placeholder.svg),NO,1,,NO,,NO,,,YES,
g1-p1009,Dazzy Orientto BOX,instant-food,Instant Food,G1 Mart Fresh,/products/placeholder.svg,YES,Placeholder image (/products/placeholder.svg),NO,1,,NO,,NO,,,YES,Dazzy
g1-p1010,Ponds Bricht Beauty,hygiene,Hygiene,G1 Mart Fresh,/products/placeholder.svg,YES,Placeholder image (/products/placeholder.svg),NO,1,,NO,,NO,,,YES,Pond's
g1-p1011,Alasandalu,atta-rice-dal,Atta Rice & Dal,G1 Mart Fresh,/products/packshots/toor-dal.jpg,NO,,YES,95,Shared by 95 products (toor-dal.jpg),YES,"Image shows Toor Dal (Yellow Pigeon Peas) ('toor-dal.jpg'), but product is 'Alasandalu' (Brand: G1 Mart Fresh)",NO,,,YES,
g1-p1012,RED Alasandalu,atta-rice-dal,Atta Rice & Dal,G1 Mart Fresh,/products/packshots/toor-dal.jpg,NO,,YES,95,Shared by 95 products (toor-dal.jpg),YES,"Image shows Toor Dal (Yellow Pigeon Peas) ('toor-dal.jpg'), but product is 'RED Alasandalu' (Brand: G1 Mart Fresh)",NO,,,YES,
g1-p1013,RIN Antibav,laundry-detergents,Laundry & Detergents,Rin,/products/placeholder.svg,YES,Placeholder image (/products/placeholder.svg),NO,1,,NO,,NO,,,NO,
g1-p1014,Subha Lakshmi Turmeric 100,oil-ghee-masala,Oil Ghee & Masala,G1 Mart Fresh,/products/packshots/turmeric-powder.jpg,NO,,YES,5,Shared by 5 products (turmeric-powder.jpg),NO,,NO,,,YES,
g1-p1015,Gemini TEE,oil-ghee-masala,Oil Ghee & Masala,Gemini,/products/placeholder.svg,YES,Placeholder image (/products/placeholder.svg),NO,1,,NO,,NO,,,NO,
g1-p1016,JS Oile,oil-ghee-masala,Oil Ghee & Masala,G1 Mart Fresh,/products/placeholder.svg,YES,Placeholder image (/products/placeholder.svg),NO,1,,NO,,NO,,,YES,
g1-p1017,LUX Glutathione,soaps-bath,Soaps & Bath,Lux,/products/packshots/lux-soap.png,NO,,YES,7,Shared by 7 products (lux-soap.png),NO,,NO,,,NO,
g1-p1018,Colgate Maxfesh,oral-care,Oral Care,Colgate,/products/packshots/colgate-toothpaste.jpg,NO,,YES,17,Shared by 17 products (colgate-toothpaste.jpg),NO,,NO,,,NO,
g1-p1019,Gulab Jamum MIX,sauces-spreads,Sauces & Spreads,G1 Mart Fresh,/products/placeholder.svg,YES,Placeholder image (/products/placeholder.svg),NO,1,,NO,,NO,,,YES,
g1-p1020,Aachhi Garam Masala,oil-ghee-masala,Oil Ghee & Masala,Aachi,/products/placeholder.svg,YES,Placeholder image (/products/placeholder.svg),NO,1,,NO,,NO,,,NO,
g1-p1021,Colgate Extra Medium,oral-care,Oral Care,Colgate,/products/packshots/colgate-toothpaste.jpg,NO,,YES,17,Shared by 17 products (colgate-toothpaste.jpg),NO,,NO,,,NO,
g1-p1022,SRI Durga Coriander,oil-ghee-masala,Oil Ghee & Masala,G1 Mart Fresh,/products/packshots/toor-dal.jpg,NO,,YES,95,Shared by 95 products (toor-dal.jpg),YES,"Image shows Toor Dal (Yellow Pigeon Peas) ('toor-dal.jpg'), but product is 'SRI Durga Coriander' (Brand: G1 Mart Fresh)",NO,,,YES,
g1-p1023,ITC Chikkin Masala,oil-ghee-masala,Oil Ghee & Masala,G1 Mart Fresh,/products/packshots/toor-dal.jpg,NO,,YES,95,Shared by 95 products (toor-dal.jpg),YES,"Image shows Toor Dal (Yellow Pigeon Peas) ('toor-dal.jpg'), but product is 'ITC Chikkin Masala' (Brand: G1 Mart Fresh)",NO,,,YES,
g1-p1024,Knorr Dark Soya SAS,instant-food,Instant Food,G1 Mart Fresh,/products/placeholder.svg,YES,Placeholder image (/products/placeholder.svg),NO,1,,NO,,NO,,,YES,Knorr
g1-p1025,ENO,instant-food,Instant Food,G1 Mart Fresh,/products/placeholder.svg,YES,Placeholder image (/products/placeholder.svg),NO,1,,NO,,NO,,,YES,
g1-p1026,Dove Shampoo,soaps-bath,Soaps & Bath,Dove,/products/packshots/dove-soap.jpg,NO,,YES,4,Shared by 4 products (dove-soap.jpg),NO,,NO,,,NO,
g1-p1027,Soanpapdi,instant-food,Instant Food,G1 Mart Fresh,/products/placeholder.svg,YES,Placeholder image (/products/placeholder.svg),NO,1,,NO,,NO,,,YES,
g1-p1028,Chenaga Pindi,hygiene,Hygiene,G1 Mart Fresh,/products/placeholder.svg,YES,Placeholder image (/products/placeholder.svg),NO,1,,NO,,NO,,,YES,
g1-p1029,Neem Nimyle,hygiene,Hygiene,G1 Mart Fresh,/products/placeholder.svg,YES,Placeholder image (/products/placeholder.svg),NO,1,,NO,,NO,,,YES,
g1-p1030,Maida Pindi,atta-rice-dal,Atta Rice & Dal,G1 Mart Fresh,/products/placeholder.svg,YES,Placeholder image (/products/placeholder.svg),NO,1,,NO,,NO,,,YES,
g1-p1031,Pachi Karpooram BOX,hygiene,Hygiene,G1 Mart Fresh,/products/placeholder.svg,YES,Placeholder image (/products/placeholder.svg),NO,1,,NO,,NO,,,YES,
g1-p1032,ITC Garam Masala,oil-ghee-masala,Oil Ghee & Masala,G1 Mart Fresh,/products/packshots/toor-dal.jpg,NO,,YES,95,Shared by 95 products (toor-dal.jpg),YES,"Image shows Toor Dal (Yellow Pigeon Peas) ('toor-dal.jpg'), but product is 'ITC Garam Masala' (Brand: G1 Mart Fresh)",NO,,,YES,
g1-p1033,Pachi Karpooram,hygiene,Hygiene,G1 Mart Fresh,/products/placeholder.svg,YES,Placeholder image (/products/placeholder.svg),NO,1,,NO,,NO,,,YES,
g1-p1034,Parachute Ayurvedic,hair-care,Hair Care,Parachute,/products/packshots/parachute-oil.jpg,NO,,YES,22,Shared by 22 products (parachute-oil.jpg),NO,,NO,,,NO,
g1-p1035,Z Magnetsm FOR MEN,hygiene,Hygiene,G1 Mart Fresh,/products/placeholder.svg,YES,Placeholder image (/products/placeholder.svg),NO,1,,NO,,NO,,,YES,
g1-p1036,Z Magnetsn FOR MAN,hygiene,Hygiene,G1 Mart Fresh,/products/placeholder.svg,YES,Placeholder image (/products/placeholder.svg),NO,1,,NO,,NO,,,YES,
g1-p1037,ALL OUT Ultra Likved,hygiene,Hygiene,G1 Mart Fresh,/products/placeholder.svg,YES,Placeholder image (/products/placeholder.svg),NO,1,,NO,,NO,,,YES,All Out
g1-p1038,Veet,hygiene,Hygiene,G1 Mart Fresh,/products/placeholder.svg,YES,Placeholder image (/products/placeholder.svg),NO,1,,NO,,NO,,,YES,
g1-p1039,Gokul Santol Powder,soaps-bath,Soaps & Bath,G1 Mart Fresh,/products/placeholder.svg,YES,Placeholder image (/products/placeholder.svg),NO,1,,NO,,NO,,,YES,
g1-p1040,MTR Gulab Jamun,sauces-spreads,Sauces & Spreads,G1 Mart Fresh,/products/placeholder.svg,YES,Placeholder image (/products/placeholder.svg),NO,1,,NO,,NO,,,YES,MTR
g1-p1041,Gillette Foam,hygiene,Hygiene,G1 Mart Fresh,/products/placeholder.svg,YES,Placeholder image (/products/placeholder.svg),NO,1,,NO,,NO,,,YES,
g1-p1042,Gemini,oil-ghee-masala,Oil Ghee & Masala,Gemini,/products/placeholder.svg,YES,Placeholder image (/products/placeholder.svg),NO,1,,NO,,NO,,,NO,
g1-p1043,Gemini TEA,oil-ghee-masala,Oil Ghee & Masala,Gemini,/products/placeholder.svg,YES,Placeholder image (/products/placeholder.svg),NO,1,,NO,,NO,,,NO,
g1-p1044,Chandrika Soap,soaps-bath,Soaps & Bath,G1 Mart Fresh,/products/placeholder.svg,YES,Placeholder image (/products/placeholder.svg),NO,1,,NO,,NO,,,YES,
g1-p1045,Popular Appalam / Papad,chips-namkeen,Chips & Namkeen,G1 Mart Fresh,/products/placeholder.svg,YES,Placeholder image (/products/placeholder.svg),NO,1,,NO,,NO,,,YES,
g1-p1046,50-50 Sweet&salty,sugar-salt-staples,Sugar Salt & Staples,Britannia,/products/placeholder.svg,YES,Placeholder image (/products/placeholder.svg),NO,1,,NO,,NO,,,NO,
g1-p1047,Aswini Hair OIL,hair-care,Hair Care,G1 Mart Fresh,/products/packshots/parachute-oil.jpg,NO,,YES,22,Shared by 22 products (parachute-oil.jpg),YES,"Image shows Parachute Pure Coconut Hair Oil Blue Bottle ('parachute-oil.jpg'), but product is 'Aswini Hair OIL' (Brand: G1 Mart Fresh)",NO,,,YES,
g1-p1048,Banjaras Rose Water,hygiene,Hygiene,G1 Mart Fresh,/products/placeholder.svg,YES,Placeholder image (/products/placeholder.svg),NO,1,,NO,,NO,,,YES,
g1-p1049,Black Henna BOX,hygiene,Hygiene,G1 Mart Fresh,/products/placeholder.svg,YES,Placeholder image (/products/placeholder.svg),NO,1,,NO,,NO,,,YES,
g1-p1050,Black Rose Hair DYE,hygiene,Hygiene,G1 Mart Fresh,/products/placeholder.svg,YES,Placeholder image (/products/placeholder.svg),NO,1,,NO,,NO,,,YES,
g1-p1051,Spingz BB Powder,soaps-bath,Soaps & Bath,G1 Mart Fresh,/products/placeholder.svg,YES,Placeholder image (/products/placeholder.svg),NO,1,,NO,,NO,,,YES,
g1-p1052,Santoor Sandal & Milk Soap,soaps-bath,Soaps & Bath,Santoor,/products/packshots/santoor-soap.jpg,NO,,YES,7,Shared by 7 products (santoor-soap.jpg),NO,,NO,,,NO,
g1-p1053,Chakra Gold,tea-coffee-milk-drinks,Tea Coffee & Milk Drinks,Chakra Gold,/products/placeholder.svg,YES,Placeholder image (/products/placeholder.svg),NO,1,,NO,,NO,,,NO,
