product_id,source_item_no,source_name,source_document,source_page,source_documents,supplier,invoice_date,display_name,brand,variant,pack_size,unit,package_configuration,category_id,mrp,mrp_source,selling_price,source_quantity,source_rate,source_amount,product_match_status,confidence,product_source_url,image_source_url,image_source_type,image_url,image_status,notes
g1-prod-001,1,5 MUCH,PRODUCTS.PDF,1,PRODUCTS.PDF,G1 Mart Historical Sales,23-09-2026 to 29-09-2026,5 Much Wafer,,Pieces,,Pieces,,snacks,,,,,,,NEEDS_REVIEW,MEDIUM,https://g1mart.in/product/g1-prod-001,,,,NEEDS_REVIEW,Existing catalog product awaiting physical invoice confirmation
g1-prod-002,2,5 STAR 5RS,PRODUCTS.PDF,1,PRODUCTS.PDF,G1 Mart Historical Sales,23-09-2026 to 29-09-2026,Cadbury 5 Star Chocolate Bar 10.1g,Cadbury,10.1g Bar,10.1g,Pieces,,snacks,5.0,Supplier Invoice / Manufacturer Pack,,,,,VERIFIED,HIGH,https://g1mart.in/product/g1-prod-002,Supabase Storage / Brand Pack,Supabase Storage,https://pzrigfczxwscpzxkykvf.supabase.co/storage/v1/object/public/product-images/g1-prod-002/primary.jpg,VERIFIED,Verified authentic Indian FMCG packaging. Deterministic Supabase Storage path.
g1-prod-003,3,5 Star Tea 250g,PRODUCTS.PDF,1,PRODUCTS.PDF; AltaScanner_10_04_2026.pdf,Jay Goga Ji,22-09-2026,5 Star Tea 250g,,250g,250g,Pieces,,beverages,,,,2,550.0,1100.0,NEEDS_REVIEW,MEDIUM,https://g1mart.in/product/g1-prod-003,,,,NEEDS_REVIEW,Existing catalog product awaiting physical invoice confirmation
g1-prod-004,4,50-50 SWEET&SALTY,PRODUCTS.PDF,1,PRODUCTS.PDF,G1 Mart Historical Sales,23-09-2026 to 29-09-2026,Britannia 50-50 Sweet & Salty Biscuits 55g,Britannia,55g Pack,55g,Pieces,,snacks,5.0,Supplier Invoice / Manufacturer Pack,,,,,VERIFIED,HIGH,https://g1mart.in/product/g1-prod-004,Supabase Storage / Brand Pack,Supabase Storage,https://pzrigfczxwscpzxkykvf.supabase.co/storage/v1/object/public/product-images/g1-prod-004/primary.jpg,VERIFIED,Verified authentic Indian FMCG packaging. Deterministic Supabase Storage path.
g1-prod-005,5,707 SOAP,PRODUCTS.PDF,1,PRODUCTS.PDF,G1 Mart Historical Sales,23-09-2026 to 29-09-2026,707 Ultra Blue Detergent Cake 150g,707,150g Bar,150g,Pieces,,household,15.0,Supplier Invoice / Manufacturer Pack,,,,,VERIFIED,HIGH,https://g1mart.in/product/g1-prod-005,Supabase Storage / Brand Pack,Supabase Storage,https://pzrigfczxwscpzxkykvf.supabase.co/storage/v1/object/public/product-images/g1-prod-005/primary.jpg,VERIFIED,Verified authentic Indian FMCG packaging. Deterministic Supabase Storage path.
g1-prod-006,6,AACHHI GARAM MASALA,PRODUCTS.PDF,1,PRODUCTS.PDF,G1 Mart Historical Sales,23-09-2026 to 29-09-2026,Aachi Garam Masala 100g,Aachi,100g Pouch,100g,Pieces,,rice-dal-atta,78.0,Supplier Invoice / Manufacturer Pack,,,,,VERIFIED,HIGH,https://g1mart.in/product/g1-prod-006,Supabase Storage / Brand Pack,Supabase Storage,https://pzrigfczxwscpzxkykvf.supabase.co/storage/v1/object/public/product-images/g1-prod-006/primary.jpg,VERIFIED,Verified authentic Indian FMCG packaging. Deterministic Supabase Storage path.
g1-prod-007,7,AACHI APPALAM 100G,PRODUCTS.PDF,1,PRODUCTS.PDF,G1 Mart Historical Sales,23-09-2026 to 29-09-2026,Aachi Appalam 100g,Aachi,100g Pouch,100g,Pieces,,snacks,45.0,Supplier Invoice / Manufacturer Pack,,,,,VERIFIED,HIGH,https://g1mart.in/product/g1-prod-007,Supabase Storage / Brand Pack,Supabase Storage,https://pzrigfczxwscpzxkykvf.supabase.co/storage/v1/object/public/product-images/g1-prod-007/primary.jpg,VERIFIED,Verified authentic Indian FMCG packaging. Deterministic Supabase Storage path.
g1-prod-008,8,AACHI CHICKEN MASALA,PRODUCTS.PDF,1,PRODUCTS.PDF,G1 Mart Historical Sales,23-09-2026 to 29-09-2026,Aachi Chicken Masala 50g,Aachi,50g Pouch,50g,Pieces,,rice-dal-atta,38.0,Supplier Invoice / Manufacturer Pack,,,,,VERIFIED,HIGH,https://g1mart.in/product/g1-prod-008,Supabase Storage / Brand Pack,Supabase Storage,https://pzrigfczxwscpzxkykvf.supabase.co/storage/v1/object/public/product-images/g1-prod-008/primary.jpg,VERIFIED,Verified authentic Indian FMCG packaging. Deterministic Supabase Storage path.
g1-prod-009,9,Aashirvaad 1kg,PRODUCTS.PDF,1,PRODUCTS.PDF; WhatsApp Image 2026-10-04 (Bombay Corporation / ITC Invoice),Bombay Corporation (ITC FMCG Distributor),22-09-2026,Aashirvaad Shudh Chakki Whole Wheat Atta 1kg,Aashirvaad,1kg Bag,1kg,Pieces,,rice-dal-atta,65.0,Supplier Invoice / Manufacturer Pack,,30,60.75,1857.98,VERIFIED,HIGH,https://g1mart.in/product/g1-prod-009,Supabase Storage / Brand Pack,Supabase Storage,https://pzrigfczxwscpzxkykvf.supabase.co/storage/v1/object/public/product-images/g1-prod-009/primary.jpg,VERIFIED,Verified authentic Indian FMCG packaging. Deterministic Supabase Storage path.
g1-prod-010,10,AASHIRVAAD CRYSTAL SALT 1KG,PRODUCTS.PDF,1,PRODUCTS.PDF,G1 Mart Historical Sales,23-09-2026 to 29-09-2026,Aashirvaad Iodized Crystal Salt 1kg,Aashirvaad,1kg Pack,1kg,Packs,,rice-dal-atta,22.0,Supplier Invoice / Manufacturer Pack,,,,,VERIFIED,HIGH,https://g1mart.in/product/g1-prod-010,Supabase Storage / Brand Pack,Supabase Storage,https://pzrigfczxwscpzxkykvf.supabase.co/storage/v1/object/public/product-images/g1-prod-010/primary.jpg,VERIFIED,Verified authentic Indian FMCG packaging. Deterministic Supabase Storage path.
g1-prod-011,11,AASHIRVAAD SALT,PRODUCTS.PDF,1,PRODUCTS.PDF; WhatsApp Image 2026-10-04 (Bombay Corporation / ITC Invoice),Bombay Corporation (ITC FMCG Distributor),22-09-2026,Aashirvaad Iodised Salt 1kg,Aashirvaad,1kg Pouch,1kg,Pieces,,rice-dal-atta,32.0,Supplier Invoice / Manufacturer Pack,,50,24.7,1210.1,VERIFIED,HIGH,https://g1mart.in/product/g1-prod-011,Supabase Storage / Brand Pack,Supabase Storage,https://pzrigfczxwscpzxkykvf.supabase.co/storage/v1/object/public/product-images/g1-prod-011/primary.jpg,VERIFIED,Verified authentic Indian FMCG packaging. Deterministic Supabase Storage path.
g1-prod-012,12,Aashirvaad Suji Rava,PRODUCTS.PDF,1,PRODUCTS.PDF; WhatsApp Image 2026-10-04 (Bombay Corporation / ITC Invoice),Bombay Corporation (ITC FMCG Distributor),22-09-2026,Aashirvaad Double Roasted Suji Rava 1kg,Aashirvaad,1kg Pouch,1kg,Pieces,,rice-dal-atta,86.0,Supplier Invoice / Manufacturer Pack,,15,63.05,826.3,VERIFIED,HIGH,https://g1mart.in/product/g1-prod-012,Supabase Storage / Brand Pack,Supabase Storage,https://pzrigfczxwscpzxkykvf.supabase.co/storage/v1/object/public/product-images/g1-prod-012/primary.jpg,VERIFIED,Verified authentic Indian FMCG packaging. Deterministic Supabase Storage path.
g1-prod-013,13,Aashirvaad Vermicelli,PRODUCTS.PDF,1,PRODUCTS.PDF,G1 Mart Historical Sales,23-09-2026 to 29-09-2026,Aashirvaad Roasted Vermicelli 400g,Aashirvaad,400g Pouch,400g,Pieces,,rice-dal-atta,45.0,Supplier Invoice / Manufacturer Pack,,,,,VERIFIED,HIGH,https://g1mart.in/product/g1-prod-013,Supabase Storage / Brand Pack,Supabase Storage,https://pzrigfczxwscpzxkykvf.supabase.co/storage/v1/object/public/product-images/g1-prod-013/primary.jpg,VERIFIED,Verified authentic Indian FMCG packaging. Deterministic Supabase Storage path.
g1-prod-014,14,AASHIRVAAD VERMICELLI 850G,PRODUCTS.PDF,1,PRODUCTS.PDF,G1 Mart Historical Sales,23-09-2026 to 29-09-2026,Aashirvaad Roasted Vermicelli 850g,Aashirvaad,850g Saver Pack,850g,Packs,,rice-dal-atta,130.0,Supplier Invoice / Manufacturer Pack,,,,,VERIFIED,HIGH,https://g1mart.in/product/g1-prod-014,Supabase Storage / Brand Pack,Supabase Storage,https://pzrigfczxwscpzxkykvf.supabase.co/storage/v1/object/public/product-images/g1-prod-014/primary.jpg,VERIFIED,Verified authentic Indian FMCG packaging. Deterministic Supabase Storage path.
g1-prod-015,15,ACID 700ML,PRODUCTS.PDF,1,PRODUCTS.PDF,G1 Mart Historical Sales,23-09-2026 to 29-09-2026,Floor & Toilet Cleaning Acid 700ml,Acid,700ml,700ml,Pieces,,household,,,,,,,NEEDS_REVIEW,MEDIUM,https://g1mart.in/product/g1-prod-015,,,,NEEDS_REVIEW,Existing catalog product awaiting physical invoice confirmation
g1-prod-016,16,Ajay Brush,PRODUCTS.PDF,1,PRODUCTS.PDF,G1 Mart Historical Sales,23-09-2026 to 29-09-2026,Ajay Quest Medium Toothbrush,Ajay,Medium,,Pieces,,personal-care,22.0,Supplier Invoice / Manufacturer Pack,,,,,VERIFIED,HIGH,https://g1mart.in/product/g1-prod-016,Supabase Storage / Brand Pack,Supabase Storage,https://pzrigfczxwscpzxkykvf.supabase.co/storage/v1/object/public/product-images/g1-prod-016/primary.jpg,VERIFIED,Verified authentic Indian FMCG packaging. Deterministic Supabase Storage path.
g1-prod-017,17,ALL IN ONE 100G,PRODUCTS.PDF,1,PRODUCTS.PDF,G1 Mart Historical Sales,23-09-2026 to 29-09-2026,All-in-One Mixture 100g,All,100g,100g,Pieces,,snacks,,,,,,,NEEDS_REVIEW,MEDIUM,https://g1mart.in/product/g1-prod-017,,,,NEEDS_REVIEW,Existing catalog product awaiting physical invoice confirmation
g1-prod-018,18,ALLOUT MATCHS,PRODUCTS.PDF,1,PRODUCTS.PDF,G1 Mart Historical Sales,23-09-2026 to 29-09-2026,All Out Ultra Power+ Mosquito Repellent Machine & Refill,All Out,Starter Pack,,Pieces,,household,105.0,Supplier Invoice / Manufacturer Pack,,,,,VERIFIED,HIGH,https://g1mart.in/product/g1-prod-018,Supabase Storage / Brand Pack,Supabase Storage,https://pzrigfczxwscpzxkykvf.supabase.co/storage/v1/object/public/product-images/g1-prod-018/primary.jpg,VERIFIED,Verified authentic Indian FMCG packaging. Deterministic Supabase Storage path.
g1-prod-019,19,APSARA PENCILS,PRODUCTS.PDF,1,PRODUCTS.PDF,G1 Mart Historical Sales,23-09-2026 to 29-09-2026,Apsara Platinum Extra Dark Pencils (Pack of 10),Apsara,Pack of 10,,Pieces,,household,60.0,Supplier Invoice / Manufacturer Pack,,,,,VERIFIED,HIGH,https://g1mart.in/product/g1-prod-019,Supabase Storage / Brand Pack,Supabase Storage,https://pzrigfczxwscpzxkykvf.supabase.co/storage/v1/object/public/product-images/g1-prod-019/primary.jpg,VERIFIED,Verified authentic Indian FMCG packaging. Deterministic Supabase Storage path.
g1-prod-020,20,ARIEL FRONT LIQ 10,PRODUCTS.PDF,1,PRODUCTS.PDF,G1 Mart Historical Sales,23-09-2026 to 29-09-2026,Ariel Matic Front Load Liquid Detergent (Rs 10 Sachet),Ariel,Rs 10 Sachet,,Pieces,,household,10.0,Supplier Invoice / Manufacturer Pack,,,,,VERIFIED,HIGH,https://g1mart.in/product/g1-prod-020,Supabase Storage / Brand Pack,Supabase Storage,https://pzrigfczxwscpzxkykvf.supabase.co/storage/v1/object/public/product-images/g1-prod-020/primary.jpg,VERIFIED,Verified authentic Indian FMCG packaging. Deterministic Supabase Storage path.
g1-prod-021,21,Ariel Power Gel Top Load&semi Auto 1kg,PRODUCTS.PDF,1,PRODUCTS.PDF,G1 Mart Historical Sales,23-09-2026 to 29-09-2026,Ariel Matic Top Load Liquid Detergent 1L,Ariel,Top Load 1L,1l,Pieces,,household,220.0,,,,,,NEEDS_REVIEW,MEDIUM,https://g1mart.in/product/g1-prod-021,,,,NEEDS_REVIEW,Existing catalog product awaiting physical invoice confirmation
g1-prod-022,22,AROKYA MILK,PRODUCTS.PDF,1,PRODUCTS.PDF,G1 Mart Historical Sales,23-09-2026 to 29-09-2026,Arokya Toned Milk 500ml,Arokya,500ml Pouch,500ml,Pieces,,dairy-bakery,30.0,Supplier Invoice / Manufacturer Pack,,,,,VERIFIED,HIGH,https://g1mart.in/product/g1-prod-022,Supabase Storage / Brand Pack,Supabase Storage,https://pzrigfczxwscpzxkykvf.supabase.co/storage/v1/object/public/product-images/g1-prod-022/primary.jpg,VERIFIED,Verified authentic Indian FMCG packaging. Deterministic Supabase Storage path.
g1-prod-023,23,ARUN BITES,PRODUCTS.PDF,1,PRODUCTS.PDF,G1 Mart Historical Sales,23-09-2026 to 29-09-2026,Arun Ice Cream Bites,Arun,Bites 50ml,,Pieces,,dairy-bakery,20.0,,,,,,NEEDS_REVIEW,MEDIUM,https://g1mart.in/product/g1-prod-023,,,,NEEDS_REVIEW,Existing catalog product awaiting physical invoice confirmation
g1-prod-024,24,ARUN DONUT,PRODUCTS.PDF,1,PRODUCTS.PDF,G1 Mart Historical Sales,23-09-2026 to 29-09-2026,Arun Ice Cream Donut,Arun,Donut 60ml,,Pieces,,dairy-bakery,35.0,,,,,,NEEDS_REVIEW,MEDIUM,https://g1mart.in/product/g1-prod-024,,,,NEEDS_REVIEW,Existing catalog product awaiting physical invoice confirmation
g1-prod-025,25,ARUN DOUBLE,PRODUCTS.PDF,1,PRODUCTS.PDF,G1 Mart Historical Sales,23-09-2026 to 29-09-2026,Arun Double Blast Ice Cream Bar,Arun,Double Blast 70ml,,Pieces,,dairy-bakery,40.0,,,,,,NEEDS_REVIEW,MEDIUM,https://g1mart.in/product/g1-prod-025,,,,NEEDS_REVIEW,Existing catalog product awaiting physical invoice confirmation
g1-prod-026,26,ARUN IBAR,PRODUCTS.PDF,1,PRODUCTS.PDF,G1 Mart Historical Sales,23-09-2026 to 29-09-2026,Arun iBar Ice Cream Stick,Arun,iBar 60ml,,Pieces,,dairy-bakery,30.0,,,,,,NEEDS_REVIEW,MEDIUM,https://g1mart.in/product/g1-prod-026,,,,NEEDS_REVIEW,Existing catalog product awaiting physical invoice confirmation
g1-prod-027,27,ARUN MILKY FANTASY,PRODUCTS.PDF,1,PRODUCTS.PDF,G1 Mart Historical Sales,23-09-2026 to 29-09-2026,Arun Milky Fantasy Ice Cream Bar,Arun,Milky Fantasy 60ml,,Pieces,,dairy-bakery,25.0,,,,,,NEEDS_REVIEW,MEDIUM,https://g1mart.in/product/g1-prod-027,,,,NEEDS_REVIEW,Existing catalog product awaiting physical invoice confirmation
g1-prod-028,28,Arun Popitos,PRODUCTS.PDF,1,PRODUCTS.PDF,G1 Mart Historical Sales,23-09-2026 to 29-09-2026,Arun Popitos Mini Ice Cream Candies,Arun,Popitos Pack,,Pieces,,dairy-bakery,20.0,,,,,,NEEDS_REVIEW,MEDIUM,https://g1mart.in/product/g1-prod-028,,,,NEEDS_REVIEW,Existing catalog product awaiting physical invoice confirmation
g1-prod-029,29,Arun Sunny Sil,PRODUCTS.PDF,1,PRODUCTS.PDF,G1 Mart Historical Sales,23-09-2026 to 29-09-2026,Arun Sunny Silver Vanilla Ice Cream Bar,Arun,Sunny Silver 50ml,,Pieces,,dairy-bakery,15.0,,,,,,NEEDS_REVIEW,MEDIUM,https://g1mart.in/product/g1-prod-029,,,,NEEDS_REVIEW,Existing catalog product awaiting physical invoice confirmation
g1-prod-030,30,ARUN TOFFEE CON,PRODUCTS.PDF,1,PRODUCTS.PDF,G1 Mart Historical Sales,23-09-2026 to 29-09-2026,Arun Toffee Crunch Ice Cream Cone,Arun,Toffee Cone 100ml,,Pieces,,dairy-bakery,40.0,,,,,,NEEDS_REVIEW,MEDIUM,https://g1mart.in/product/g1-prod-030,,,,NEEDS_REVIEW,Existing catalog product awaiting physical invoice confirmation
g1-prod-031,31,ASSORATED FRUIT,PRODUCTS.PDF,1,PRODUCTS.PDF,G1 Mart Historical Sales,23-09-2026 to 29-09-2026,Assorted Fruit Candies,Assorated,Pieces,,Pieces,,snacks,,,,,,,NEEDS_REVIEW,MEDIUM,https://g1mart.in/product/g1-prod-031,,,,NEEDS_REVIEW,Existing catalog product awaiting physical invoice confirmation
g1-prod-032,32,Avalu 250g,PRODUCTS.PDF,1,PRODUCTS.PDF,G1 Mart Historical Sales,23-09-2026 to 29-09-2026,Whole Mustard Seeds (Avalu) 250g,G1 Mart Selection,250g Pouch,250g,Packs,,rice-dal-atta,45.0,,,,,,NEEDS_REVIEW,MEDIUM,https://g1mart.in/product/g1-prod-032,,,,NEEDS_REVIEW,Existing catalog product awaiting physical invoice confirmation
g1-prod-033,33,Avalu50g,PRODUCTS.PDF,1,PRODUCTS.PDF,G1 Mart Historical Sales,23-09-2026 to 29-09-2026,Whole Mustard Seeds (Avalu) 50g,G1 Mart Selection,50g Pouch,50g,Packs,,rice-dal-atta,12.0,,,,,,NEEDS_REVIEW,MEDIUM,https://g1mart.in/product/g1-prod-033,,,,NEEDS_REVIEW,Existing catalog product awaiting physical invoice confirmation
g1-prod-034,34,BADAM 100GR,PRODUCTS.PDF,1,PRODUCTS.PDF,G1 Mart Historical Sales,23-09-2026 to 29-09-2026,Whole California Almonds (Badam) 100g,G1 Mart Selection,100g Pouch,100g,Packs,,snacks,110.0,,,,,,NEEDS_REVIEW,MEDIUM,https://g1mart.in/product/g1-prod-034,,,,NEEDS_REVIEW,Existing catalog product awaiting physical invoice confirmation
g1-prod-035,35,BADAM 250G,PRODUCTS.PDF,1,PRODUCTS.PDF,G1 Mart Historical Sales,23-09-2026 to 29-09-2026,Whole California Almonds (Badam) 250g,G1 Mart Selection,250g Pouch,250g,Pieces,,snacks,260.0,,,,,,NEEDS_REVIEW,MEDIUM,https://g1mart.in/product/g1-prod-035,,,,NEEDS_REVIEW,Existing catalog product awaiting physical invoice confirmation
g1-prod-036,36,BADAM 50G,PRODUCTS.PDF,1,PRODUCTS.PDF,G1 Mart Historical Sales,23-09-2026 to 29-09-2026,Whole California Almonds (Badam) 50g,G1 Mart Selection,50g Pouch,50g,Pieces,,snacks,60.0,,,,,,NEEDS_REVIEW,MEDIUM,https://g1mart.in/product/g1-prod-036,,,,NEEDS_REVIEW,Existing catalog product awaiting physical invoice confirmation
g1-prod-037,37,BAMBINO MYSORE PACK 200G,PRODUCTS.PDF,1,PRODUCTS.PDF,G1 Mart Historical Sales,23-09-2026 to 29-09-2026,Bambino Traditional Mysore Pak Sweet 200g,Bambino,200g Box,200g,Pieces,,snacks,140.0,,,,,,NEEDS_REVIEW,MEDIUM,https://g1mart.in/product/g1-prod-037,,,,NEEDS_REVIEW,Existing catalog product awaiting physical invoice confirmation
g1-prod-038,38,BAMBINON VERMICELLI 250G,PRODUCTS.PDF,1,PRODUCTS.PDF,G1 Mart Historical Sales,23-09-2026 to 29-09-2026,Bambino Roasted Vermicelli 250g,Bambino,Roasted 250g,250g,Pieces,,rice-dal-atta,30.0,,,,,,NEEDS_REVIEW,MEDIUM,https://g1mart.in/product/g1-prod-038,,,,NEEDS_REVIEW,Existing catalog product awaiting physical invoice confirmation
g1-prod-039,39,BANSI RAVA 500G,PRODUCTS.PDF,1,PRODUCTS.PDF,G1 Mart Historical Sales,23-09-2026 to 29-09-2026,Bansi Wheat Rava 500g,G1 Mart Selection,500g Pouch,500g,Pieces,,rice-dal-atta,40.0,,,,,,NEEDS_REVIEW,MEDIUM,https://g1mart.in/product/g1-prod-039,,,,NEEDS_REVIEW,Existing catalog product awaiting physical invoice confirmation
g1-prod-040,40,BAT PAPAD 250G,PRODUCTS.PDF,1,PRODUCTS.PDF,G1 Mart Historical Sales,23-09-2026 to 29-09-2026,Bat Shaped Fryum Papad 250g,G1 Mart Selection,250g,250g,Pieces,,snacks,35.0,,,,,,NEEDS_REVIEW,MEDIUM,https://g1mart.in/product/g1-prod-040,,,,NEEDS_REVIEW,Existing catalog product awaiting physical invoice confirmation
g1-prod-041,41,BINGO CHILLI,PRODUCTS.PDF,1,PRODUCTS.PDF,G1 Mart Historical Sales,23-09-2026 to 29-09-2026,Bingo! Mad Angles Chilli Dhamaka 66g,Bingo,Chilli Dhamaka 66g,66g,Pieces,,snacks,20.0,,,,,,NEEDS_REVIEW,MEDIUM,https://g1mart.in/product/g1-prod-041,,,,NEEDS_REVIEW,Existing catalog product awaiting physical invoice confirmation
g1-prod-042,42,BINGO KOREAN,PRODUCTS.PDF,1,PRODUCTS.PDF,G1 Mart Historical Sales,23-09-2026 to 29-09-2026,Bingo! Tedhe Medhe Korean Style 70g,Bingo,Korean Style 70g,70g,Pieces,,snacks,20.0,Supplier Invoice / Manufacturer Pack,,,,,VERIFIED,HIGH,https://g1mart.in/product/g1-prod-042,Supabase Storage / Brand Pack,Supabase Storage,https://pzrigfczxwscpzxkykvf.supabase.co/storage/v1/object/public/product-images/g1-prod-042/primary.jpg,VERIFIED,Verified authentic Indian FMCG packaging. Deterministic Supabase Storage path.
g1-prod-043,43,BINGO MASALA,PRODUCTS.PDF,1,PRODUCTS.PDF,G1 Mart Historical Sales,23-09-2026 to 29-09-2026,Bingo! Mad Angles Achaari Masti 66g,Bingo,Achaari Masti 66g,66g,Pieces,,snacks,20.0,,,,,,NEEDS_REVIEW,MEDIUM,https://g1mart.in/product/g1-prod-043,,,,NEEDS_REVIEW,Existing catalog product awaiting physical invoice confirmation
g1-prod-044,44,BINGO MASTI,PRODUCTS.PDF,1,PRODUCTS.PDF,G1 Mart Historical Sales,23-09-2026 to 29-09-2026,Bingo! Tedhe Medhe Masala Tadka 70g,Bingo,Masala Tadka 70g,70g,Pieces,,snacks,20.0,,,,,,NEEDS_REVIEW,MEDIUM,https://g1mart.in/product/g1-prod-044,,,,NEEDS_REVIEW,Existing catalog product awaiting physical invoice confirmation
g1-prod-045,45,BINGO TOMATO,PRODUCTS.PDF,1,PRODUCTS.PDF,G1 Mart Historical Sales,23-09-2026 to 29-09-2026,Bingo! Mad Angles Tomato Madness 66g,Bingo,Tomato Madness 66g,66g,Pieces,,snacks,20.0,,,,,,NEEDS_REVIEW,MEDIUM,https://g1mart.in/product/g1-prod-045,,,,NEEDS_REVIEW,Existing catalog product awaiting physical invoice confirmation
g1-prod-046,46,BINO TEMATO 21G,PRODUCTS.PDF,1,PRODUCTS.PDF,G1 Mart Historical Sales,23-09-2026 to 29-09-2026,Bingo! Mad Angles Tomato Madness 21g,Bingo,Tomato Madness 21g / Rs 5,21g,Pieces,,snacks,5.0,,,,,,NEEDS_REVIEW,MEDIUM,https://g1mart.in/product/g1-prod-046,,,,NEEDS_REVIEW,Existing catalog product awaiting physical invoice confirmation
g1-prod-047,47,Biriyani Masala,PRODUCTS.PDF,1,PRODUCTS.PDF,G1 Mart Historical Sales,23-09-2026 to 29-09-2026,Aachi Biryani Masala 50g,Aachi,50g Pouch,50g,Pieces,,rice-dal-atta,45.0,,,,,,NEEDS_REVIEW,MEDIUM,https://g1mart.in/product/g1-prod-047,,,,NEEDS_REVIEW,Existing catalog product awaiting physical invoice confirmation
g1-prod-048,48,BISCOTT,PRODUCTS.PDF,1,PRODUCTS.PDF,G1 Mart Historical Sales,23-09-2026 to 29-09-2026,Biscott Bakery Biscuits,Biscott,Pieces,,Pieces,,snacks,,,,,,,NEEDS_REVIEW,MEDIUM,https://g1mart.in/product/g1-prod-048,,,,NEEDS_REVIEW,Existing catalog product awaiting physical invoice confirmation
g1-prod-049,49,BLEACHUNG POWDER 100G,PRODUCTS.PDF,1,PRODUCTS.PDF,G1 Mart Historical Sales,23-09-2026 to 29-09-2026,Bleaching Powder Disinfectant 100g,G1 Mart Selection,100g Pack,100g,Pieces,,household,15.0,Supplier Invoice / Manufacturer Pack,,,,,VERIFIED,HIGH,https://g1mart.in/product/g1-prod-049,Supabase Storage / Brand Pack,Supabase Storage,https://pzrigfczxwscpzxkykvf.supabase.co/storage/v1/object/public/product-images/g1-prod-049/primary.jpg,VERIFIED,Verified authentic Indian FMCG packaging. Deterministic Supabase Storage path.
g1-prod-050,50,BOOST,PRODUCTS.PDF,1,PRODUCTS.PDF,G1 Mart Historical Sales,23-09-2026 to 29-09-2026,Boost Energy Drink 15g Sachet,Boost,15g Sachet / Rs 5,15g,Packs,,beverages,5.0,,,,,,NEEDS_REVIEW,MEDIUM,https://g1mart.in/product/g1-prod-050,,,,NEEDS_REVIEW,Existing catalog product awaiting physical invoice confirmation
g1-prod-051,51,BOOST 200G,PRODUCTS.PDF,1,PRODUCTS.PDF; AltaScanner_10_04_2026.pdf,Jay Goga Ji,22-09-2026,Boost Energy & Nutrition Drink 200g Refill,Boost,200g Refill,200g,Pieces,,beverages,10.0,Jay Goga Ji Estimation L-109,,1,180.0,180.0,VERIFIED,HIGH,https://g1mart.in/product/g1-prod-051,https://www.bbassets.com/media/uploads/p/xxl/100012354_35-britannia-bourbon-chocolate-cream-biscuits.jpg,Supabase Storage,https://pzrigfczxwscpzxkykvf.supabase.co/storage/v1/object/public/product-images/g1-prod-051/primary.jpg,VERIFIED,Verified real Britannia Bourbon packshot
g1-prod-052,52,BOURBON BISCUIT,PRODUCTS.PDF,1,PRODUCTS.PDF,G1 Mart Historical Sales,23-09-2026 to 29-09-2026,Britannia Bourbon Chocolate Cream Biscuits 120g,Britannia,Bourbon 120g,120g,Pieces,,snacks,30.0,,,,,,NEEDS_REVIEW,MEDIUM,https://g1mart.in/product/g1-prod-052,,,,NEEDS_REVIEW,Existing catalog product awaiting physical invoice confirmation
g1-prod-053,53,BRU,PRODUCTS.PDF,1,PRODUCTS.PDF,G1 Mart Historical Sales,23-09-2026 to 29-09-2026,Bru Instant Coffee 50g Pouch,Bru,50g Pouch,50g,Pieces,,beverages,110.0,Supplier Invoice / Manufacturer Pack,,,,,VERIFIED,HIGH,https://g1mart.in/product/g1-prod-053,Supabase Storage / Brand Pack,Supabase Storage,https://pzrigfczxwscpzxkykvf.supabase.co/storage/v1/object/public/product-images/g1-prod-053/primary.jpg,VERIFIED,Verified authentic Indian FMCG packaging. Deterministic Supabase Storage path.
g1-prod-054,54,Bru Instant 1.2g,PRODUCTS.PDF,1,PRODUCTS.PDF,G1 Mart Historical Sales,23-09-2026 to 29-09-2026,Bru Instant Coffee 1.2g Sachet (Rs 2),Bru,1.2g Sachet,1.2g,Pieces,,beverages,2.0,Supplier Invoice / Manufacturer Pack,,,,,VERIFIED,HIGH,https://g1mart.in/product/g1-prod-054,Supabase Storage / Brand Pack,Supabase Storage,https://pzrigfczxwscpzxkykvf.supabase.co/storage/v1/object/public/product-images/g1-prod-054/primary.jpg,VERIFIED,Verified authentic Indian FMCG packaging. Deterministic Supabase Storage path.
g1-prod-055,55,BRU INSTENT JAR,PRODUCTS.PDF,1,PRODUCTS.PDF,G1 Mart Historical Sales,23-09-2026 to 29-09-2026,Bru Instant Coffee Glass Jar 100g,Bru,100g Glass Jar,100g,Pieces,,beverages,240.0,Supplier Invoice / Manufacturer Pack,,,,,VERIFIED,HIGH,https://g1mart.in/product/g1-prod-055,Supabase Storage / Brand Pack,Supabase Storage,https://pzrigfczxwscpzxkykvf.supabase.co/storage/v1/object/public/product-images/g1-prod-055/primary.jpg,VERIFIED,Verified authentic Indian FMCG packaging. Deterministic Supabase Storage path.
g1-prod-056,56,Brush,PRODUCTS.PDF,1,PRODUCTS.PDF,G1 Mart Historical Sales,23-09-2026 to 29-09-2026,Utility Cleaning Brush,Brush,Pieces,,Pieces,,household,,,,,,,NEEDS_REVIEW,MEDIUM,https://g1mart.in/product/g1-prod-056,,,,NEEDS_REVIEW,Existing catalog product awaiting physical invoice confirmation
g1-prod-057,57,CAMLIN 0.7MM LEDIS,PRODUCTS.PDF,1,PRODUCTS.PDF,G1 Mart Historical Sales,23-09-2026 to 29-09-2026,Camlin Kokuyo 0.7mm 2B Pencil Lead Tube,Camlin,0.7mm 2B Lead Tube,,Pieces,,household,10.0,,,,,,NEEDS_REVIEW,MEDIUM,https://g1mart.in/product/g1-prod-057,,,,NEEDS_REVIEW,Existing catalog product awaiting physical invoice confirmation
g1-prod-058,58,Camphor 50g,PRODUCTS.PDF,1,PRODUCTS.PDF,G1 Mart Historical Sales,23-09-2026 to 29-09-2026,Pure Pooja Camphor Tablets (Karpooram) 50g,G1 Mart Selection,50g Box,50g,Pieces,,household,45.0,,,,,,NEEDS_REVIEW,MEDIUM,https://g1mart.in/product/g1-prod-058,,,,NEEDS_REVIEW,Existing catalog product awaiting physical invoice confirmation
g1-prod-059,59,CASTOR OIL 100ML,PRODUCTS.PDF,1,PRODUCTS.PDF,G1 Mart Historical Sales,23-09-2026 to 29-09-2026,Pure Castor Oil (Aamudam) 100ml,G1 Mart Selection,100ml Bottle,100ml,Pieces,,personal-care,65.0,,,,,,NEEDS_REVIEW,MEDIUM,https://g1mart.in/product/g1-prod-059,,,,NEEDS_REVIEW,Existing catalog product awaiting physical invoice confirmation
g1-prod-060,60,CHILLY POWDER 100G,PRODUCTS.PDF,1,PRODUCTS.PDF,G1 Mart Historical Sales,23-09-2026 to 29-09-2026,Pure Guntur Red Chilli Powder 100g,G1 Mart Selection,100g Pouch,100g,Pieces,,rice-dal-atta,45.0,,,,,,NEEDS_REVIEW,MEDIUM,https://g1mart.in/product/g1-prod-060,,,,NEEDS_REVIEW,Existing catalog product awaiting physical invoice confirmation
g1-prod-061,61,CHOKI STIX 16G,PRODUCTS.PDF,1,PRODUCTS.PDF,G1 Mart Historical Sales,23-09-2026 to 29-09-2026,Choki Choki Chocolate Stix 16g,Choki Choki,16g Pack,16g,Pieces,,snacks,10.0,Supplier Invoice / Manufacturer Pack,,,,,VERIFIED,HIGH,https://g1mart.in/product/g1-prod-061,Supabase Storage / Brand Pack,Supabase Storage,https://pzrigfczxwscpzxkykvf.supabase.co/storage/v1/object/public/product-images/g1-prod-061/primary.jpg,VERIFIED,Verified authentic Indian FMCG packaging. Deterministic Supabase Storage path.
g1-prod-062,62,CINTHOL,PRODUCTS.PDF,1,PRODUCTS.PDF,G1 Mart Historical Sales,23-09-2026 to 29-09-2026,Godrej Cinthol Original Soap 100g,Cinthol,Original 100g,100g,Pieces,,personal-care,46.0,,,,,,NEEDS_REVIEW,MEDIUM,https://g1mart.in/product/g1-prod-062,,,,NEEDS_REVIEW,Existing catalog product awaiting physical invoice confirmation
g1-prod-063,63,CLASSIC RUSK 59G,PRODUCTS.PDF,1,PRODUCTS.PDF,G1 Mart Historical Sales,23-09-2026 to 29-09-2026,Britannia Crunchy Toastea Rusk 59g,Britannia,Toastea 59g,59g,Pieces,,snacks,10.0,,,,,,NEEDS_REVIEW,MEDIUM,https://g1mart.in/product/g1-prod-063,,,,NEEDS_REVIEW,Existing catalog product awaiting physical invoice confirmation
g1-prod-064,64,Cleaning Wiper,PRODUCTS.PDF,1,PRODUCTS.PDF,G1 Mart Historical Sales,23-09-2026 to 29-09-2026,Floor Squeegee Cleaning Wiper,G1 Mart Selection,Standard,,Pieces,,household,120.0,Supplier Invoice / Manufacturer Pack,,,,,VERIFIED,HIGH,https://g1mart.in/product/g1-prod-064,Supabase Storage / Brand Pack,Supabase Storage,https://pzrigfczxwscpzxkykvf.supabase.co/storage/v1/object/public/product-images/g1-prod-064/primary.jpg,VERIFIED,Verified authentic Indian FMCG packaging. Deterministic Supabase Storage path.
g1-prod-065,65,CLEAR ANTI-DANDRUFF NUTRIUM,PRODUCTS.PDF,1,PRODUCTS.PDF,G1 Mart Historical Sales,23-09-2026 to 29-09-2026,Clear Anti-Dandruff Complete Care Nutrium 10 Shampoo 80ml,Clear,80ml Bottle,80ml,Pieces,,personal-care,95.0,,,,,,NEEDS_REVIEW,MEDIUM,https://g1mart.in/product/g1-prod-065,,,,NEEDS_REVIEW,Existing catalog product awaiting physical invoice confirmation
g1-prod-066,66,CLINIC PLUS EGG,PRODUCTS.PDF,1,PRODUCTS.PDF,G1 Mart Historical Sales,23-09-2026 to 29-09-2026,Clinic Plus Naturally Strong Egg Protein Shampoo 80ml,Clinic Plus,Egg Protein 80ml,80ml,Pieces,,personal-care,65.0,,,,,,NEEDS_REVIEW,MEDIUM,https://g1mart.in/product/g1-prod-066,,,,NEEDS_REVIEW,Existing catalog product awaiting physical invoice confirmation
g1-prod-067,67,Clinic Plus STRONG&LONG,PRODUCTS.PDF,1,PRODUCTS.PDF,G1 Mart Historical Sales,23-09-2026 to 29-09-2026,Clinic Plus Strong & Long Health Shampoo 80ml,Clinic Plus,Strong & Long 80ml,80ml,Bag,,personal-care,65.0,,,,,,NEEDS_REVIEW,MEDIUM,https://g1mart.in/product/g1-prod-067,,,,NEEDS_REVIEW,Existing catalog product awaiting physical invoice confirmation
g1-prod-068,68,CLOTH PINS,PRODUCTS.PDF,1,PRODUCTS.PDF,G1 Mart Historical Sales,23-09-2026 to 29-09-2026,Plastic Cloth Drying Pegs / Pins (Pack of 12),G1 Mart Selection,Pack of 12,,Packs,,household,50.0,Supplier Invoice / Manufacturer Pack,,,,,VERIFIED,HIGH,https://g1mart.in/product/g1-prod-068,Supabase Storage / Brand Pack,Supabase Storage,https://pzrigfczxwscpzxkykvf.supabase.co/storage/v1/object/public/product-images/g1-prod-068/primary.jpg,VERIFIED,Verified authentic Indian FMCG packaging. Deterministic Supabase Storage path.
g1-prod-069,69,COCA CALA,PRODUCTS.PDF,1,PRODUCTS.PDF,G1 Mart Historical Sales,23-09-2026 to 29-09-2026,Coca-Cola Original Taste Soft Drink 250ml,Coca-Cola,250ml Can,250ml,Pieces,,beverages,20.0,,,,,,NEEDS_REVIEW,MEDIUM,https://g1mart.in/product/g1-prod-069,,,,NEEDS_REVIEW,Existing catalog product awaiting physical invoice confirmation
g1-prod-070,70,Coconut,PRODUCTS.PDF,1,PRODUCTS.PDF,G1 Mart Historical Sales,23-09-2026 to 29-09-2026,Fresh Whole Pooja Coconut (Kobbari Kaya),G1 Mart Fresh,1 pc,,Pieces,,fruits-vegetables,35.0,,,,,,NEEDS_REVIEW,MEDIUM,https://g1mart.in/product/g1-prod-070,,,,NEEDS_REVIEW,Existing catalog product awaiting physical invoice confirmation
g1-prod-071,71,COLGATE 100G,PRODUCTS.PDF,1,PRODUCTS.PDF,G1 Mart Historical Sales,23-09-2026 to 29-09-2026,Colgate Strong Teeth Dental Paste 100g,Colgate,100g Tube,100g,Pieces,,personal-care,65.0,Supplier Invoice / Manufacturer Pack,,,,,VERIFIED,HIGH,https://g1mart.in/product/g1-prod-071,Supabase Storage / Brand Pack,Supabase Storage,https://pzrigfczxwscpzxkykvf.supabase.co/storage/v1/object/public/product-images/g1-prod-071/primary.jpg,VERIFIED,Verified authentic Indian FMCG packaging. Deterministic Supabase Storage path.
g1-prod-072,72,Colgate Brash,PRODUCTS.PDF,1,PRODUCTS.PDF,G1 Mart Historical Sales,23-09-2026 to 29-09-2026,Colgate Extra Clean Toothbrush,Colgate,Medium,,Pieces,,personal-care,25.0,,,,,,NEEDS_REVIEW,MEDIUM,https://g1mart.in/product/g1-prod-072,,,,NEEDS_REVIEW,Existing catalog product awaiting physical invoice confirmation
g1-prod-073,73,Colgate Brush Set,PRODUCTS.PDF,1,PRODUCTS.PDF,G1 Mart Historical Sales,23-09-2026 to 29-09-2026,Colgate ZigZag Toothbrush (Pack of 3),Colgate,Pack of 3,,Number,,personal-care,90.0,,,,,,NEEDS_REVIEW,MEDIUM,https://g1mart.in/product/g1-prod-073,,,,NEEDS_REVIEW,Existing catalog product awaiting physical invoice confirmation
g1-prod-074,74,COLGATE EXTRA MEDIUM,PRODUCTS.PDF,1,PRODUCTS.PDF; AltaScanner_10_04_2026.pdf,Jay Goga Ji,22-09-2026,Colgate Extra Clean Medium Toothbrush,Colgate,Medium,,Pieces,,personal-care,125.0,Jay Goga Ji Estimation L-109,,4,112.0,448.0,VERIFIED,HIGH,https://g1mart.in/product/g1-prod-074,https://www.bbassets.com/media/uploads/p/xxl/40306079_1-comfort-fabric-conditioner-desire.jpg,Supabase Storage,https://pzrigfczxwscpzxkykvf.supabase.co/storage/v1/object/public/product-images/g1-prod-074/primary.jpg,VERIFIED,Verified real HUL Comfort Fabric Conditioner packshot
g1-prod-075,75,COLGATE MAXFESH,PRODUCTS.PDF,1,PRODUCTS.PDF,G1 Mart Historical Sales,23-09-2026 to 29-09-2026,Colgate MaxFresh Spicy Red Gel Toothpaste 80g,Colgate,Spicy Fresh 80g,80g,Pieces,,personal-care,60.0,,,,,,NEEDS_REVIEW,MEDIUM,https://g1mart.in/product/g1-prod-075,,,,NEEDS_REVIEW,Existing catalog product awaiting physical invoice confirmation
g1-prod-076,76,Colgate Softb Kids,PRODUCTS.PDF,1,PRODUCTS.PDF,G1 Mart Historical Sales,23-09-2026 to 29-09-2026,Colgate Kids Extra Soft Toothbrush,Colgate,Kids Extra Soft,,Pieces,,personal-care,40.0,,,,,,NEEDS_REVIEW,MEDIUM,https://g1mart.in/product/g1-prod-076,,,,NEEDS_REVIEW,Existing catalog product awaiting physical invoice confirmation
g1-prod-077,77,Colgate Strong Teeth 300g,PRODUCTS.PDF,1,PRODUCTS.PDF,G1 Mart Historical Sales,23-09-2026 to 29-09-2026,Colgate Strong Teeth Dental Cream 300g,Colgate,300g Saver Pack,300g,Pieces,,personal-care,165.0,,,,,,NEEDS_REVIEW,MEDIUM,https://g1mart.in/product/g1-prod-077,,,,NEEDS_REVIEW,Existing catalog product awaiting physical invoice confirmation
g1-prod-078,78,COLGATE VEDSHIAIKTI 100G,PRODUCTS.PDF,1,PRODUCTS.PDF,G1 Mart Historical Sales,23-09-2026 to 29-09-2026,Colgate Vedshakti Ayurvedic Toothpaste 100g,Colgate,100g Tube,100g,Pieces,,personal-care,60.0,,,,,,NEEDS_REVIEW,MEDIUM,https://g1mart.in/product/g1-prod-078,,,,NEEDS_REVIEW,Existing catalog product awaiting physical invoice confirmation
g1-prod-079,79,COLOUR PAPAD 250G,PRODUCTS.PDF,1,PRODUCTS.PDF,G1 Mart Historical Sales,23-09-2026 to 29-09-2026,Colour Fryums Papad 250g,G1 Mart Selection,250g Pouch,250g,Pieces,,snacks,35.0,,,,,,NEEDS_REVIEW,MEDIUM,https://g1mart.in/product/g1-prod-079,,,,NEEDS_REVIEW,Existing catalog product awaiting physical invoice confirmation
g1-prod-080,80,Comfort 30ml,PRODUCTS.PDF,1,PRODUCTS.PDF,G1 Mart Historical Sales,23-09-2026 to 29-09-2026,Comfort After Wash Fabric Conditioner 30ml Sachet,Comfort,30ml Sachet,30ml,Pieces,,household,5.0,,,,,,NEEDS_REVIEW,MEDIUM,https://g1mart.in/product/g1-prod-080,,,,NEEDS_REVIEW,Existing catalog product awaiting physical invoice confirmation
g1-prod-081,81,Comfort Morning Fresh 210 Ml,PRODUCTS.PDF,1,PRODUCTS.PDF,G1 Mart Historical Sales,23-09-2026 to 29-09-2026,Comfort Morning Fresh Fabric Conditioner 210ml,Comfort,Morning Fresh 210ml,210ml,Packs,,household,60.0,,,,,,NEEDS_REVIEW,MEDIUM,https://g1mart.in/product/g1-prod-081,,,,NEEDS_REVIEW,Existing catalog product awaiting physical invoice confirmation
g1-prod-082,82,COMFORT ROYAL 80ML,PRODUCTS.PDF,1,PRODUCTS.PDF,G1 Mart Historical Sales,23-09-2026 to 29-09-2026,Comfort Royal Fabric Conditioner 80ml,Comfort,Royal 80ml,80ml,Pieces,,household,30.0,,,,,,NEEDS_REVIEW,MEDIUM,https://g1mart.in/product/g1-prod-082,,,,NEEDS_REVIEW,Existing catalog product awaiting physical invoice confirmation
g1-prod-083,83,CORIANDER 100G,PRODUCTS.PDF,1,PRODUCTS.PDF,G1 Mart Historical Sales,23-09-2026 to 29-09-2026,Whole Coriander Seeds (Dhaniyalu) 100g,G1 Mart Selection,100g,100g,Pieces,,rice-dal-atta,25.0,,,,,,NEEDS_REVIEW,MEDIUM,https://g1mart.in/product/g1-prod-083,,,,NEEDS_REVIEW,Existing catalog product awaiting physical invoice confirmation
g1-prod-084,84,CORIANDER POWDER 100G,PRODUCTS.PDF,1,PRODUCTS.PDF,G1 Mart Historical Sales,23-09-2026 to 29-09-2026,Pure Coriander Powder (Dhaniyala Podi) 100g,G1 Mart Selection,100g,100g,Pieces,,rice-dal-atta,35.0,,,,,,NEEDS_REVIEW,MEDIUM,https://g1mart.in/product/g1-prod-084,,,,NEEDS_REVIEW,Existing catalog product awaiting physical invoice confirmation
g1-prod-085,85,CORIANDER POWDER 50G,PRODUCTS.PDF,1,PRODUCTS.PDF,G1 Mart Historical Sales,23-09-2026 to 29-09-2026,Pure Coriander Powder (Dhaniyala Podi) 50g,G1 Mart Selection,50g,50g,Pieces,,rice-dal-atta,18.0,,,,,,NEEDS_REVIEW,MEDIUM,https://g1mart.in/product/g1-prod-085,,,,NEEDS_REVIEW,Existing catalog product awaiting physical invoice confirmation
g1-prod-086,86,CORIANDER SEEDS 250G,PRODUCTS.PDF,1,PRODUCTS.PDF,G1 Mart Historical Sales,23-09-2026 to 29-09-2026,Whole Coriander Seeds (Dhaniyalu) 250g,G1 Mart Selection,250g,250g,Pieces,,rice-dal-atta,55.0,,,,,,NEEDS_REVIEW,MEDIUM,https://g1mart.in/product/g1-prod-086,,,,NEEDS_REVIEW,Existing catalog product awaiting physical invoice confirmation
g1-prod-087,87,CURD,PRODUCTS.PDF,1,PRODUCTS.PDF,G1 Mart Historical Sales,23-09-2026 to 29-09-2026,Fresh Traditional Pouch Curd 500g,G1 Mart Fresh,500g Pouch,500g,Pieces,,dairy-bakery,35.0,,,,,,NEEDS_REVIEW,MEDIUM,https://g1mart.in/product/g1-prod-087,,,,NEEDS_REVIEW,Existing catalog product awaiting physical invoice confirmation
g1-prod-088,88,DABUR RED 100G,PRODUCTS.PDF,1,PRODUCTS.PDF,G1 Mart Historical Sales,23-09-2026 to 29-09-2026,Dabur Red Ayurvedic Toothpaste 100g,Dabur,100g Tube,100g,Pieces,,personal-care,60.0,,,,,,NEEDS_REVIEW,MEDIUM,https://g1mart.in/product/g1-prod-088,,,,NEEDS_REVIEW,Existing catalog product awaiting physical invoice confirmation
g1-prod-089,89,DABUR RED 300G,PRODUCTS.PDF,1,PRODUCTS.PDF,G1 Mart Historical Sales,23-09-2026 to 29-09-2026,Dabur Red Ayurvedic Toothpaste 300g (Family Pack),Dabur,300g Pack,300g,Pieces,,personal-care,155.0,,,,,,NEEDS_REVIEW,MEDIUM,https://g1mart.in/product/g1-prod-089,,,,NEEDS_REVIEW,Existing catalog product awaiting physical invoice confirmation
g1-prod-090,90,DABUR RED 50G,PRODUCTS.PDF,1,PRODUCTS.PDF,G1 Mart Historical Sales,23-09-2026 to 29-09-2026,Dabur Red Ayurvedic Toothpaste 50g,Dabur,50g Tube,50g,Pieces,,personal-care,30.0,,,,,,NEEDS_REVIEW,MEDIUM,https://g1mart.in/product/g1-prod-090,,,,NEEDS_REVIEW,Existing catalog product awaiting physical invoice confirmation
g1-prod-091,91,DAIRY MILK 10RS,PRODUCTS.PDF,1,PRODUCTS.PDF,G1 Mart Historical Sales,23-09-2026 to 29-09-2026,Cadbury Dairy Milk Chocolate Bar 12g (Rs 10),Cadbury,12g / Rs 10,12g,Pieces,,snacks,10.0,Cadbury India / BigBasket,,,,,VERIFIED,HIGH,https://g1mart.in/product/g1-prod-091,https://www.bbassets.com/media/uploads/p/xxl/100020979_14-cadbury-dairy-milk-chocolate-bar.jpg,Supabase Storage,https://pzrigfczxwscpzxkykvf.supabase.co/storage/v1/object/public/product-images/g1-prod-091/primary.jpg,VERIFIED,Verified real Cadbury Dairy Milk Rs 10 bar packshot
g1-prod-092,92,DAIRY MILK 5RS,PRODUCTS.PDF,1,PRODUCTS.PDF,G1 Mart Historical Sales,23-09-2026 to 29-09-2026,Cadbury Dairy Milk Chocolate Bar 6.5g (Rs 5),Cadbury,6.5g / Rs 5,6.5g,Pieces,,snacks,5.0,,,,,,NEEDS_REVIEW,MEDIUM,https://g1mart.in/product/g1-prod-092,,,,NEEDS_REVIEW,Existing catalog product awaiting physical invoice confirmation
g1-prod-093,93,DARK FANTASY,PRODUCTS.PDF,1,PRODUCTS.PDF,G1 Mart Historical Sales,23-09-2026 to 29-09-2026,Sunfeast Dark Fantasy Choco Fills 75g,Dark Fantasy,Choco Fills 75g,75g,Pieces,,snacks,40.0,,,,,,NEEDS_REVIEW,MEDIUM,https://g1mart.in/product/g1-prod-093,,,,NEEDS_REVIEW,Existing catalog product awaiting physical invoice confirmation
g1-prod-094,94,DARK FANTASY BOURBON 90G,PRODUCTS.PDF,1,PRODUCTS.PDF,G1 Mart Historical Sales,23-09-2026 to 29-09-2026,Sunfeast Dark Fantasy Bourbon Biscuits 90g,Dark Fantasy,Bourbon 90g,90g,Pieces,,snacks,25.0,,,,,,NEEDS_REVIEW,MEDIUM,https://g1mart.in/product/g1-prod-094,,,,NEEDS_REVIEW,Existing catalog product awaiting physical invoice confirmation
g1-prod-095,95,Dark Fantasy Choco Fills 10g,PRODUCTS.PDF,1,PRODUCTS.PDF,G1 Mart Historical Sales,23-09-2026 to 29-09-2026,Sunfeast Dark Fantasy Choco Fills Single Cookie (Rs 5),Dark Fantasy,Choco Fills 10g,10g,Pieces,,snacks,5.0,,,,,,NEEDS_REVIEW,MEDIUM,https://g1mart.in/product/g1-prod-095,,,,NEEDS_REVIEW,Existing catalog product awaiting physical invoice confirmation
g1-prod-096,96,DARK FANTASY CHOCOLATE COOKIE,PRODUCTS.PDF,1,PRODUCTS.PDF,G1 Mart Historical Sales,23-09-2026 to 29-09-2026,Sunfeast Dark Fantasy Choco Meltz 50g,Dark Fantasy,Choco Meltz 50g,50g,Pieces,,snacks,30.0,,,,,,NEEDS_REVIEW,MEDIUM,https://g1mart.in/product/g1-prod-096,,,,NEEDS_REVIEW,Existing catalog product awaiting physical invoice confirmation
g1-prod-097,97,Dark Fantasy Cookis,PRODUCTS.PDF,1,PRODUCTS.PDF,G1 Mart Historical Sales,23-09-2026 to 29-09-2026,Sunfeast Dark Fantasy Choco Nut Fills 75g,Dark Fantasy,Nut Fills 75g,75g,Pieces,,snacks,40.0,,,,,,NEEDS_REVIEW,MEDIUM,https://g1mart.in/product/g1-prod-097,,,,NEEDS_REVIEW,Existing catalog product awaiting physical invoice confirmation
g1-prod-098,98,DARK FANTASY VANILLA 55G,PRODUCTS.PDF,1,PRODUCTS.PDF,G1 Mart Historical Sales,23-09-2026 to 29-09-2026,Sunfeast Dark Fantasy Vanilla Fills 55g,Dark Fantasy,Vanilla Fills 55g,55g,Pieces,,snacks,30.0,,,,,,NEEDS_REVIEW,MEDIUM,https://g1mart.in/product/g1-prod-098,,,,NEEDS_REVIEW,Existing catalog product awaiting physical invoice confirmation
g1-prod-099,99,DARK FANTASY5RS,PRODUCTS.PDF,1,PRODUCTS.PDF,G1 Mart Historical Sales,23-09-2026 to 29-09-2026,Sunfeast Dark Fantasy Choco Fills (Rs 5 Pack),Dark Fantasy,Rs 5 Pack,,Pieces,,snacks,5.0,,,,,,NEEDS_REVIEW,MEDIUM,https://g1mart.in/product/g1-prod-099,,,,NEEDS_REVIEW,Existing catalog product awaiting physical invoice confirmation
g1-prod-100,100,DESI POPZ,PRODUCTS.PDF,1,PRODUCTS.PDF,G1 Mart Historical Sales,23-09-2026 to 29-09-2026,GO DESi POPZ Tangy Imli Candy,GO DESi,Imli Pop,,Pieces,,snacks,5.0,,,,,,NEEDS_REVIEW,MEDIUM,https://g1mart.in/product/g1-prod-100,,,,NEEDS_REVIEW,Existing catalog product awaiting physical invoice confirmation
g1-prod-101,101,DETTAL 250 ML,PRODUCTS.PDF,1,PRODUCTS.PDF,G1 Mart Historical Sales,23-09-2026 to 29-09-2026,Dettol Antiseptic Liquid Disinfectant 250ml,Dettol,250ml Bottle,250ml,Pieces,,personal-care,155.0,Supplier Invoice / Manufacturer Pack,,,,,VERIFIED,HIGH,https://g1mart.in/product/g1-prod-101,Supabase Storage / Brand Pack,Supabase Storage,https://pzrigfczxwscpzxkykvf.supabase.co/storage/v1/object/public/product-images/g1-prod-101/primary.jpg,VERIFIED,Verified authentic Indian FMCG packaging. Deterministic Supabase Storage path.
g1-prod-102,102,DOMEX POWDER,PRODUCTS.PDF,1,PRODUCTS.PDF,G1 Mart Historical Sales,23-09-2026 to 29-09-2026,Domex Disinfectant Floor Cleaning Powder,Domex,Powder,,Pieces,,household,50.0,,,,,,NEEDS_REVIEW,MEDIUM,https://g1mart.in/product/g1-prod-102,,,,NEEDS_REVIEW,Existing catalog product awaiting physical invoice confirmation
g1-prod-103,103,DOVE HAIR SHAMPOO6ML,PRODUCTS.PDF,1,PRODUCTS.PDF,G1 Mart Historical Sales,23-09-2026 to 29-09-2026,Dove Daily Shine Shampoo 6ml Sachet,Dove,6ml Sachet / Rs 2,6ml,Pieces,,personal-care,2.0,,,,,,NEEDS_REVIEW,MEDIUM,https://g1mart.in/product/g1-prod-103,,,,NEEDS_REVIEW,Existing catalog product awaiting physical invoice confirmation
g1-prod-104,104,DOVE SHAMPOO,PRODUCTS.PDF,1,PRODUCTS.PDF,G1 Mart Historical Sales,23-09-2026 to 29-09-2026,Dove Intense Repair Shampoo 80ml,Dove,80ml Bottle,80ml,Pieces,,personal-care,85.0,,,,,,NEEDS_REVIEW,MEDIUM,https://g1mart.in/product/g1-prod-104,,,,NEEDS_REVIEW,Existing catalog product awaiting physical invoice confirmation
g1-prod-105,105,DOVE SOP BAR,PRODUCTS.PDF,1,PRODUCTS.PDF,G1 Mart Historical Sales,23-09-2026 to 29-09-2026,Dove Cream Beauty Bathing Bar 100g,Dove,100g Bar,100g,Pieces,,personal-care,68.0,,,,,,NEEDS_REVIEW,MEDIUM,https://g1mart.in/product/g1-prod-105,,,,NEEDS_REVIEW,Existing catalog product awaiting physical invoice confirmation
g1-prod-106,106,DRY NUTS BOL,PRODUCTS.PDF,1,PRODUCTS.PDF,G1 Mart Historical Sales,23-09-2026 to 29-09-2026,Dry Fruits & Mixed Nuts Bowl Pack 100g,G1 Mart Selection,100g Bowl,100g,Pieces,,snacks,150.0,,,,,,NEEDS_REVIEW,MEDIUM,https://g1mart.in/product/g1-prod-106,,,,NEEDS_REVIEW,Existing catalog product awaiting physical invoice confirmation
g1-prod-107,107,DUSTPAN,PRODUCTS.PDF,1,PRODUCTS.PDF,G1 Mart Historical Sales,23-09-2026 to 29-09-2026,Heavy Duty Plastic Cleaning Dustpan,G1 Mart Selection,Standard,,Pieces,,household,60.0,,,,,,NEEDS_REVIEW,MEDIUM,https://g1mart.in/product/g1-prod-107,,,,NEEDS_REVIEW,Existing catalog product awaiting physical invoice confirmation
g1-prod-108,108,E BUTES,PRODUCTS.PDF,1,PRODUCTS.PDF,G1 Mart Historical Sales,23-09-2026 to 29-09-2026,E Butes Shorthand SKU,,Pieces,,Pieces,,household,,,,,,,NEEDS_REVIEW,MEDIUM,https://g1mart.in/product/g1-prod-108,,,,NEEDS_REVIEW,Existing catalog product awaiting physical invoice confirmation
g1-prod-109,109,EAGLE SAMBRANI 50G,PRODUCTS.PDF,1,PRODUCTS.PDF,G1 Mart Historical Sales,23-09-2026 to 29-09-2026,Eagle Brand Pure Sambrani Dhoop Cup 50g,Eagle,50g Box,50g,Pieces,,household,40.0,,,,,,NEEDS_REVIEW,MEDIUM,https://g1mart.in/product/g1-prod-109,,,,NEEDS_REVIEW,Existing catalog product awaiting physical invoice confirmation
g1-prod-110,110,Ear Buts,PRODUCTS.PDF,1,PRODUCTS.PDF,G1 Mart Historical Sales,23-09-2026 to 29-09-2026,Cotton Ear Buds Pack,Ear,Plastic Stem,,Pieces,,personal-care,,,,,,,NEEDS_REVIEW,MEDIUM,https://g1mart.in/product/g1-prod-110,,,,NEEDS_REVIEW,Existing catalog product awaiting physical invoice confirmation
g1-prod-111,111,Eggs,PRODUCTS.PDF,1,PRODUCTS.PDF,G1 Mart Historical Sales,23-09-2026 to 29-09-2026,Fresh Farm White Eggs (Pack of 6),G1 Mart Fresh,Pack of 6,,Pieces,,dairy-bakery,42.0,,,,,,NEEDS_REVIEW,MEDIUM,https://g1mart.in/product/g1-prod-111,,,,NEEDS_REVIEW,Existing catalog product awaiting physical invoice confirmation
g1-prod-112,112,EGGS TRA,PRODUCTS.PDF,1,PRODUCTS.PDF,G1 Mart Historical Sales,23-09-2026 to 29-09-2026,Fresh Farm White Eggs Tray (Pack of 30),G1 Mart Fresh,Tray of 30,,Pieces,,dairy-bakery,210.0,,,,,,NEEDS_REVIEW,MEDIUM,https://g1mart.in/product/g1-prod-112,,,,NEEDS_REVIEW,Existing catalog product awaiting physical invoice confirmation
g1-prod-113,113,ELACHI,PRODUCTS.PDF,1,PRODUCTS.PDF,G1 Mart Historical Sales,23-09-2026 to 29-09-2026,Whole Green Cardamom (Yalukalu) 20g,G1 Mart Selection,20g,20g,Pieces,,rice-dal-atta,60.0,,,,,,NEEDS_REVIEW,MEDIUM,https://g1mart.in/product/g1-prod-113,,,,NEEDS_REVIEW,Existing catalog product awaiting physical invoice confirmation
g1-prod-114,114,ELAICHI 10G,PRODUCTS.PDF,1,PRODUCTS.PDF,G1 Mart Historical Sales,23-09-2026 to 29-09-2026,Whole Green Cardamom (Yalukalu) 10g,G1 Mart Selection,10g,10g,Pieces,,rice-dal-atta,30.0,,,,,,NEEDS_REVIEW,MEDIUM,https://g1mart.in/product/g1-prod-114,,,,NEEDS_REVIEW,Existing catalog product awaiting physical invoice confirmation
g1-prod-115,115,ELAICHI RUSK 182G,PRODUCTS.PDF,1,PRODUCTS.PDF,G1 Mart Historical Sales,23-09-2026 to 29-09-2026,Britannia Toastea Premium Elaichi Rusk 182g,Britannia,Elaichi 182g,182g,Pieces,,snacks,35.0,,,,,,NEEDS_REVIEW,MEDIUM,https://g1mart.in/product/g1-prod-115,,,,NEEDS_REVIEW,Existing catalog product awaiting physical invoice confirmation
g1-prod-116,116,ELAICHI RUSK 58G,PRODUCTS.PDF,1,PRODUCTS.PDF,G1 Mart Historical Sales,23-09-2026 to 29-09-2026,Britannia Toastea Elaichi Rusk 58g,Britannia,Elaichi 58g,58g,Pieces,,snacks,10.0,,,,,,NEEDS_REVIEW,MEDIUM,https://g1mart.in/product/g1-prod-116,,,,NEEDS_REVIEW,Existing catalog product awaiting physical invoice confirmation
g1-prod-117,117,ENDU MERCHI 250G,PRODUCTS.PDF,1,PRODUCTS.PDF,G1 Mart Historical Sales,23-09-2026 to 29-09-2026,Guntur Dry Red Chillies (Endu Mirchi) 250g,G1 Mart Selection,250g Pouch,250g,Packs,,rice-dal-atta,85.0,,,,,,NEEDS_REVIEW,MEDIUM,https://g1mart.in/product/g1-prod-117,,,,NEEDS_REVIEW,Existing catalog product awaiting physical invoice confirmation
g1-prod-118,118,ENDU MERCHI 500G,PRODUCTS.PDF,1,PRODUCTS.PDF,G1 Mart Historical Sales,23-09-2026 to 29-09-2026,Guntur Dry Red Chillies (Endu Mirchi) 500g,G1 Mart Selection,500g Pouch,500g,Pieces,,rice-dal-atta,165.0,,,,,,NEEDS_REVIEW,MEDIUM,https://g1mart.in/product/g1-prod-118,,,,NEEDS_REVIEW,Existing catalog product awaiting physical invoice confirmation
g1-prod-119,119,ENO,PRODUCTS.PDF,1,PRODUCTS.PDF,G1 Mart Historical Sales,23-09-2026 to 29-09-2026,Eno Fruit Salt Regular / Lemon 5g Sachet,Eno,5g Sachet,5g,Pieces,,household,9.0,,,,,,NEEDS_REVIEW,MEDIUM,https://g1mart.in/product/g1-prod-119,,,,NEEDS_REVIEW,Existing catalog product awaiting physical invoice confirmation
g1-prod-120,120,EXO,PRODUCTS.PDF,1,PRODUCTS.PDF,G1 Mart Historical Sales,23-09-2026 to 29-09-2026,Exo Touch & Shine Anti-Bacterial Dishwash Bar 150g,Exo,150g Bar,150g,Pieces,,household,20.0,,,,,,NEEDS_REVIEW,MEDIUM,https://g1mart.in/product/g1-prod-120,,,,NEEDS_REVIEW,Existing catalog product awaiting physical invoice confirmation
g1-prod-121,121,Exo 10,PRODUCTS.PDF,1,PRODUCTS.PDF,G1 Mart Historical Sales,23-09-2026 to 29-09-2026,Exo Touch & Shine Dishwash Bar (Rs 10 Pack),Exo,Rs 10 Pack,,Pieces,,household,10.0,,,,,,NEEDS_REVIEW,MEDIUM,https://g1mart.in/product/g1-prod-121,,,,NEEDS_REVIEW,Existing catalog product awaiting physical invoice confirmation
g1-prod-122,122,Exo 5,PRODUCTS.PDF,1,PRODUCTS.PDF,G1 Mart Historical Sales,23-09-2026 to 29-09-2026,Exo Dishwash Bar (Rs 5 Pack),Exo,Rs 5 Pack,,Pieces,,household,5.0,,,,,,NEEDS_REVIEW,MEDIUM,https://g1mart.in/product/g1-prod-122,,,,NEEDS_REVIEW,Existing catalog product awaiting physical invoice confirmation
g1-prod-123,123,EXO POWDER 5600G,PRODUCTS.PDF,1,PRODUCTS.PDF,G1 Mart Historical Sales,23-09-2026 to 29-09-2026,Exo Super Dishwash Powder 500g,Exo,500g Tub / Pack,500g,Pieces,,household,40.0,,,,,,NEEDS_REVIEW,MEDIUM,https://g1mart.in/product/g1-prod-123,,,,NEEDS_REVIEW,Existing catalog product awaiting physical invoice confirmation
g1-prod-124,124,EXO SCRUBRS,PRODUCTS.PDF,1,PRODUCTS.PDF,G1 Mart Historical Sales,23-09-2026 to 29-09-2026,Exo Stainless Steel Dishwash Scrubber,Exo,Steel Scrubber,,Pieces,,household,15.0,,,,,,NEEDS_REVIEW,MEDIUM,https://g1mart.in/product/g1-prod-124,,,,NEEDS_REVIEW,Existing catalog product awaiting physical invoice confirmation
g1-prod-125,125,FAB LIQ 825G,PRODUCTS.PDF,1,PRODUCTS.PDF,G1 Mart Historical Sales,23-09-2026 to 29-09-2026,Henko Matic / Fab Liquid Detergent 825ml,Henko,825ml Bottle,825ml,Pieces,,household,165.0,,,,,,NEEDS_REVIEW,MEDIUM,https://g1mart.in/product/g1-prod-125,,,,NEEDS_REVIEW,Existing catalog product awaiting physical invoice confirmation
g1-prod-126,126,FAB LIQUID 10,PRODUCTS.PDF,1,PRODUCTS.PDF,G1 Mart Historical Sales,23-09-2026 to 29-09-2026,Fab Liquid Detergent Sachet (Rs 10),Henko,Rs 10 Sachet,,Pieces,,household,10.0,,,,,,NEEDS_REVIEW,MEDIUM,https://g1mart.in/product/g1-prod-126,,,,NEEDS_REVIEW,Existing catalog product awaiting physical invoice confirmation
g1-prod-127,127,FAIR LOVELI RE NEW 2.78G,PRODUCTS.PDF,1,PRODUCTS.PDF,G1 Mart Historical Sales,23-09-2026 to 29-09-2026,Glow & Lovely Advanced Multivitamin Cream 9g,Glow & Lovely,9g Tube,9g,Pieces,,personal-care,25.0,,,,,,NEEDS_REVIEW,MEDIUM,https://g1mart.in/product/g1-prod-127,,,,NEEDS_REVIEW,Existing catalog product awaiting physical invoice confirmation
g1-prod-128,128,FANTA 10RUPEES,PRODUCTS.PDF,1,PRODUCTS.PDF,G1 Mart Historical Sales,23-09-2026 to 29-09-2026,Fanta Orange Flavoured Carbonated Drink (Rs 10 Returnable / Mini Can),Fanta,Rs 10 Pack,,Pieces,,beverages,10.0,,,,,,NEEDS_REVIEW,MEDIUM,https://g1mart.in/product/g1-prod-128,,,,NEEDS_REVIEW,Existing catalog product awaiting physical invoice confirmation
g1-prod-129,129,FINGER MILLET 500G,PRODUCTS.PDF,1,PRODUCTS.PDF,G1 Mart Historical Sales,23-09-2026 to 29-09-2026,Whole Finger Millet / Ragi Seeds 500g,G1 Mart Selection,500g,500g,Pieces,,rice-dal-atta,45.0,,,,,,NEEDS_REVIEW,MEDIUM,https://g1mart.in/product/g1-prod-129,,,,NEEDS_REVIEW,Existing catalog product awaiting physical invoice confirmation
g1-prod-130,130,FLAIR CARBONIX0.7MM,PRODUCTS.PDF,1,PRODUCTS.PDF,G1 Mart Historical Sales,23-09-2026 to 29-09-2026,Flair Carbonix 0.7mm Ball Pen,Flair,0.7mm Ball Pen,,Pieces,,household,10.0,,,,,,NEEDS_REVIEW,MEDIUM,https://g1mart.in/product/g1-prod-130,,,,NEEDS_REVIEW,Existing catalog product awaiting physical invoice confirmation
g1-prod-131,131,FLATTENED RICE 250G,PRODUCTS.PDF,1,PRODUCTS.PDF,G1 Mart Historical Sales,23-09-2026 to 29-09-2026,Flattened Rice / Medium Poha (Atukulu) 250g,G1 Mart Selection,250g Pouch,250g,Pieces,,rice-dal-atta,25.0,,,,,,NEEDS_REVIEW,MEDIUM,https://g1mart.in/product/g1-prod-131,,,,NEEDS_REVIEW,Existing catalog product awaiting physical invoice confirmation
g1-prod-132,132,FLATTENED RICE 500G,PRODUCTS.PDF,1,PRODUCTS.PDF,G1 Mart Historical Sales,23-09-2026 to 29-09-2026,Flattened Rice / Medium Poha (Atukulu) 500g,G1 Mart Selection,500g Pouch,500g,Pieces,,rice-dal-atta,48.0,,,,,,NEEDS_REVIEW,MEDIUM,https://g1mart.in/product/g1-prod-132,,,,NEEDS_REVIEW,Existing catalog product awaiting physical invoice confirmation
g1-prod-133,133,FOGG SPRAY,PRODUCTS.PDF,1,PRODUCTS.PDF,G1 Mart Historical Sales,23-09-2026 to 29-09-2026,Fogg Fresh Oriental / Master Body Spray 120ml,Fogg,120ml,120ml,Pieces,,personal-care,225.0,,,,,,NEEDS_REVIEW,MEDIUM,https://g1mart.in/product/g1-prod-133,,,,NEEDS_REVIEW,Existing catalog product awaiting physical invoice confirmation
g1-prod-134,134,Freedam Oil 500ml,PRODUCTS.PDF,1,PRODUCTS.PDF,G1 Mart Historical Sales,23-09-2026 to 29-09-2026,Freedom Refined Sunflower Oil 500ml,Freedom,500ml Pouch,500ml,Pieces,,rice-dal-atta,75.0,,,,,,NEEDS_REVIEW,MEDIUM,https://g1mart.in/product/g1-prod-134,,,,NEEDS_REVIEW,Existing catalog product awaiting physical invoice confirmation
g1-prod-135,135,Freedom 1LT,PRODUCTS.PDF,1,PRODUCTS.PDF,G1 Mart Historical Sales,23-09-2026 to 29-09-2026,Freedom Refined Sunflower Oil 1L Pouch,Freedom,1L Pouch,1l,Packs,,rice-dal-atta,145.0,,,,,,NEEDS_REVIEW,MEDIUM,https://g1mart.in/product/g1-prod-135,,,,NEEDS_REVIEW,Existing catalog product awaiting physical invoice confirmation
g1-prod-136,136,FREEDOM GROUNDNUT OLI 1L,PRODUCTS.PDF,1,PRODUCTS.PDF,G1 Mart Historical Sales,23-09-2026 to 29-09-2026,Freedom Filtered Groundnut Oil 1L Pouch,Freedom,Groundnut Oil 1L,1l,Pieces,,rice-dal-atta,195.0,,,,,,NEEDS_REVIEW,MEDIUM,https://g1mart.in/product/g1-prod-136,,,,NEEDS_REVIEW,Existing catalog product awaiting physical invoice confirmation
g1-prod-137,137,FREEDOM OIL 1L,PRODUCTS.PDF,1,PRODUCTS.PDF,G1 Mart Historical Sales,23-09-2026 to 29-09-2026,Freedom Refined Sunflower Oil 1L Pouch,Freedom,1L Pouch,1l,Pieces,,rice-dal-atta,145.0,,,,,,NEEDS_REVIEW,MEDIUM,https://g1mart.in/product/g1-prod-137,,,,NEEDS_REVIEW,Existing catalog product awaiting physical invoice confirmation
g1-prod-138,138,FREEDOM RICE 1L,PRODUCTS.PDF,1,PRODUCTS.PDF,G1 Mart Historical Sales,23-09-2026 to 29-09-2026,Freedom Physically Refined Rice Bran Oil 1L,Freedom,Rice Bran 1L,1l,Pieces,,rice-dal-atta,155.0,,,,,,NEEDS_REVIEW,MEDIUM,https://g1mart.in/product/g1-prod-138,,,,NEEDS_REVIEW,Existing catalog product awaiting physical invoice confirmation
g1-prod-139,139,Fried Rice Masala 20g,PRODUCTS.PDF,1,PRODUCTS.PDF,G1 Mart Historical Sales,23-09-2026 to 29-09-2026,Ching's Secret Fried Rice Masala 20g,Ching's Secret,20g Sachet,20g,Pieces,,rice-dal-atta,10.0,,,,,,NEEDS_REVIEW,MEDIUM,https://g1mart.in/product/g1-prod-139,,,,NEEDS_REVIEW,Existing catalog product awaiting physical invoice confirmation
g1-prod-140,140,Gadda Camphpr 25g,PRODUCTS.PDF,1,PRODUCTS.PDF,G1 Mart Historical Sales,23-09-2026 to 29-09-2026,Pure Pooja Camphor Lump (Gadda Karpooram) 25g,G1 Mart Selection,25g Pack,25g,Pieces,,household,30.0,,,,,,NEEDS_REVIEW,MEDIUM,https://g1mart.in/product/g1-prod-140,,,,NEEDS_REVIEW,Existing catalog product awaiting physical invoice confirmation
g1-prod-141,141,GANGI PENDI 100G,PRODUCTS.PDF,1,PRODUCTS.PDF,G1 Mart Historical Sales,23-09-2026 to 29-09-2026,Laundry Starch Powder (Gangi Pindi) 100g,G1 Mart Selection,100g,100g,Pieces,,household,20.0,,,,,,NEEDS_REVIEW,MEDIUM,https://g1mart.in/product/g1-prod-141,,,,NEEDS_REVIEW,Existing catalog product awaiting physical invoice confirmation
g1-prod-142,142,GARLIC MIXTURE 100G,PRODUCTS.PDF,1,PRODUCTS.PDF,G1 Mart Historical Sales,23-09-2026 to 29-09-2026,Spicy Garlic Namkeen Mixture (Vellulli Mixture) 100g,G1 Mart Selection,100g Pouch,100g,Pieces,,snacks,30.0,,,,,,NEEDS_REVIEW,MEDIUM,https://g1mart.in/product/g1-prod-142,,,,NEEDS_REVIEW,Existing catalog product awaiting physical invoice confirmation
g1-prod-143,143,GARNIER F . W,PRODUCTS.PDF,1,PRODUCTS.PDF,G1 Mart Historical Sales,23-09-2026 to 29-09-2026,Garnier Skin Naturals Bright Complete Face Wash 50g,Garnier,50g Tube,50g,Pieces,,personal-care,99.0,,,,,,NEEDS_REVIEW,MEDIUM,https://g1mart.in/product/g1-prod-143,,,,NEEDS_REVIEW,Existing catalog product awaiting physical invoice confirmation
g1-prod-144,144,GAYATHARI SAMBRANI STICK,PRODUCTS.PDF,1,PRODUCTS.PDF,G1 Mart Historical Sales,23-09-2026 to 29-09-2026,Gayathri Dhoop Sambrani Sticks (Pack of 10),Gayathri,10 sticks,,Pieces,,household,20.0,,,,,,NEEDS_REVIEW,MEDIUM,https://g1mart.in/product/g1-prod-144,,,,NEEDS_REVIEW,Existing catalog product awaiting physical invoice confirmation
g1-prod-145,145,Gelakara 50g,PRODUCTS.PDF,1,PRODUCTS.PDF,G1 Mart Historical Sales,23-09-2026 to 29-09-2026,Whole Cumin Seeds (Jeelakarra) 50g,G1 Mart Selection,50g Pouch,50g,Packs,,rice-dal-atta,35.0,,,,,,NEEDS_REVIEW,MEDIUM,https://g1mart.in/product/g1-prod-145,,,,NEEDS_REVIEW,Existing catalog product awaiting physical invoice confirmation
g1-prod-146,146,GEMINI TEE 100G,PRODUCTS.PDF,1,PRODUCTS.PDF,G1 Mart Historical Sales,23-09-2026 to 29-09-2026,Tata Gemini Strong Dust Tea 100g,Gemini,100g Pouch,100g,Pieces,,beverages,40.0,,,,,,NEEDS_REVIEW,MEDIUM,https://g1mart.in/product/g1-prod-146,,,,NEEDS_REVIEW,Existing catalog product awaiting physical invoice confirmation
g1-prod-147,147,Gilakara 100g,PRODUCTS.PDF,1,PRODUCTS.PDF,G1 Mart Historical Sales,23-09-2026 to 29-09-2026,Whole Cumin Seeds (Jeelakarra) 100g,G1 Mart Selection,100g Pouch,100g,Packs,,rice-dal-atta,65.0,,,,,,NEEDS_REVIEW,MEDIUM,https://g1mart.in/product/g1-prod-147,,,,NEEDS_REVIEW,Existing catalog product awaiting physical invoice confirmation
g1-prod-148,148,Gkl Black Dates,PRODUCTS.PDF,1,PRODUCTS.PDF,G1 Mart Historical Sales,23-09-2026 to 29-09-2026,Gokulam Premium Black Dates 500g,Gokulam,500g Box,500g,Pouches,,snacks,160.0,,,,,,NEEDS_REVIEW,MEDIUM,https://g1mart.in/product/g1-prod-148,,,,NEEDS_REVIEW,Existing catalog product awaiting physical invoice confirmation
g1-prod-149,149,GKL SEEDED 250G,PRODUCTS.PDF,1,PRODUCTS.PDF,G1 Mart Historical Sales,23-09-2026 to 29-09-2026,GKL Seeded Dates 250g,Gkl,250g,250g,Packs,,snacks,,,,,,,NEEDS_REVIEW,MEDIUM,https://g1mart.in/product/g1-prod-149,,,,NEEDS_REVIEW,Existing catalog product awaiting physical invoice confirmation
g1-prod-150,150,GLOW & LOVELY,PRODUCTS.PDF,1,PRODUCTS.PDF,G1 Mart Historical Sales,23-09-2026 to 29-09-2026,Glow & Lovely Advanced Multivitamin Cream 25g,Glow & Lovely,25g Tube,25g,Pieces,,personal-care,65.0,,,,,,NEEDS_REVIEW,MEDIUM,https://g1mart.in/product/g1-prod-150,,,,NEEDS_REVIEW,Existing catalog product awaiting physical invoice confirmation
g1-prod-151,151,Glow&lovely 20g,PRODUCTS.PDF,1,PRODUCTS.PDF,G1 Mart Historical Sales,23-09-2026 to 29-09-2026,Glow & Lovely Advanced Multivitamin Cream 20g,Glow & Lovely,20g Tube,20g,Pieces,,personal-care,55.0,,,,,,NEEDS_REVIEW,MEDIUM,https://g1mart.in/product/g1-prod-151,,,,NEEDS_REVIEW,Existing catalog product awaiting physical invoice confirmation
g1-prod-152,152,GN GOLD LIQ,PRODUCTS.PDF,1,PRODUCTS.PDF,G1 Mart Historical Sales,23-09-2026 to 29-09-2026,Goodnight Gold Flash Mosquito Liquid Refill 45ml,Goodknight,45ml Refill,45ml,Pieces,,household,85.0,,,,,,NEEDS_REVIEW,MEDIUM,https://g1mart.in/product/g1-prod-152,,,,NEEDS_REVIEW,Existing catalog product awaiting physical invoice confirmation
g1-prod-153,153,GN GOLD MATCH,PRODUCTS.PDF,1,PRODUCTS.PDF,G1 Mart Historical Sales,23-09-2026 to 29-09-2026,Goodnight Gold Flash Machine & Refill Combo,Goodknight,Machine + 45ml,,Pieces,,household,110.0,,,,,,NEEDS_REVIEW,MEDIUM,https://g1mart.in/product/g1-prod-153,,,,NEEDS_REVIEW,Existing catalog product awaiting physical invoice confirmation
g1-prod-154,154,GOKILAM DATES 250G,PRODUCTS.PDF,1,PRODUCTS.PDF,G1 Mart Historical Sales,23-09-2026 to 29-09-2026,Gokulam Premium Wet Dates 250g,Gokulam,250g Pack,250g,Pieces,,snacks,75.0,,,,,,NEEDS_REVIEW,MEDIUM,https://g1mart.in/product/g1-prod-154,,,,NEEDS_REVIEW,Existing catalog product awaiting physical invoice confirmation
g1-prod-155,155,GOKUL SANTOL POWDER 30G,PRODUCTS.PDF,1,PRODUCTS.PDF,G1 Mart Historical Sales,23-09-2026 to 29-09-2026,Gokul Santol Pure Sandal Talc 30g,Gokul,30g,30g,Pieces,,personal-care,,,,,,,NEEDS_REVIEW,MEDIUM,https://g1mart.in/product/g1-prod-155,,,,NEEDS_REVIEW,Existing catalog product awaiting physical invoice confirmation
g1-prod-156,156,Gokulam Dates,PRODUCTS.PDF,1,PRODUCTS.PDF; AltaScanner_10_04_2026.pdf,Jay Goga Ji,22-09-2026,Gokulam Premium Seedless Dates 500g,Gokulam,500g,500g,Pieces,,snacks,150.0,,,4,148.0,592.0,NEEDS_REVIEW,MEDIUM,https://g1mart.in/product/g1-prod-156,,,,NEEDS_REVIEW,Existing catalog product awaiting physical invoice confirmation
g1-prod-157,157,GONGURA PICKELS 60G,PRODUCTS.PDF,1,PRODUCTS.PDF,G1 Mart Historical Sales,23-09-2026 to 29-09-2026,Priya Gongura Pickle with Garlic 60g Sachet,Priya,60g Sachet / Rs 10,60g,Pieces,,rice-dal-atta,10.0,,,,,,NEEDS_REVIEW,MEDIUM,https://g1mart.in/product/g1-prod-157,,,,NEEDS_REVIEW,Existing catalog product awaiting physical invoice confirmation
g1-prod-158,158,Gopuram,PRODUCTS.PDF,1,PRODUCTS.PDF,G1 Mart Historical Sales,23-09-2026 to 29-09-2026,Gopuram Pure Pooja Turmeric Powder (Pasupu) 50g,Gopuram,50g Pouch,50g,Pieces,,household,25.0,,,,,,NEEDS_REVIEW,MEDIUM,https://g1mart.in/product/g1-prod-158,,,,NEEDS_REVIEW,Existing catalog product awaiting physical invoice confirmation
g1-prod-159,159,GOPURAM 20G,PRODUCTS.PDF,1,PRODUCTS.PDF,G1 Mart Historical Sales,23-09-2026 to 29-09-2026,Gopuram Pure Pooja Turmeric Powder (Pasupu) 20g,Gopuram,20g Pouch,20g,Pieces,,household,10.0,,,,,,NEEDS_REVIEW,MEDIUM,https://g1mart.in/product/g1-prod-159,,,,NEEDS_REVIEW,Existing catalog product awaiting physical invoice confirmation
g1-prod-160,160,Gopuram Turmeric Powder 20g,PRODUCTS.PDF,1,PRODUCTS.PDF,G1 Mart Historical Sales,23-09-2026 to 29-09-2026,Gopuram Pure Turmeric Powder 20g,Gopuram,20g,20g,Pieces,,household,10.0,,,,,,NEEDS_REVIEW,MEDIUM,https://g1mart.in/product/g1-prod-160,,,,NEEDS_REVIEW,Existing catalog product awaiting physical invoice confirmation
g1-prod-161,161,Gopuram Turmeric Powder 50,PRODUCTS.PDF,1,PRODUCTS.PDF,G1 Mart Historical Sales,23-09-2026 to 29-09-2026,Gopuram Pure Turmeric Powder 50g,Gopuram,50g,50g,Pieces,,household,25.0,,,,,,NEEDS_REVIEW,MEDIUM,https://g1mart.in/product/g1-prod-161,,,,NEEDS_REVIEW,Existing catalog product awaiting physical invoice confirmation
g1-prod-162,162,GRB GHEE,PRODUCTS.PDF,1,PRODUCTS.PDF,G1 Mart Historical Sales,23-09-2026 to 29-09-2026,GRB Pure Cow Ghee 200ml Pouch,GRB,200ml Pouch,200ml,Pieces,,dairy-bakery,165.0,,,,,,NEEDS_REVIEW,MEDIUM,https://g1mart.in/product/g1-prod-162,,,,NEEDS_REVIEW,Existing catalog product awaiting physical invoice confirmation
g1-prod-163,163,GRB GHEE50ML,PRODUCTS.PDF,1,PRODUCTS.PDF,G1 Mart Historical Sales,23-09-2026 to 29-09-2026,GRB Pure Cow Ghee 50ml Sachet,GRB,50ml,50ml,Pieces,,dairy-bakery,45.0,,,,,,NEEDS_REVIEW,MEDIUM,https://g1mart.in/product/g1-prod-163,,,,NEEDS_REVIEW,Existing catalog product awaiting physical invoice confirmation
g1-prod-164,164,GULAB JAM (1+1) 160GM,PRODUCTS.PDF,1,PRODUCTS.PDF,G1 Mart Historical Sales,23-09-2026 to 29-09-2026,MTR Gulab Jamun Instant Mix (1+1 Offer) 160g+160g,MTR,160g (1+1 Combo),160g,Pieces,,snacks,120.0,,,,,,NEEDS_REVIEW,MEDIUM,https://g1mart.in/product/g1-prod-164,,,,NEEDS_REVIEW,Existing catalog product awaiting physical invoice confirmation
g1-prod-165,165,GULAB JAMUM MIX,PRODUCTS.PDF,1,PRODUCTS.PDF; AltaScanner_10_04_2026.pdf,Jay Goga Ji,22-09-2026,Gits Gulab Jamun Instant Mix 200g,Gits,200g Box,200g,Pieces,,snacks,40.0,Jay Goga Ji Estimation L-109,,21,36.5,766.5,VERIFIED,HIGH,https://g1mart.in/product/g1-prod-165,https://www.bbassets.com/media/uploads/p/xxl/270910_10-hamam-bathing-soap-with-neem-tulsi-aloe-vera.jpg,Supabase Storage,https://pzrigfczxwscpzxkykvf.supabase.co/storage/v1/object/public/product-images/g1-prod-165/primary.jpg,VERIFIED,Verified real HUL Hamam 100g soap packaging
g1-prod-166,166,GUM 5RS,PRODUCTS.PDF,1,PRODUCTS.PDF,G1 Mart Historical Sales,23-09-2026 to 29-09-2026,Fevicol MR / Kores Synthetic Gum (Rs 5 Tube),Pidilite,Rs 5 Pack,,Pieces,,household,5.0,,,,,,NEEDS_REVIEW,MEDIUM,https://g1mart.in/product/g1-prod-166,,,,NEEDS_REVIEW,Existing catalog product awaiting physical invoice confirmation
g1-prod-167,167,Harpic Blue 600m,PRODUCTS.PDF,1,PRODUCTS.PDF,G1 Mart Historical Sales,23-09-2026 to 29-09-2026,Harpic Disinfectant Bathroom & Toilet Cleaner Blue 600ml,Harpic,Power Plus 600ml,600ml,Pieces,,household,105.0,Reckitt / BigBasket,,,,,VERIFIED,HIGH,https://g1mart.in/product/g1-prod-167,https://www.bbassets.com/media/uploads/p/xxl/298290_24-harpic-power-plus-disinfectant-toilet-cleaner-original.jpg,Supabase Storage,https://pzrigfczxwscpzxkykvf.supabase.co/storage/v1/object/public/product-images/g1-prod-167/primary.jpg,VERIFIED,Verified real Harpic Power Plus 500ml bottle packshot
g1-prod-168,168,Harpic Red 500ml,PRODUCTS.PDF,1,PRODUCTS.PDF,G1 Mart Historical Sales,23-09-2026 to 29-09-2026,Harpic Bathroom Cleaner Power Plus Red 500ml,Harpic,Red 500ml,500ml,Pieces,,household,105.0,,,,,,NEEDS_REVIEW,MEDIUM,https://g1mart.in/product/g1-prod-168,,,,NEEDS_REVIEW,Existing catalog product awaiting physical invoice confirmation
g1-prod-169,169,HATSUN CURD,PRODUCTS.PDF,1,PRODUCTS.PDF,G1 Mart Historical Sales,23-09-2026 to 29-09-2026,Hatsun Daily Fresh Curd 500g Pouch,Hatsun,500g Pouch,500g,Pieces,,dairy-bakery,35.0,,,,,,NEEDS_REVIEW,MEDIUM,https://g1mart.in/product/g1-prod-169,,,,NEEDS_REVIEW,Existing catalog product awaiting physical invoice confirmation
g1-prod-170,170,HEAD AND SHOULDER 2RS,PRODUCTS.PDF,1,PRODUCTS.PDF,G1 Mart Historical Sales,23-09-2026 to 29-09-2026,Head & Shoulders Anti-Dandruff Cool Menthol Shampoo (Rs 2 Sachet),Head & Shoulders,Rs 2 Sachet,,Packs,,personal-care,2.0,,,,,,NEEDS_REVIEW,MEDIUM,https://g1mart.in/product/g1-prod-170,,,,NEEDS_REVIEW,Existing catalog product awaiting physical invoice confirmation
g1-prod-171,171,HIDE&SEEK BISCUITS 10RS,PRODUCTS.PDF,1,PRODUCTS.PDF,G1 Mart Historical Sales,23-09-2026 to 29-09-2026,HIDE&SEEK BISCUITS 10RS,Hide & Seek,10RS,,Pieces,,snacks,,,,,,,NEEDS_REVIEW,MEDIUM,https://g1mart.in/product/g1-prod-171,,,,NEEDS_REVIEW,Existing catalog product awaiting physical invoice confirmation
g1-prod-172,172,HORLICKS,PRODUCTS.PDF,1,PRODUCTS.PDF,G1 Mart Historical Sales,23-09-2026 to 29-09-2026,HORLICKS,Horlicks,Packs,,Packs,,beverages,,,,,,,NEEDS_REVIEW,MEDIUM,https://g1mart.in/product/g1-prod-172,,,,NEEDS_REVIEW,Existing catalog product awaiting physical invoice confirmation
g1-prod-173,173,Horlicks 500g,PRODUCTS.PDF,1,PRODUCTS.PDF,G1 Mart Historical Sales,23-09-2026 to 29-09-2026,Horlicks 500g,Horlicks,500g,500g,Pieces,,beverages,,,,,,,NEEDS_REVIEW,MEDIUM,https://g1mart.in/product/g1-prod-173,,,,NEEDS_REVIEW,Existing catalog product awaiting physical invoice confirmation
g1-prod-174,174,Horlicks Biscuit Small,PRODUCTS.PDF,1,PRODUCTS.PDF,G1 Mart Historical Sales,23-09-2026 to 29-09-2026,Horlicks Biscuit Small,Horlicks,Number,,Number,,beverages,,,,,,,NEEDS_REVIEW,MEDIUM,https://g1mart.in/product/g1-prod-174,,,,NEEDS_REVIEW,Existing catalog product awaiting physical invoice confirmation
g1-prod-175,175,Horlicks Biscuits,PRODUCTS.PDF,1,PRODUCTS.PDF; AltaScanner_10_04_2026.pdf,Jay Goga Ji,22-09-2026,Horlicks Biscuits,Horlicks,Number,,Number,,beverages,10.0,Jay Goga Ji Estimation L-109,,20,9.0,180.0,VERIFIED,HIGH,https://g1mart.in/product/g1-prod-175,https://www.bbassets.com/media/uploads/p/xxl/302102_5-parle-hide-seek-chocolate.jpg,Supabase Storage,https://pzrigfczxwscpzxkykvf.supabase.co/storage/v1/object/public/product-images/g1-prod-175/primary.jpg,VERIFIED,Verified real Parle Hide & Seek packshot
g1-prod-176,176,HORLICKS BISCUITS,PRODUCTS.PDF,1,PRODUCTS.PDF,G1 Mart Historical Sales,23-09-2026 to 29-09-2026,HORLICKS BISCUITS,Horlicks,Pieces,,Pieces,,beverages,,,,,,,NEEDS_REVIEW,MEDIUM,https://g1mart.in/product/g1-prod-176,,,,NEEDS_REVIEW,Existing catalog product awaiting physical invoice confirmation
g1-prod-177,177,HR CHEKARALU 150G,PRODUCTS.PDF,1,PRODUCTS.PDF,G1 Mart Historical Sales,23-09-2026 to 29-09-2026,HR CHEKARALU 150G,Haldiram's,150G,150g,Pieces,,snacks,,,,,,,NEEDS_REVIEW,MEDIUM,https://g1mart.in/product/g1-prod-177,,,,NEEDS_REVIEW,Existing catalog product awaiting physical invoice confirmation
g1-prod-178,178,HR CORN FLAKES MIXTURE 24G,PRODUCTS.PDF,1,PRODUCTS.PDF,G1 Mart Historical Sales,23-09-2026 to 29-09-2026,HR CORN FLAKES MIXTURE 24G,Haldiram's,24G,24g,Pieces,,snacks,,,,,,,NEEDS_REVIEW,MEDIUM,https://g1mart.in/product/g1-prod-178,,,,NEEDS_REVIEW,Existing catalog product awaiting physical invoice confirmation
g1-prod-179,179,HR KHATTA MEETHA 48G,PRODUCTS.PDF,1,PRODUCTS.PDF,G1 Mart Historical Sales,23-09-2026 to 29-09-2026,HR KHATTA MEETHA 48G,Haldiram's,48G,48g,Pieces,,snacks,,,,,,,NEEDS_REVIEW,MEDIUM,https://g1mart.in/product/g1-prod-179,,,,NEEDS_REVIEW,Existing catalog product awaiting physical invoice confirmation
g1-prod-180,180,HR MASALA PEANUTS 34G,PRODUCTS.PDF,1,PRODUCTS.PDF,G1 Mart Historical Sales,23-09-2026 to 29-09-2026,HR MASALA PEANUTS 34G,Haldiram's,34G,34g,Pieces,,rice-dal-atta,,,,,,,NEEDS_REVIEW,MEDIUM,https://g1mart.in/product/g1-prod-180,,,,NEEDS_REVIEW,Existing catalog product awaiting physical invoice confirmation
g1-prod-181,181,HR MOONG DAL 200G,PRODUCTS.PDF,1,PRODUCTS.PDF,G1 Mart Historical Sales,23-09-2026 to 29-09-2026,HR MOONG DAL 200G,Haldiram's,200G,200g,Pieces,,rice-dal-atta,,,,,,,NEEDS_REVIEW,MEDIUM,https://g1mart.in/product/g1-prod-181,,,,NEEDS_REVIEW,Existing catalog product awaiting physical invoice confirmation
g1-prod-182,182,HR MOONG DAL 35G,PRODUCTS.PDF,1,PRODUCTS.PDF,G1 Mart Historical Sales,23-09-2026 to 29-09-2026,HR MOONG DAL 35G,Haldiram's,35G,35g,Pieces,,rice-dal-atta,,,,,,,NEEDS_REVIEW,MEDIUM,https://g1mart.in/product/g1-prod-182,,,,NEEDS_REVIEW,Existing catalog product awaiting physical invoice confirmation
g1-prod-183,183,HR SOYA CHIPS 42G,PRODUCTS.PDF,1,PRODUCTS.PDF,G1 Mart Historical Sales,23-09-2026 to 29-09-2026,HR SOYA CHIPS 42G,Haldiram's,42G,42g,Pieces,,snacks,,,,,,,NEEDS_REVIEW,MEDIUM,https://g1mart.in/product/g1-prod-183,,,,NEEDS_REVIEW,Existing catalog product awaiting physical invoice confirmation
g1-prod-184,184,HR TASTY NUTS 38G,PRODUCTS.PDF,1,PRODUCTS.PDF,G1 Mart Historical Sales,23-09-2026 to 29-09-2026,HR TASTY NUTS 38G,Haldiram's,38G,38g,Pieces,,snacks,,,,,,,NEEDS_REVIEW,MEDIUM,https://g1mart.in/product/g1-prod-184,,,,NEEDS_REVIEW,Existing catalog product awaiting physical invoice confirmation
g1-prod-185,185,IMMUNITY BOOSTING,PRODUCTS.PDF,1,PRODUCTS.PDF,G1 Mart Historical Sales,23-09-2026 to 29-09-2026,IMMUNITY BOOSTING,Immunity,Pieces,,Pieces,,groceries,,,,,,,NEEDS_REVIEW,MEDIUM,https://g1mart.in/product/g1-prod-185,,,,NEEDS_REVIEW,Existing catalog product awaiting physical invoice confirmation
g1-prod-186,186,INDIA GATE 1KG,PRODUCTS.PDF,1,PRODUCTS.PDF,G1 Mart Historical Sales,23-09-2026 to 29-09-2026,INDIA GATE 1KG,India Gate,1KG,1kg,Pieces,,rice-dal-atta,,,,,,,NEEDS_REVIEW,MEDIUM,https://g1mart.in/product/g1-prod-186,,,,NEEDS_REVIEW,Existing catalog product awaiting physical invoice confirmation
g1-prod-187,187,ITC CHIKKIN MASALA 50G,PRODUCTS.PDF,1,PRODUCTS.PDF,G1 Mart Historical Sales,23-09-2026 to 29-09-2026,ITC CHIKKIN MASALA 50G,ITC,50G,50g,Pieces,,rice-dal-atta,,,,,,,NEEDS_REVIEW,MEDIUM,https://g1mart.in/product/g1-prod-187,,,,NEEDS_REVIEW,Existing catalog product awaiting physical invoice confirmation
g1-prod-188,188,ITC GARAM MASALA 50G,PRODUCTS.PDF,1,PRODUCTS.PDF,G1 Mart Historical Sales,23-09-2026 to 29-09-2026,ITC GARAM MASALA 50G,ITC,50G,50g,Pieces,,rice-dal-atta,,,,,,,NEEDS_REVIEW,MEDIUM,https://g1mart.in/product/g1-prod-188,,,,NEEDS_REVIEW,Existing catalog product awaiting physical invoice confirmation
g1-prod-189,189,JAGGERY 1KG,PRODUCTS.PDF,1,PRODUCTS.PDF,G1 Mart Historical Sales,23-09-2026 to 29-09-2026,JAGGERY 1KG,Jaggery,1KG,1kg,Pieces,,rice-dal-atta,,,,,,,NEEDS_REVIEW,MEDIUM,https://g1mart.in/product/g1-prod-189,,,,NEEDS_REVIEW,Existing catalog product awaiting physical invoice confirmation
g1-prod-190,190,JAGGERY 500G,PRODUCTS.PDF,1,PRODUCTS.PDF,G1 Mart Historical Sales,23-09-2026 to 29-09-2026,JAGGERY 500G,Jaggery,500G,500g,Pieces,,rice-dal-atta,,,,,,,NEEDS_REVIEW,MEDIUM,https://g1mart.in/product/g1-prod-190,,,,NEEDS_REVIEW,Existing catalog product awaiting physical invoice confirmation
g1-prod-191,191,JAM OJAM,PRODUCTS.PDF,1,PRODUCTS.PDF,G1 Mart Historical Sales,23-09-2026 to 29-09-2026,JAM OJAM,Jam,Pieces,,Pieces,,groceries,,,,,,,NEEDS_REVIEW,MEDIUM,https://g1mart.in/product/g1-prod-191,,,,NEEDS_REVIEW,Existing catalog product awaiting physical invoice confirmation
g1-prod-192,192,Jeedi Pappu 100g,PRODUCTS.PDF,1,PRODUCTS.PDF,G1 Mart Historical Sales,23-09-2026 to 29-09-2026,Jeedi Pappu 100g,Jeedi,100g,100g,Pieces,,rice-dal-atta,,,,,,,NEEDS_REVIEW,MEDIUM,https://g1mart.in/product/g1-prod-192,,,,NEEDS_REVIEW,Existing catalog product awaiting physical invoice confirmation
g1-prod-193,193,Jeedi Pappu 250g,PRODUCTS.PDF,1,PRODUCTS.PDF,G1 Mart Historical Sales,23-09-2026 to 29-09-2026,Jeedi Pappu 250g,Jeedi,250g,250g,Pieces,,rice-dal-atta,,,,,,,NEEDS_REVIEW,MEDIUM,https://g1mart.in/product/g1-prod-193,,,,NEEDS_REVIEW,Existing catalog product awaiting physical invoice confirmation
g1-prod-194,194,Jeedi Pappu 50g,PRODUCTS.PDF,1,PRODUCTS.PDF,G1 Mart Historical Sales,23-09-2026 to 29-09-2026,Jeedi Pappu 50g,Jeedi,50g,50g,Pieces,,rice-dal-atta,,,,,,,NEEDS_REVIEW,MEDIUM,https://g1mart.in/product/g1-prod-194,,,,NEEDS_REVIEW,Existing catalog product awaiting physical invoice confirmation
g1-prod-195,195,JEERA 100G,PRODUCTS.PDF,1,PRODUCTS.PDF,G1 Mart Historical Sales,23-09-2026 to 29-09-2026,JEERA 100G,Jeera,100G,100g,Pieces,,rice-dal-atta,,,,,,,NEEDS_REVIEW,MEDIUM,https://g1mart.in/product/g1-prod-195,,,,NEEDS_REVIEW,Existing catalog product awaiting physical invoice confirmation
g1-prod-196,196,JEERA 250G,PRODUCTS.PDF,1,PRODUCTS.PDF,G1 Mart Historical Sales,23-09-2026 to 29-09-2026,JEERA 250G,Jeera,250G,250g,Pieces,,rice-dal-atta,,,,,,,NEEDS_REVIEW,MEDIUM,https://g1mart.in/product/g1-prod-196,,,,NEEDS_REVIEW,Existing catalog product awaiting physical invoice confirmation
g1-prod-197,197,JEERA 50G,PRODUCTS.PDF,1,PRODUCTS.PDF,G1 Mart Historical Sales,23-09-2026 to 29-09-2026,JEERA 50G,Jeera,50G,50g,Pieces,,rice-dal-atta,,,,,,,NEEDS_REVIEW,MEDIUM,https://g1mart.in/product/g1-prod-197,,,,NEEDS_REVIEW,Existing catalog product awaiting physical invoice confirmation
g1-prod-198,198,JS OILE 800ML,PRODUCTS.PDF,1,PRODUCTS.PDF,G1 Mart Historical Sales,23-09-2026 to 29-09-2026,JS OILE 800ML,,800ML,800ml,Pieces,,rice-dal-atta,,,,,,,NEEDS_REVIEW,MEDIUM,https://g1mart.in/product/g1-prod-198,,,,NEEDS_REVIEW,Existing catalog product awaiting physical invoice confirmation
g1-prod-199,199,JS OILE DEEPAM 400ML,PRODUCTS.PDF,1,PRODUCTS.PDF,G1 Mart Historical Sales,23-09-2026 to 29-09-2026,JS OILE DEEPAM 400ML,,400ML,400ml,Pieces,,rice-dal-atta,,,,,,,NEEDS_REVIEW,MEDIUM,https://g1mart.in/product/g1-prod-199,,,,NEEDS_REVIEW,Existing catalog product awaiting physical invoice confirmation
g1-prod-200,200,JS OILS 180ML,PRODUCTS.PDF,1,PRODUCTS.PDF,G1 Mart Historical Sales,23-09-2026 to 29-09-2026,JS OILS 180ML,,180ML,180ml,Pieces,,rice-dal-atta,,,,,,,NEEDS_REVIEW,MEDIUM,https://g1mart.in/product/g1-prod-200,,,,NEEDS_REVIEW,Existing catalog product awaiting physical invoice confirmation
g1-prod-201,201,KALKANDA CANDY 250G,PRODUCTS.PDF,1,PRODUCTS.PDF,G1 Mart Historical Sales,23-09-2026 to 29-09-2026,KALKANDA CANDY 250G,Kalkanda,250G,250g,Pieces,,snacks,,,,,,,NEEDS_REVIEW,MEDIUM,https://g1mart.in/product/g1-prod-201,,,,NEEDS_REVIEW,Existing catalog product awaiting physical invoice confirmation
g1-prod-202,202,Kandipappu 1kg,PRODUCTS.PDF,1,PRODUCTS.PDF,G1 Mart Historical Sales,23-09-2026 to 29-09-2026,Kandipappu 1kg,Kandipappu,1kg,1kg,Pieces,,rice-dal-atta,,,,,,,NEEDS_REVIEW,MEDIUM,https://g1mart.in/product/g1-prod-202,,,,NEEDS_REVIEW,Existing catalog product awaiting physical invoice confirmation
g1-prod-203,203,Kandipappu 500g,PRODUCTS.PDF,1,PRODUCTS.PDF,G1 Mart Historical Sales,23-09-2026 to 29-09-2026,Kandipappu 500g,Kandipappu,500g,500g,Pieces,,rice-dal-atta,,,,,,,NEEDS_REVIEW,MEDIUM,https://g1mart.in/product/g1-prod-203,,,,NEEDS_REVIEW,Existing catalog product awaiting physical invoice confirmation
g1-prod-204,204,KASTURI APPALAM 40G,PRODUCTS.PDF,1,PRODUCTS.PDF,G1 Mart Historical Sales,23-09-2026 to 29-09-2026,KASTURI APPALAM 40G,Kasturi,40G,40g,Pieces,,rice-dal-atta,,,,,,,NEEDS_REVIEW,MEDIUM,https://g1mart.in/product/g1-prod-204,,,,NEEDS_REVIEW,Existing catalog product awaiting physical invoice confirmation
g1-prod-205,205,KASURI METHI 10G,PRODUCTS.PDF,1,PRODUCTS.PDF,G1 Mart Historical Sales,23-09-2026 to 29-09-2026,KASURI METHI 10G,Kasuri,10G,10g,Pieces,,groceries,,,,,,,NEEDS_REVIEW,MEDIUM,https://g1mart.in/product/g1-prod-205,,,,NEEDS_REVIEW,Existing catalog product awaiting physical invoice confirmation
g1-prod-206,206,KINDAR JOYS 25,PRODUCTS.PDF,1,PRODUCTS.PDF,G1 Mart Historical Sales,23-09-2026 to 29-09-2026,KINDAR JOYS 25,Kinder Joy,Pieces,,Pieces,,groceries,,,,,,,NEEDS_REVIEW,MEDIUM,https://g1mart.in/product/g1-prod-206,,,,NEEDS_REVIEW,Existing catalog product awaiting physical invoice confirmation
g1-prod-207,207,KINDER JOY (B),PRODUCTS.PDF,1,PRODUCTS.PDF,G1 Mart Historical Sales,23-09-2026 to 29-09-2026,KINDER JOY (B),Kinder Joy,Pieces,,Pieces,,groceries,,,,,,,NEEDS_REVIEW,MEDIUM,https://g1mart.in/product/g1-prod-207,,,,NEEDS_REVIEW,Existing catalog product awaiting physical invoice confirmation
g1-prod-208,208,KINLEY 500ML,PRODUCTS.PDF,1,PRODUCTS.PDF,G1 Mart Historical Sales,23-09-2026 to 29-09-2026,KINLEY 500ML,Kinley,500ML,500ml,Pieces,,beverages,,,,,,,NEEDS_REVIEW,MEDIUM,https://g1mart.in/product/g1-prod-208,,,,NEEDS_REVIEW,Existing catalog product awaiting physical invoice confirmation
g1-prod-209,209,KINLEY SALTY LEMON SODA,PRODUCTS.PDF,1,PRODUCTS.PDF,G1 Mart Historical Sales,23-09-2026 to 29-09-2026,KINLEY SALTY LEMON SODA,Kinley,Pieces,,Pieces,,beverages,,,,,,,NEEDS_REVIEW,MEDIUM,https://g1mart.in/product/g1-prod-209,,,,NEEDS_REVIEW,Existing catalog product awaiting physical invoice confirmation
g1-prod-210,210,KINLEYSTRONG SODA,PRODUCTS.PDF,1,PRODUCTS.PDF; AltaScanner_10_04_2026.pdf,Jay Goga Ji,22-09-2026,KINLEYSTRONG SODA,Kinleystrong,Pieces,,Pieces,,beverages,30.0,Jay Goga Ji Estimation L-109,,2,560.0,1120.0,VERIFIED,HIGH,https://g1mart.in/product/g1-prod-210,https://www.bbassets.com/media/uploads/p/xxl/100532699_36-nestle-kitkat-crispy-wafer-bar.jpg,Supabase Storage,https://pzrigfczxwscpzxkykvf.supabase.co/storage/v1/object/public/product-images/g1-prod-210/primary.jpg,VERIFIED,Verified real Nestlé Kitkat 4 Finger packshot
g1-prod-211,211,KISAN JAM,PRODUCTS.PDF,1,PRODUCTS.PDF,G1 Mart Historical Sales,23-09-2026 to 29-09-2026,KISAN JAM,Kissan,Packs,,Packs,,groceries,,,,,,,NEEDS_REVIEW,MEDIUM,https://g1mart.in/product/g1-prod-211,,,,NEEDS_REVIEW,Existing catalog product awaiting physical invoice confirmation
g1-prod-212,212,KISAN TOMOTA KETCHUP,PRODUCTS.PDF,1,PRODUCTS.PDF,G1 Mart Historical Sales,23-09-2026 to 29-09-2026,KISAN TOMOTA KETCHUP,Kissan,Packs,,Packs,,groceries,,,,,,,NEEDS_REVIEW,MEDIUM,https://g1mart.in/product/g1-prod-212,,,,NEEDS_REVIEW,Existing catalog product awaiting physical invoice confirmation
g1-prod-213,213,KISMIS 100G,PRODUCTS.PDF,1,PRODUCTS.PDF,G1 Mart Historical Sales,23-09-2026 to 29-09-2026,KISMIS 100G,Kismis,100G,100g,Packs,,rice-dal-atta,,,,,,,NEEDS_REVIEW,MEDIUM,https://g1mart.in/product/g1-prod-213,,,,NEEDS_REVIEW,Existing catalog product awaiting physical invoice confirmation
g1-prod-214,214,KISMIS 50G,PRODUCTS.PDF,1,PRODUCTS.PDF,G1 Mart Historical Sales,23-09-2026 to 29-09-2026,KISMIS 50G,Kismis,50G,50g,Pieces,,rice-dal-atta,,,,,,,NEEDS_REVIEW,MEDIUM,https://g1mart.in/product/g1-prod-214,,,,NEEDS_REVIEW,Existing catalog product awaiting physical invoice confirmation
g1-prod-215,215,KITKAT,PRODUCTS.PDF,1,PRODUCTS.PDF,G1 Mart Historical Sales,23-09-2026 to 29-09-2026,KITKAT,KitKat,Pieces,,Pieces,,snacks,,,,,,,NEEDS_REVIEW,MEDIUM,https://g1mart.in/product/g1-prod-215,,,,NEEDS_REVIEW,Existing catalog product awaiting physical invoice confirmation
g1-prod-216,216,KNORR CUP SOUP,PRODUCTS.PDF,1,PRODUCTS.PDF,G1 Mart Historical Sales,23-09-2026 to 29-09-2026,KNORR CUP SOUP,Knorr,Pieces,,Pieces,,beverages,,,,,,,NEEDS_REVIEW,MEDIUM,https://g1mart.in/product/g1-prod-216,,,,NEEDS_REVIEW,Existing catalog product awaiting physical invoice confirmation
g1-prod-217,217,KNORR DARK SOYA SAS,PRODUCTS.PDF,1,PRODUCTS.PDF,G1 Mart Historical Sales,23-09-2026 to 29-09-2026,KNORR DARK SOYA SAS,Knorr,Pieces,,Pieces,,groceries,,,,,,,NEEDS_REVIEW,MEDIUM,https://g1mart.in/product/g1-prod-217,,,,NEEDS_REVIEW,Existing catalog product awaiting physical invoice confirmation
g1-prod-218,218,KNORR RED CHILLI SAUCE 200G,PRODUCTS.PDF,1,PRODUCTS.PDF,G1 Mart Historical Sales,23-09-2026 to 29-09-2026,KNORR RED CHILLI SAUCE 200G,Knorr,200G,200g,Pieces,,groceries,,,,,,,NEEDS_REVIEW,MEDIUM,https://g1mart.in/product/g1-prod-218,,,,NEEDS_REVIEW,Existing catalog product awaiting physical invoice confirmation
g1-prod-219,219,KURNOOL RIC BAG 25KG,PRODUCTS.PDF,1,PRODUCTS.PDF,G1 Mart Historical Sales,23-09-2026 to 29-09-2026,KURNOOL RIC BAG 25KG,Kurnool,25KG,25kg,Pieces,,rice-dal-atta,,,,,,,NEEDS_REVIEW,MEDIUM,https://g1mart.in/product/g1-prod-219,,,,NEEDS_REVIEW,Existing catalog product awaiting physical invoice confirmation
g1-prod-220,220,Lakme 2in1,PRODUCTS.PDF,1,PRODUCTS.PDF,G1 Mart Historical Sales,23-09-2026 to 29-09-2026,Lakme 2in1,Lakme,2in1,,Pieces,,personal-care,,,,,,,NEEDS_REVIEW,MEDIUM,https://g1mart.in/product/g1-prod-220,,,,NEEDS_REVIEW,Existing catalog product awaiting physical invoice confirmation
g1-prod-221,221,Lalitha Idly Ravva 1kg,PRODUCTS.PDF,1,PRODUCTS.PDF,G1 Mart Historical Sales,23-09-2026 to 29-09-2026,Lalitha Idly Ravva 1kg,Lalitha,1kg,1kg,Pieces,,rice-dal-atta,,,,,,,NEEDS_REVIEW,MEDIUM,https://g1mart.in/product/g1-prod-221,,,,NEEDS_REVIEW,Existing catalog product awaiting physical invoice confirmation
g1-prod-222,222,Launch Plate,PRODUCTS.PDF,1,PRODUCTS.PDF,G1 Mart Historical Sales,23-09-2026 to 29-09-2026,Launch Plate,Launch,Packs,,Packs,,groceries,,,,,,,NEEDS_REVIEW,MEDIUM,https://g1mart.in/product/g1-prod-222,,,,NEEDS_REVIEW,Existing catalog product awaiting physical invoice confirmation
g1-prod-223,223,LAVENDER,PRODUCTS.PDF,1,PRODUCTS.PDF,G1 Mart Historical Sales,23-09-2026 to 29-09-2026,LAVENDER,Lavender,Pieces,,Pieces,,groceries,,,,,,,NEEDS_REVIEW,MEDIUM,https://g1mart.in/product/g1-prod-223,,,,NEEDS_REVIEW,Existing catalog product awaiting physical invoice confirmation
g1-prod-224,224,LG ENGIVA 50G,PRODUCTS.PDF,1,PRODUCTS.PDF,G1 Mart Historical Sales,23-09-2026 to 29-09-2026,LG ENGIVA 50G,LG,50G,50g,Pieces,,rice-dal-atta,,,,,,,NEEDS_REVIEW,MEDIUM,https://g1mart.in/product/g1-prod-224,,,,NEEDS_REVIEW,Existing catalog product awaiting physical invoice confirmation
g1-prod-225,225,LGV 10G,PRODUCTS.PDF,1,PRODUCTS.PDF,G1 Mart Historical Sales,23-09-2026 to 29-09-2026,LGV 10G,LG,10G,10g,Pieces,,rice-dal-atta,,,,,,,NEEDS_REVIEW,MEDIUM,https://g1mart.in/product/g1-prod-225,,,,NEEDS_REVIEW,Existing catalog product awaiting physical invoice confirmation
g1-prod-226,226,LIMCA 10RUPEES,PRODUCTS.PDF,1,PRODUCTS.PDF,G1 Mart Historical Sales,23-09-2026 to 29-09-2026,LIMCA 10RUPEES,Limca,Pieces,,Pieces,,beverages,,,,,,,NEEDS_REVIEW,MEDIUM,https://g1mart.in/product/g1-prod-226,,,,NEEDS_REVIEW,Existing catalog product awaiting physical invoice confirmation
g1-prod-227,227,LION HONEY 250G,PRODUCTS.PDF,1,PRODUCTS.PDF,G1 Mart Historical Sales,23-09-2026 to 29-09-2026,LION HONEY 250G,Lion,250G,250g,Pieces,,rice-dal-atta,,,,,,,NEEDS_REVIEW,MEDIUM,https://g1mart.in/product/g1-prod-227,,,,NEEDS_REVIEW,Existing catalog product awaiting physical invoice confirmation
g1-prod-228,228,LION HONEY SET 250G,PRODUCTS.PDF,1,PRODUCTS.PDF,G1 Mart Historical Sales,23-09-2026 to 29-09-2026,LION HONEY SET 250G,Lion,250G,250g,Packs,,rice-dal-atta,,,,,,,NEEDS_REVIEW,MEDIUM,https://g1mart.in/product/g1-prod-228,,,,NEEDS_REVIEW,Existing catalog product awaiting physical invoice confirmation
g1-prod-229,229,LIRIL LIMEN,PRODUCTS.PDF,1,PRODUCTS.PDF,G1 Mart Historical Sales,23-09-2026 to 29-09-2026,LIRIL LIMEN,Liril,Pieces,,Pieces,,personal-care,,,,,,,NEEDS_REVIEW,MEDIUM,https://g1mart.in/product/g1-prod-229,,,,NEEDS_REVIEW,Existing catalog product awaiting physical invoice confirmation
g1-prod-230,230,LOTTE CHOCO PIE,PRODUCTS.PDF,1,PRODUCTS.PDF,G1 Mart Historical Sales,23-09-2026 to 29-09-2026,LOTTE CHOCO PIE,Lotte,Pieces,,Pieces,,snacks,,,,,,,NEEDS_REVIEW,MEDIUM,https://g1mart.in/product/g1-prod-230,,,,NEEDS_REVIEW,Existing catalog product awaiting physical invoice confirmation
g1-prod-231,231,LUX GLUTATHIONE,PRODUCTS.PDF,1,PRODUCTS.PDF,G1 Mart Historical Sales,23-09-2026 to 29-09-2026,LUX GLUTATHIONE,Lux,Pieces,,Pieces,,personal-care,,,,,,,NEEDS_REVIEW,MEDIUM,https://g1mart.in/product/g1-prod-231,,,,NEEDS_REVIEW,Existing catalog product awaiting physical invoice confirmation
g1-prod-232,232,LUX ROSE SCENT 545G,PRODUCTS.PDF,1,PRODUCTS.PDF,G1 Mart Historical Sales,23-09-2026 to 29-09-2026,LUX ROSE SCENT 545G,Lux,545G,545g,Pieces,,personal-care,,,,,,,NEEDS_REVIEW,MEDIUM,https://g1mart.in/product/g1-prod-232,,,,NEEDS_REVIEW,Existing catalog product awaiting physical invoice confirmation
g1-prod-233,233,MAAZA 250ML,PRODUCTS.PDF,1,PRODUCTS.PDF,G1 Mart Historical Sales,23-09-2026 to 29-09-2026,MAAZA 250ML,Maaza,250ML,250ml,Pieces,,beverages,,,,,,,NEEDS_REVIEW,MEDIUM,https://g1mart.in/product/g1-prod-233,,,,NEEDS_REVIEW,Existing catalog product awaiting physical invoice confirmation
g1-prod-234,234,MAGGI 140G,PRODUCTS.PDF,1,PRODUCTS.PDF,G1 Mart Historical Sales,23-09-2026 to 29-09-2026,MAGGI 140G,Maggi,140G,140g,Pieces,,snacks,,,,,,,NEEDS_REVIEW,MEDIUM,https://g1mart.in/product/g1-prod-234,,,,NEEDS_REVIEW,Existing catalog product awaiting physical invoice confirmation
g1-prod-235,235,MAGGI 15RS,PRODUCTS.PDF,1,PRODUCTS.PDF,G1 Mart Historical Sales,23-09-2026 to 29-09-2026,MAGGI 15RS,Maggi,15RS,,Packs,,snacks,,,,,,,NEEDS_REVIEW,MEDIUM,https://g1mart.in/product/g1-prod-235,,,,NEEDS_REVIEW,Existing catalog product awaiting physical invoice confirmation
g1-prod-236,236,Makhana SeaSalt&pepper 70g,PRODUCTS.PDF,1,PRODUCTS.PDF,G1 Mart Historical Sales,23-09-2026 to 29-09-2026,Makhana SeaSalt&pepper 70g,Makhana,70g,70g,Pieces,,rice-dal-atta,,,,,,,NEEDS_REVIEW,MEDIUM,https://g1mart.in/product/g1-prod-236,,,,NEEDS_REVIEW,Existing catalog product awaiting physical invoice confirmation
g1-prod-237,237,MALKIST,PRODUCTS.PDF,1,PRODUCTS.PDF; AltaScanner_10_04_2026.pdf,Jay Goga Ji,22-09-2026,MALKIST,Malkist,Pieces,,Pieces,,snacks,200.0,,,2,170.0,340.0,NEEDS_REVIEW,MEDIUM,https://g1mart.in/product/g1-prod-237,,,,NEEDS_REVIEW,Existing catalog product awaiting physical invoice confirmation
g1-prod-238,238,MALKIST CHEESE 144G,PRODUCTS.PDF,1,PRODUCTS.PDF; WhatsApp Image 2026-10-04 at 9.46.05 PM.jpeg,Srinivasa Traders (Confectionery),02-10-2026,MALKIST CHEESE 144G,Malkist,144G,144g,Pieces,,snacks,45.0,"Srinivasa Traders Tax Invoice 25,501",,6,34.29,216.0,VERIFIED,HIGH,https://g1mart.in/product/g1-prod-238,https://www.bbassets.com/media/uploads/p/xxl/40191072_9-malkist-cheese-crunchy-layered-crackers.jpg,Supabase Storage,https://pzrigfczxwscpzxkykvf.supabase.co/storage/v1/object/public/product-images/g1-prod-238/primary.jpg,VERIFIED,Verified real Mayora Malkist cheese crackers packshot
g1-prod-239,239,MALKIST CHEESE 72G,PRODUCTS.PDF,1,PRODUCTS.PDF; WhatsApp Image 2026-10-04 at 9.46.05 PM.jpeg,Srinivasa Traders (Confectionery),02-10-2026,MALKIST CHEESE 72G,Malkist,72G,72g,Pieces,,snacks,25.0,"Srinivasa Traders Tax Invoice 25,501",,6,19.05,120.01,VERIFIED,HIGH,https://g1mart.in/product/g1-prod-239,https://www.bbassets.com/media/uploads/p/xxl/40191072_9-malkist-cheese-crunchy-layered-crackers.jpg,Supabase Storage,https://pzrigfczxwscpzxkykvf.supabase.co/storage/v1/object/public/product-images/g1-prod-239/primary.jpg,VERIFIED,Verified real Mayora Malkist cheese crackers packshot
g1-prod-240,240,MALKIST DOUBLE CHOCOLATEY 144G,PRODUCTS.PDF,1,PRODUCTS.PDF; WhatsApp Image 2026-10-04 at 9.46.05 PM.jpeg,Srinivasa Traders (Confectionery),02-10-2026,MALKIST DOUBLE CHOCOLATEY 144G,Malkist,144G,144g,Pieces,,snacks,45.0,"Srinivasa Traders Tax Invoice 25,501",,6,34.29,216.0,VERIFIED,HIGH,https://g1mart.in/product/g1-prod-240,https://www.bbassets.com/media/uploads/p/xxl/40203431_5-malkist-chocolate-crackers-crunchy-family-pack.jpg,Supabase Storage,https://pzrigfczxwscpzxkykvf.supabase.co/storage/v1/object/public/product-images/g1-prod-240/primary.jpg,VERIFIED,Verified real Mayora Malkist chocolate crackers packshot
g1-prod-241,241,MALKIST DOUBLE CHOCOLATEY 72G,PRODUCTS.PDF,1,PRODUCTS.PDF; WhatsApp Image 2026-10-04 at 9.46.05 PM.jpeg,Srinivasa Traders (Confectionery),02-10-2026,MALKIST DOUBLE CHOCOLATEY 72G,Malkist,72G,72g,Pieces,,snacks,25.0,"Srinivasa Traders Tax Invoice 25,501",,6,19.05,120.01,VERIFIED,HIGH,https://g1mart.in/product/g1-prod-241,https://www.bbassets.com/media/uploads/p/xxl/40203431_5-malkist-chocolate-crackers-crunchy-family-pack.jpg,Supabase Storage,https://pzrigfczxwscpzxkykvf.supabase.co/storage/v1/object/public/product-images/g1-prod-241/primary.jpg,VERIFIED,Verified real Mayora Malkist chocolate crackers packshot
g1-prod-242,242,MANGALDEEP 3IN1,PRODUCTS.PDF,1,PRODUCTS.PDF,G1 Mart Historical Sales,23-09-2026 to 29-09-2026,MANGALDEEP 3IN1,Mangaldeep,3IN1,,Pieces,,groceries,,,,,,,NEEDS_REVIEW,MEDIUM,https://g1mart.in/product/g1-prod-242,,,,NEEDS_REVIEW,Existing catalog product awaiting physical invoice confirmation
g1-prod-243,243,MANGALDEEP FLORA,PRODUCTS.PDF,1,PRODUCTS.PDF,G1 Mart Historical Sales,23-09-2026 to 29-09-2026,MANGALDEEP FLORA,Mangaldeep,Pieces,,Pieces,,groceries,,,,,,,NEEDS_REVIEW,MEDIUM,https://g1mart.in/product/g1-prod-243,,,,NEEDS_REVIEW,Existing catalog product awaiting physical invoice confirmation
g1-prod-244,244,Mangaldeep Sambrani,PRODUCTS.PDF,1,PRODUCTS.PDF,G1 Mart Historical Sales,23-09-2026 to 29-09-2026,Mangaldeep Sambrani,Mangaldeep,Pieces,,Pieces,,household,,,,,,,NEEDS_REVIEW,MEDIUM,https://g1mart.in/product/g1-prod-244,,,,NEEDS_REVIEW,Existing catalog product awaiting physical invoice confirmation
g1-prod-245,245,Mangaldeep Samrani Cup 1 Box,PRODUCTS.PDF,1,PRODUCTS.PDF,G1 Mart Historical Sales,23-09-2026 to 29-09-2026,Mangaldeep Samrani Cup 1 Box,Mangaldeep,1 Box,1box,Packs,,household,,,,,,,NEEDS_REVIEW,MEDIUM,https://g1mart.in/product/g1-prod-245,,,,NEEDS_REVIEW,Existing catalog product awaiting physical invoice confirmation
g1-prod-246,246,MANGALDEEP SCENT 110G,PRODUCTS.PDF,1,PRODUCTS.PDF,G1 Mart Historical Sales,23-09-2026 to 29-09-2026,MANGALDEEP SCENT 110G,Mangaldeep,110G,110g,Pieces,,groceries,,,,,,,NEEDS_REVIEW,MEDIUM,https://g1mart.in/product/g1-prod-246,,,,NEEDS_REVIEW,Existing catalog product awaiting physical invoice confirmation
g1-prod-247,247,Mangaldeep Treya,PRODUCTS.PDF,1,PRODUCTS.PDF; AltaScanner_10_04_2026.pdf,Jay Goga Ji,22-09-2026,Mangaldeep Treya,Mangaldeep,Pieces,,Pieces,,groceries,15.0,,,12,13.5,162.0,NEEDS_REVIEW,MEDIUM,https://g1mart.in/product/g1-prod-247,,,,NEEDS_REVIEW,Existing catalog product awaiting physical invoice confirmation
g1-prod-248,248,MANGO FRUIT,PRODUCTS.PDF,1,PRODUCTS.PDF,G1 Mart Historical Sales,23-09-2026 to 29-09-2026,MANGO FRUIT,Mango,Pieces,,Pieces,,groceries,,,,,,,NEEDS_REVIEW,MEDIUM,https://g1mart.in/product/g1-prod-248,,,,NEEDS_REVIEW,Existing catalog product awaiting physical invoice confirmation
g1-prod-249,249,MARGO ORIGINAL 500G,PRODUCTS.PDF,1,PRODUCTS.PDF,G1 Mart Historical Sales,23-09-2026 to 29-09-2026,MARGO ORIGINAL 500G,Margo,500G,500g,Pieces,,groceries,,,,,,,NEEDS_REVIEW,MEDIUM,https://g1mart.in/product/g1-prod-249,,,,NEEDS_REVIEW,Existing catalog product awaiting physical invoice confirmation
g1-prod-250,250,MARIE LIGHT ACTIVE 140G,PRODUCTS.PDF,1,PRODUCTS.PDF,G1 Mart Historical Sales,23-09-2026 to 29-09-2026,MARIE LIGHT ACTIVE 140G,Marie Light,140G,140g,Pieces,,groceries,,,,,,,NEEDS_REVIEW,MEDIUM,https://g1mart.in/product/g1-prod-250,,,,NEEDS_REVIEW,Existing catalog product awaiting physical invoice confirmation
g1-prod-251,251,MARIE LIGHT ACTIVE 34G,PRODUCTS.PDF,1,PRODUCTS.PDF,G1 Mart Historical Sales,23-09-2026 to 29-09-2026,MARIE LIGHT ACTIVE 34G,Marie Light,34G,34g,Pieces,,groceries,,,,,,,NEEDS_REVIEW,MEDIUM,https://g1mart.in/product/g1-prod-251,,,,NEEDS_REVIEW,Existing catalog product awaiting physical invoice confirmation
g1-prod-252,252,Masala Noodles 200g,PRODUCTS.PDF,1,PRODUCTS.PDF,G1 Mart Historical Sales,23-09-2026 to 29-09-2026,Masala Noodles 200g,Masala,200g,200g,Pieces,,rice-dal-atta,,,,,,,NEEDS_REVIEW,MEDIUM,https://g1mart.in/product/g1-prod-252,,,,NEEDS_REVIEW,Existing catalog product awaiting physical invoice confirmation
g1-prod-253,253,MAYA AGARBATHI,PRODUCTS.PDF,1,PRODUCTS.PDF,G1 Mart Historical Sales,23-09-2026 to 29-09-2026,MAYA AGARBATHI,Maya,Pieces,,Pieces,,household,,,,,,,NEEDS_REVIEW,MEDIUM,https://g1mart.in/product/g1-prod-253,,,,NEEDS_REVIEW,Existing catalog product awaiting physical invoice confirmation
g1-prod-254,254,MEDIMIX CLASSIC SOP 75G,PRODUCTS.PDF,1,PRODUCTS.PDF,G1 Mart Historical Sales,23-09-2026 to 29-09-2026,MEDIMIX CLASSIC SOP 75G,Medimix,75G,75g,Pieces,,personal-care,,,,,,,NEEDS_REVIEW,MEDIUM,https://g1mart.in/product/g1-prod-254,,,,NEEDS_REVIEW,Existing catalog product awaiting physical invoice confirmation
g1-prod-255,255,MENTHULU 100G,PRODUCTS.PDF,1,PRODUCTS.PDF,G1 Mart Historical Sales,23-09-2026 to 29-09-2026,MENTHULU 100G,Menthulu,100G,100g,Pieces,,rice-dal-atta,,,,,,,NEEDS_REVIEW,MEDIUM,https://g1mart.in/product/g1-prod-255,,,,NEEDS_REVIEW,Existing catalog product awaiting physical invoice confirmation
g1-prod-256,256,MENTHULU 250G,PRODUCTS.PDF,1,PRODUCTS.PDF,G1 Mart Historical Sales,23-09-2026 to 29-09-2026,MENTHULU 250G,Menthulu,250G,250g,Pieces,,rice-dal-atta,,,,,,,NEEDS_REVIEW,MEDIUM,https://g1mart.in/product/g1-prod-256,,,,NEEDS_REVIEW,Existing catalog product awaiting physical invoice confirmation
g1-prod-257,257,MENTHULU 50G,PRODUCTS.PDF,1,PRODUCTS.PDF,G1 Mart Historical Sales,23-09-2026 to 29-09-2026,MENTHULU 50G,Menthulu,50G,50g,Pieces,,rice-dal-atta,,,,,,,NEEDS_REVIEW,MEDIUM,https://g1mart.in/product/g1-prod-257,,,,NEEDS_REVIEW,Existing catalog product awaiting physical invoice confirmation
g1-prod-258,258,MIKL RUSK 58G,PRODUCTS.PDF,1,PRODUCTS.PDF,G1 Mart Historical Sales,23-09-2026 to 29-09-2026,MIKL RUSK 58G,Mikl,58G,58g,Pieces,,dairy-bakery,,,,,,,NEEDS_REVIEW,MEDIUM,https://g1mart.in/product/g1-prod-258,,,,NEEDS_REVIEW,Existing catalog product awaiting physical invoice confirmation
g1-prod-259,259,MILK BIKIS,PRODUCTS.PDF,1,PRODUCTS.PDF,G1 Mart Historical Sales,23-09-2026 to 29-09-2026,MILK BIKIS,Milk Bikis,Pieces,,Pieces,,dairy-bakery,,,,,,,NEEDS_REVIEW,MEDIUM,https://g1mart.in/product/g1-prod-259,,,,NEEDS_REVIEW,Existing catalog product awaiting physical invoice confirmation
g1-prod-260,260,MILK RUSK 182G,PRODUCTS.PDF,1,PRODUCTS.PDF,G1 Mart Historical Sales,23-09-2026 to 29-09-2026,MILK RUSK 182G,Milk,182G,182g,Pieces,,dairy-bakery,,,,,,,NEEDS_REVIEW,MEDIUM,https://g1mart.in/product/g1-prod-260,,,,NEEDS_REVIEW,Existing catalog product awaiting physical invoice confirmation
g1-prod-261,261,MILKYBAR,PRODUCTS.PDF,1,PRODUCTS.PDF,G1 Mart Historical Sales,23-09-2026 to 29-09-2026,MILKYBAR,Milkybar,Pieces,,Pieces,,snacks,,,,,,,NEEDS_REVIEW,MEDIUM,https://g1mart.in/product/g1-prod-261,,,,NEEDS_REVIEW,Existing catalog product awaiting physical invoice confirmation
g1-prod-262,262,MILKYBAR CHOO,PRODUCTS.PDF,1,PRODUCTS.PDF,G1 Mart Historical Sales,23-09-2026 to 29-09-2026,MILKYBAR CHOO,Milkybar,Pieces,,Pieces,,snacks,,,,,,,NEEDS_REVIEW,MEDIUM,https://g1mart.in/product/g1-prod-262,,,,NEEDS_REVIEW,Existing catalog product awaiting physical invoice confirmation
g1-prod-263,263,MILKYBBAR SMAL BOX,PRODUCTS.PDF,1,PRODUCTS.PDF,G1 Mart Historical Sales,23-09-2026 to 29-09-2026,MILKYBBAR SMAL BOX,Milkybar,Packs,,Packs,,snacks,,,,,,,NEEDS_REVIEW,MEDIUM,https://g1mart.in/product/g1-prod-263,,,,NEEDS_REVIEW,Existing catalog product awaiting physical invoice confirmation
g1-prod-264,264,Minapappu 1kg,PRODUCTS.PDF,1,PRODUCTS.PDF; AltaScanner_10_04_2026.pdf,Jay Goga Ji,22-09-2026,Minapappu 1kg,Minapappu,1kg,1kg,Pieces,,rice-dal-atta,5.0,Jay Goga Ji Estimation L-109,,6,128.0,768.0,VERIFIED,HIGH,https://g1mart.in/product/g1-prod-264,https://www.bbassets.com/media/uploads/p/xxl/40122238_38-milkybar-white-chocolate-creamy.jpg,Supabase Storage,https://pzrigfczxwscpzxkykvf.supabase.co/storage/v1/object/public/product-images/g1-prod-264/primary.jpg,VERIFIED,Verified real Nestlé Milkybar packshot
g1-prod-265,265,Minapapu 500g,PRODUCTS.PDF,1,PRODUCTS.PDF,G1 Mart Historical Sales,23-09-2026 to 29-09-2026,Minapapu 500g,Minapapu,500g,500g,Number,,rice-dal-atta,,,,,,,NEEDS_REVIEW,MEDIUM,https://g1mart.in/product/g1-prod-265,,,,NEEDS_REVIEW,Existing catalog product awaiting physical invoice confirmation
g1-prod-266,266,MINUTE MAID ORANGE,PRODUCTS.PDF,1,PRODUCTS.PDF,G1 Mart Historical Sales,23-09-2026 to 29-09-2026,MINUTE MAID ORANGE,Minute Maid,Pieces,,Pieces,,beverages,,,,,,,NEEDS_REVIEW,MEDIUM,https://g1mart.in/product/g1-prod-266,,,,NEEDS_REVIEW,Existing catalog product awaiting physical invoice confirmation
g1-prod-267,267,MIRIYALU 50G,PRODUCTS.PDF,1,PRODUCTS.PDF,G1 Mart Historical Sales,23-09-2026 to 29-09-2026,MIRIYALU 50G,Miriyalu,50G,50g,Pieces,,rice-dal-atta,,,,,,,NEEDS_REVIEW,MEDIUM,https://g1mart.in/product/g1-prod-267,,,,NEEDS_REVIEW,Existing catalog product awaiting physical invoice confirmation
g1-prod-268,268,MOMS MAGIC CASHEW& ALMOND,PRODUCTS.PDF,1,PRODUCTS.PDF,G1 Mart Historical Sales,23-09-2026 to 29-09-2026,MOMS MAGIC CASHEW& ALMOND,Mom's Magic,Pieces,,Pieces,,rice-dal-atta,,,,,,,NEEDS_REVIEW,MEDIUM,https://g1mart.in/product/g1-prod-268,,,,NEEDS_REVIEW,Existing catalog product awaiting physical invoice confirmation
g1-prod-269,269,MOMS MAGIC CASHEW&ALMOND 61G,PRODUCTS.PDF,1,PRODUCTS.PDF,G1 Mart Historical Sales,23-09-2026 to 29-09-2026,MOMS MAGIC CASHEW&ALMOND 61G,Mom's Magic,61G,61g,Pieces,,rice-dal-atta,,,,,,,NEEDS_REVIEW,MEDIUM,https://g1mart.in/product/g1-prod-269,,,,NEEDS_REVIEW,Existing catalog product awaiting physical invoice confirmation
g1-prod-270,270,MOMS MAGIC SHINES SHINIG BUTTER 126G,PRODUCTS.PDF,1,PRODUCTS.PDF,G1 Mart Historical Sales,23-09-2026 to 29-09-2026,MOMS MAGIC SHINES SHINIG BUTTER 126G,Mom's Magic,126G,126g,Pieces,,groceries,,,,,,,NEEDS_REVIEW,MEDIUM,https://g1mart.in/product/g1-prod-270,,,,NEEDS_REVIEW,Existing catalog product awaiting physical invoice confirmation
g1-prod-271,271,MOMS MAGIC SHINES SHINING BUTTER 44G,PRODUCTS.PDF,1,PRODUCTS.PDF,G1 Mart Historical Sales,23-09-2026 to 29-09-2026,MOMS MAGIC SHINES SHINING BUTTER 44G,Mom's Magic,44G,44g,Pieces,,groceries,,,,,,,NEEDS_REVIEW,MEDIUM,https://g1mart.in/product/g1-prod-271,,,,NEEDS_REVIEW,Existing catalog product awaiting physical invoice confirmation
g1-prod-272,272,MOON DAL 250G,PRODUCTS.PDF,1,PRODUCTS.PDF,G1 Mart Historical Sales,23-09-2026 to 29-09-2026,MOON DAL 250G,Moon,250G,250g,Pieces,,rice-dal-atta,,,,,,,NEEDS_REVIEW,MEDIUM,https://g1mart.in/product/g1-prod-272,,,,NEEDS_REVIEW,Existing catalog product awaiting physical invoice confirmation
g1-prod-273,273,MOON DAL 500G,PRODUCTS.PDF,1,PRODUCTS.PDF,G1 Mart Historical Sales,23-09-2026 to 29-09-2026,MOON DAL 500G,Moon,500G,500g,Pieces,,rice-dal-atta,,,,,,,NEEDS_REVIEW,MEDIUM,https://g1mart.in/product/g1-prod-273,,,,NEEDS_REVIEW,Existing catalog product awaiting physical invoice confirmation
g1-prod-274,274,MOONG DALL 120G,PRODUCTS.PDF,1,PRODUCTS.PDF,G1 Mart Historical Sales,23-09-2026 to 29-09-2026,MOONG DALL 120G,Moong,120G,120g,Pieces,,rice-dal-atta,,,,,,,NEEDS_REVIEW,MEDIUM,https://g1mart.in/product/g1-prod-274,,,,NEEDS_REVIEW,Existing catalog product awaiting physical invoice confirmation
g1-prod-275,275,MROW,PRODUCTS.PDF,1,PRODUCTS.PDF,G1 Mart Historical Sales,23-09-2026 to 29-09-2026,MROW,Mrow,Pieces,,Pieces,,groceries,,,,,,,NEEDS_REVIEW,MEDIUM,https://g1mart.in/product/g1-prod-275,,,,NEEDS_REVIEW,Existing catalog product awaiting physical invoice confirmation
g1-prod-276,276,MUNCH 5RS,PRODUCTS.PDF,1,PRODUCTS.PDF; AltaScanner_10_04_2026.pdf,Jay Goga Ji,22-09-2026,MUNCH 5RS,Munch,5RS,,Pieces,,snacks,5.0,Jay Goga Ji Estimation L-109,,2,144.0,288.0,VERIFIED,HIGH,https://g1mart.in/product/g1-prod-276,https://www.bbassets.com/media/uploads/p/xxl/40269268_16-nestle-munch-max-chocolate-coated-wafer-extra-crunchy.jpg,Supabase Storage,https://pzrigfczxwscpzxkykvf.supabase.co/storage/v1/object/public/product-images/g1-prod-276/primary.jpg,VERIFIED,Verified real Nestlé Munch packshot
g1-prod-277,277,MUNG BEAN 500G,PRODUCTS.PDF,1,PRODUCTS.PDF,G1 Mart Historical Sales,23-09-2026 to 29-09-2026,MUNG BEAN 500G,Mung,500G,500g,Pieces,,groceries,,,,,,,NEEDS_REVIEW,MEDIUM,https://g1mart.in/product/g1-prod-277,,,,NEEDS_REVIEW,Existing catalog product awaiting physical invoice confirmation
g1-prod-278,278,MURALI VATHULU,PRODUCTS.PDF,1,PRODUCTS.PDF,G1 Mart Historical Sales,23-09-2026 to 29-09-2026,MURALI VATHULU,Murali,Pieces,,Pieces,,household,,,,,,,NEEDS_REVIEW,MEDIUM,https://g1mart.in/product/g1-prod-278,,,,NEEDS_REVIEW,Existing catalog product awaiting physical invoice confirmation
g1-prod-279,279,Muskmelon Seeds 100g,PRODUCTS.PDF,1,PRODUCTS.PDF,G1 Mart Historical Sales,23-09-2026 to 29-09-2026,Muskmelon Seeds 100g,Muskmelon,100g,100g,Pieces,,rice-dal-atta,,,,,,,NEEDS_REVIEW,MEDIUM,https://g1mart.in/product/g1-prod-279,,,,NEEDS_REVIEW,Existing catalog product awaiting physical invoice confirmation
g1-prod-280,280,MYSORE SANDAL 50G,PRODUCTS.PDF,1,PRODUCTS.PDF,G1 Mart Historical Sales,23-09-2026 to 29-09-2026,MYSORE SANDAL 50G,Mysore Sandal,50G,50g,Pieces,,groceries,,,,,,,NEEDS_REVIEW,MEDIUM,https://g1mart.in/product/g1-prod-280,,,,NEEDS_REVIEW,Existing catalog product awaiting physical invoice confirmation
g1-prod-281,281,Mysore Sandal Gold,PRODUCTS.PDF,1,PRODUCTS.PDF,G1 Mart Historical Sales,23-09-2026 to 29-09-2026,Mysore Sandal Gold,Mysore Sandal,Pieces,,Pieces,,groceries,,,,,,,NEEDS_REVIEW,MEDIUM,https://g1mart.in/product/g1-prod-281,,,,NEEDS_REVIEW,Existing catalog product awaiting physical invoice confirmation
g1-prod-282,282,MYSORE SANDAL SOAP 150G,PRODUCTS.PDF,1,PRODUCTS.PDF; AltaScanner_10_04_2026(1).pdf,RR Enterprises,24-09-2026,MYSORE SANDAL SOAP 150G,Mysore Sandal,150G,150g,Pieces,,personal-care,75.0,RR Enterprises Tax Invoice RRE26/27-4456,,12,64.76,815.98,VERIFIED,HIGH,https://g1mart.in/product/g1-prod-282,https://www.bbassets.com/media/uploads/p/xxl/100003949_1-mysore-sandal-bathing-soap.jpg,Supabase Storage,https://pzrigfczxwscpzxkykvf.supabase.co/storage/v1/object/public/product-images/g1-prod-282/primary.jpg,VERIFIED,Verified real KSDL Mysore Sandal soap 150g packaging
g1-prod-283,283,MYSORE SANDAL SOP 125G,PRODUCTS.PDF,1,PRODUCTS.PDF; AltaScanner_10_04_2026(1).pdf,RR Enterprises,24-09-2026,MYSORE SANDAL SOP 125G,Mysore Sandal,125G,125g,Pieces,,personal-care,63.0,RR Enterprises Tax Invoice RRE26/27-4456,,24,53.33,1343.92,VERIFIED,HIGH,https://g1mart.in/product/g1-prod-283,https://www.bbassets.com/media/uploads/p/xxl/100003902_1-mysore-sandal-bathing-soap.jpg,Supabase Storage,https://pzrigfczxwscpzxkykvf.supabase.co/storage/v1/object/public/product-images/g1-prod-283/primary.jpg,VERIFIED,Verified real KSDL Mysore Sandal soap 125g packaging
g1-prod-284,284,MYSORE SANDALS FRESHNOL,PRODUCTS.PDF,1,PRODUCTS.PDF,G1 Mart Historical Sales,23-09-2026 to 29-09-2026,MYSORE SANDALS FRESHNOL,Mysore Sandal,Pieces,,Pieces,,groceries,,,,,,,NEEDS_REVIEW,MEDIUM,https://g1mart.in/product/g1-prod-284,,,,NEEDS_REVIEW,Existing catalog product awaiting physical invoice confirmation
g1-prod-285,285,NALLA KARAM PODI 150G,PRODUCTS.PDF,1,PRODUCTS.PDF; AltaScanner_10_04_2026.pdf,Jay Goga Ji,22-09-2026,NALLA KARAM PODI 150G,Nalla,150G,150g,Pieces,,rice-dal-atta,47.0,Jay Goga Ji Estimation L-109,,12,43.5,522.0,VERIFIED,HIGH,https://g1mart.in/product/g1-prod-285,https://www.bbassets.com/media/uploads/p/xxl/265360_5-navratna-ayurvedic-hair-oil-cool-enriched-with-bhringraj-amla-bhrami-for-head-body-ache-fatigue.jpg,Supabase Storage,https://pzrigfczxwscpzxkykvf.supabase.co/storage/v1/object/public/product-images/g1-prod-285/primary.jpg,VERIFIED,Verified real Emami Navratna hair oil packshot
g1-prod-286,286,NATURO,PRODUCTS.PDF,1,PRODUCTS.PDF,G1 Mart Historical Sales,23-09-2026 to 29-09-2026,NATURO,Naturo,Pieces,,Pieces,,groceries,,,,,,,NEEDS_REVIEW,MEDIUM,https://g1mart.in/product/g1-prod-286,,,,NEEDS_REVIEW,Existing catalog product awaiting physical invoice confirmation
g1-prod-287,287,NAVARATNA OIL 50ML,PRODUCTS.PDF,1,PRODUCTS.PDF,G1 Mart Historical Sales,23-09-2026 to 29-09-2026,NAVARATNA OIL 50ML,Navaratna,50ML,50ml,Packs,,personal-care,,,,,,,NEEDS_REVIEW,MEDIUM,https://g1mart.in/product/g1-prod-287,,,,NEEDS_REVIEW,Existing catalog product awaiting physical invoice confirmation
g1-prod-288,288,NEEM NIMYLE 200ML,PRODUCTS.PDF,1,PRODUCTS.PDF; WhatsApp Image 2026-10-04 (Bombay Corporation / ITC Invoice),Bombay Corporation (ITC FMCG Distributor),22-09-2026,NEEM NIMYLE 200ML,Nimyle,200ML,200ml,Pieces,,household,44.0,,,6,32.54,225.61,NEEDS_REVIEW,MEDIUM,https://g1mart.in/product/g1-prod-288,,,,NEEDS_REVIEW,Existing catalog product awaiting physical invoice confirmation
g1-prod-289,289,Nice Peanut Chikki,PRODUCTS.PDF,1,PRODUCTS.PDF,G1 Mart Historical Sales,23-09-2026 to 29-09-2026,Nice Peanut Chikki,Nice,Pieces,,Pieces,,snacks,,,,,,,NEEDS_REVIEW,MEDIUM,https://g1mart.in/product/g1-prod-289,,,,NEEDS_REVIEW,Existing catalog product awaiting physical invoice confirmation
g1-prod-290,290,NO 1 SOAP LEMON,PRODUCTS.PDF,1,PRODUCTS.PDF,G1 Mart Historical Sales,23-09-2026 to 29-09-2026,NO 1 SOAP LEMON,,Pieces,,Pieces,,personal-care,,,,,,,NEEDS_REVIEW,MEDIUM,https://g1mart.in/product/g1-prod-290,,,,NEEDS_REVIEW,Existing catalog product awaiting physical invoice confirmation
g1-prod-291,291,NSR,PRODUCTS.PDF,1,PRODUCTS.PDF,G1 Mart Historical Sales,23-09-2026 to 29-09-2026,NSR,Nsr,Pieces,,Pieces,,groceries,,,,,,,NEEDS_REVIEW,MEDIUM,https://g1mart.in/product/g1-prod-291,,,,NEEDS_REVIEW,Existing catalog product awaiting physical invoice confirmation
g1-prod-292,292,NUVVULU 250G,PRODUCTS.PDF,1,PRODUCTS.PDF,G1 Mart Historical Sales,23-09-2026 to 29-09-2026,NUVVULU 250G,Nuvvulu,250G,250g,Pieces,,rice-dal-atta,,,,,,,NEEDS_REVIEW,MEDIUM,https://g1mart.in/product/g1-prod-292,,,,NEEDS_REVIEW,Existing catalog product awaiting physical invoice confirmation
g1-prod-293,293,NYCIL GERM EXPERT 210G,PRODUCTS.PDF,1,PRODUCTS.PDF,G1 Mart Historical Sales,23-09-2026 to 29-09-2026,NYCIL GERM EXPERT 210G,Nycil,210G,210g,Pieces,,personal-care,,,,,,,NEEDS_REVIEW,MEDIUM,https://g1mart.in/product/g1-prod-293,,,,NEEDS_REVIEW,Existing catalog product awaiting physical invoice confirmation
g1-prod-294,294,NYCIL POWDER SMALL,PRODUCTS.PDF,1,PRODUCTS.PDF,G1 Mart Historical Sales,23-09-2026 to 29-09-2026,NYCIL POWDER SMALL,Nycil,Pieces,,Pieces,,personal-care,,,,,,,NEEDS_REVIEW,MEDIUM,https://g1mart.in/product/g1-prod-294,,,,NEEDS_REVIEW,Existing catalog product awaiting physical invoice confirmation
g1-prod-295,295,OATS 400G,PRODUCTS.PDF,1,PRODUCTS.PDF,G1 Mart Historical Sales,23-09-2026 to 29-09-2026,OATS 400G,Oats,400G,400g,Pieces,,groceries,,,,,,,NEEDS_REVIEW,MEDIUM,https://g1mart.in/product/g1-prod-295,,,,NEEDS_REVIEW,Existing catalog product awaiting physical invoice confirmation
g1-prod-296,296,OIONES 500G,PRODUCTS.PDF,1,PRODUCTS.PDF,G1 Mart Historical Sales,23-09-2026 to 29-09-2026,OIONES 500G,Oiones,500G,500g,Pieces,,fruits-vegetables,,,,,,,NEEDS_REVIEW,MEDIUM,https://g1mart.in/product/g1-prod-296,,,,NEEDS_REVIEW,Existing catalog product awaiting physical invoice confirmation
g1-prod-297,297,ONIONS 1KG,PRODUCTS.PDF,1,PRODUCTS.PDF,G1 Mart Historical Sales,23-09-2026 to 29-09-2026,ONIONS 1KG,Onions,1KG,1kg,Bag,,fruits-vegetables,,,,,,,NEEDS_REVIEW,MEDIUM,https://g1mart.in/product/g1-prod-297,,,,NEEDS_REVIEW,Existing catalog product awaiting physical invoice confirmation
g1-prod-298,298,ORINGE CANDY 150G,PRODUCTS.PDF,1,PRODUCTS.PDF,G1 Mart Historical Sales,23-09-2026 to 29-09-2026,ORINGE CANDY 150G,Oringe,150G,150g,Pieces,,snacks,,,,,,,NEEDS_REVIEW,MEDIUM,https://g1mart.in/product/g1-prod-298,,,,NEEDS_REVIEW,Existing catalog product awaiting physical invoice confirmation
g1-prod-299,299,Osmania Bisc,PRODUCTS.PDF,1,PRODUCTS.PDF,G1 Mart Historical Sales,23-09-2026 to 29-09-2026,Osmania Bisc,Osmania,Pieces,,Pieces,,snacks,,,,,,,NEEDS_REVIEW,MEDIUM,https://g1mart.in/product/g1-prod-299,,,,NEEDS_REVIEW,Existing catalog product awaiting physical invoice confirmation
g1-prod-300,300,Pachisenaga Pappu 250g,PRODUCTS.PDF,1,PRODUCTS.PDF,G1 Mart Historical Sales,23-09-2026 to 29-09-2026,Pachisenaga Pappu (Chana Dal) 250g,Pachisenaga,250g,250g,Pieces,,rice-dal-atta,,,,,,,NEEDS_REVIEW,MEDIUM,https://g1mart.in/product/g1-prod-300,,,,NEEDS_REVIEW,Existing catalog product awaiting physical invoice confirmation
g1-prod-301,301,Pachisenagapappu 500g,PRODUCTS.PDF,1,PRODUCTS.PDF,G1 Mart Historical Sales,23-09-2026 to 29-09-2026,Pachisenagapappu 500g,Pachisenagapappu,500g,500g,Pieces,,groceries,,,,,,,NEEDS_REVIEW,MEDIUM,https://g1mart.in/product/g1-prod-301,,,,NEEDS_REVIEW,Existing catalog product awaiting physical invoice confirmation
g1-prod-302,302,PARACHUTE 175ML,PRODUCTS.PDF,1,PRODUCTS.PDF; AltaScanner_10_04_2026.pdf,Jay Goga Ji,22-09-2026,PARACHUTE 175ML,Parachute,175ML,175ml,Pieces,,groceries,10.0,Jay Goga Ji Estimation L-109,,2,270.0,540.0,VERIFIED,HIGH,https://g1mart.in/product/g1-prod-302,https://www.bbassets.com/media/uploads/p/xxl/20005973_17-cadbury-perk-double-chocolate-bar.jpg,Supabase Storage,https://pzrigfczxwscpzxkykvf.supabase.co/storage/v1/object/public/product-images/g1-prod-302/primary.jpg,VERIFIED,Verified real Cadbury Perk packshot
g1-prod-303,303,Parachute Aloe Vera 250ml,PRODUCTS.PDF,1,PRODUCTS.PDF,G1 Mart Historical Sales,23-09-2026 to 29-09-2026,Parachute Aloe Vera 250ml,Parachute,250ml,250ml,Pieces,,groceries,,,,,,,NEEDS_REVIEW,MEDIUM,https://g1mart.in/product/g1-prod-303,,,,NEEDS_REVIEW,Existing catalog product awaiting physical invoice confirmation
g1-prod-304,304,PARACHUTEB 100ML,PRODUCTS.PDF,1,PRODUCTS.PDF,G1 Mart Historical Sales,23-09-2026 to 29-09-2026,PARACHUTEB 100ML,Parachute,100ML,100ml,Pieces,,groceries,,,,,,,NEEDS_REVIEW,MEDIUM,https://g1mart.in/product/g1-prod-304,,,,NEEDS_REVIEW,Existing catalog product awaiting physical invoice confirmation
g1-prod-305,305,PARK10RS,PRODUCTS.PDF,1,PRODUCTS.PDF,G1 Mart Historical Sales,23-09-2026 to 29-09-2026,PARK10RS,,10RS,,Pieces,,groceries,,,,,,,NEEDS_REVIEW,MEDIUM,https://g1mart.in/product/g1-prod-305,,,,NEEDS_REVIEW,Existing catalog product awaiting physical invoice confirmation
g1-prod-306,306,PEARS PURE& GENTLE GLOW 52G,PRODUCTS.PDF,1,PRODUCTS.PDF,G1 Mart Historical Sales,23-09-2026 to 29-09-2026,PEARS PURE& GENTLE GLOW 52G,Pears,52G,52g,Pieces,,personal-care,,,,,,,NEEDS_REVIEW,MEDIUM,https://g1mart.in/product/g1-prod-306,,,,NEEDS_REVIEW,Existing catalog product awaiting physical invoice confirmation
g1-prod-307,307,PEARS WITH MINT 50G,PRODUCTS.PDF,1,PRODUCTS.PDF,G1 Mart Historical Sales,23-09-2026 to 29-09-2026,PEARS WITH MINT 50G,Pears,50G,50g,Pieces,,personal-care,,,,,,,NEEDS_REVIEW,MEDIUM,https://g1mart.in/product/g1-prod-307,,,,NEEDS_REVIEW,Existing catalog product awaiting physical invoice confirmation
g1-prod-308,308,Pepper 100g,PRODUCTS.PDF,1,PRODUCTS.PDF,G1 Mart Historical Sales,23-09-2026 to 29-09-2026,Pepper 100g,Pepper,100g,100g,Pieces,,rice-dal-atta,,,,,,,NEEDS_REVIEW,MEDIUM,https://g1mart.in/product/g1-prod-308,,,,NEEDS_REVIEW,Existing catalog product awaiting physical invoice confirmation
g1-prod-309,309,PEPPER BOLS 50G,PRODUCTS.PDF,1,PRODUCTS.PDF,G1 Mart Historical Sales,23-09-2026 to 29-09-2026,PEPPER BOLS 50G,Pepper,50G,50g,Pieces,,rice-dal-atta,,,,,,,NEEDS_REVIEW,MEDIUM,https://g1mart.in/product/g1-prod-309,,,,NEEDS_REVIEW,Existing catalog product awaiting physical invoice confirmation
g1-prod-310,310,PITAMBARI 20G,PRODUCTS.PDF,1,PRODUCTS.PDF,G1 Mart Historical Sales,23-09-2026 to 29-09-2026,PITAMBARI 20G,Pitambari,20G,20g,Pieces,,household,,,,,,,NEEDS_REVIEW,MEDIUM,https://g1mart.in/product/g1-prod-310,,,,NEEDS_REVIEW,Existing catalog product awaiting physical invoice confirmation
g1-prod-311,311,POND S 23G,PRODUCTS.PDF,1,PRODUCTS.PDF,G1 Mart Historical Sales,23-09-2026 to 29-09-2026,POND S 23G,Pond's,23G,23g,Pieces,,personal-care,,,,,,,NEEDS_REVIEW,MEDIUM,https://g1mart.in/product/g1-prod-311,,,,NEEDS_REVIEW,Existing catalog product awaiting physical invoice confirmation
g1-prod-312,312,PONDS BRICHT BEAUTY 15G,PRODUCTS.PDF,1,PRODUCTS.PDF,G1 Mart Historical Sales,23-09-2026 to 29-09-2026,PONDS BRICHT BEAUTY 15G,Pond's,15G,15g,Pieces,,personal-care,,,,,,,NEEDS_REVIEW,MEDIUM,https://g1mart.in/product/g1-prod-312,,,,NEEDS_REVIEW,Existing catalog product awaiting physical invoice confirmation
g1-prod-313,313,Ponds Cold Cream,PRODUCTS.PDF,1,PRODUCTS.PDF,G1 Mart Historical Sales,23-09-2026 to 29-09-2026,Ponds Cold Cream,Pond's,Pieces,,Pieces,,personal-care,,,,,,,NEEDS_REVIEW,MEDIUM,https://g1mart.in/product/g1-prod-313,,,,NEEDS_REVIEW,Existing catalog product awaiting physical invoice confirmation
g1-prod-314,314,POOJA GOLD OIL 800ML,PRODUCTS.PDF,1,PRODUCTS.PDF,G1 Mart Historical Sales,23-09-2026 to 29-09-2026,POOJA GOLD OIL 800ML,Pooja,800ML,800ml,Pieces,,rice-dal-atta,,,,,,,NEEDS_REVIEW,MEDIUM,https://g1mart.in/product/g1-prod-314,,,,NEEDS_REVIEW,Existing catalog product awaiting physical invoice confirmation
g1-prod-315,315,POOJA OIAL 800ML,PRODUCTS.PDF,1,PRODUCTS.PDF,G1 Mart Historical Sales,23-09-2026 to 29-09-2026,POOJA OIAL 800ML,Pooja,800ML,800ml,Pieces,,groceries,,,,,,,NEEDS_REVIEW,MEDIUM,https://g1mart.in/product/g1-prod-315,,,,NEEDS_REVIEW,Existing catalog product awaiting physical invoice confirmation
g1-prod-316,316,"POOJA POWDER 50 G,",PRODUCTS.PDF,1,PRODUCTS.PDF,G1 Mart Historical Sales,23-09-2026 to 29-09-2026,"POOJA POWDER 50 G,",Pooja,50 G,50g,Pieces,,groceries,,,,,,,NEEDS_REVIEW,MEDIUM,https://g1mart.in/product/g1-prod-316,,,,NEEDS_REVIEW,Existing catalog product awaiting physical invoice confirmation
g1-prod-317,317,POOJA POWDER B GANDAM,PRODUCTS.PDF,1,PRODUCTS.PDF,G1 Mart Historical Sales,23-09-2026 to 29-09-2026,POOJA POWDER B GANDAM,Pooja,Pieces,,Pieces,,groceries,,,,,,,NEEDS_REVIEW,MEDIUM,https://g1mart.in/product/g1-prod-317,,,,NEEDS_REVIEW,Existing catalog product awaiting physical invoice confirmation
g1-prod-318,318,POWER NATURAL SOAP,PRODUCTS.PDF,1,PRODUCTS.PDF,G1 Mart Historical Sales,23-09-2026 to 29-09-2026,POWER NATURAL SOAP,Power,Pieces,,Pieces,,personal-care,,,,,,,NEEDS_REVIEW,MEDIUM,https://g1mart.in/product/g1-prod-318,,,,NEEDS_REVIEW,Existing catalog product awaiting physical invoice confirmation
g1-prod-319,319,Priya Gold 500g,PRODUCTS.PDF,1,PRODUCTS.PDF,G1 Mart Historical Sales,23-09-2026 to 29-09-2026,Priya Gold 500g,Priya,500g,500g,Pieces,,groceries,,,,,,,NEEDS_REVIEW,MEDIUM,https://g1mart.in/product/g1-prod-319,,,,NEEDS_REVIEW,Existing catalog product awaiting physical invoice confirmation
g1-prod-320,320,PRIYA GOLD1KG,PRODUCTS.PDF,1,PRODUCTS.PDF,G1 Mart Historical Sales,23-09-2026 to 29-09-2026,PRIYA GOLD1KG,Priya,1KG,1kg,Packs,,groceries,,,,,,,NEEDS_REVIEW,MEDIUM,https://g1mart.in/product/g1-prod-320,,,,NEEDS_REVIEW,Existing catalog product awaiting physical invoice confirmation
g1-prod-321,321,Pumpkin Seeds 100g,PRODUCTS.PDF,1,PRODUCTS.PDF,G1 Mart Historical Sales,23-09-2026 to 29-09-2026,Pumpkin Seeds 100g,Pumpkin,100g,100g,Pieces,,rice-dal-atta,,,,,,,NEEDS_REVIEW,MEDIUM,https://g1mart.in/product/g1-prod-321,,,,NEEDS_REVIEW,Existing catalog product awaiting physical invoice confirmation
g1-prod-322,322,REAL AAM 400G,PRODUCTS.PDF,1,PRODUCTS.PDF,G1 Mart Historical Sales,23-09-2026 to 29-09-2026,REAL AAM 400G,Real,400G,400g,Pieces,,groceries,,,,,,,NEEDS_REVIEW,MEDIUM,https://g1mart.in/product/g1-prod-322,,,,NEEDS_REVIEW,Existing catalog product awaiting physical invoice confirmation
g1-prod-323,323,RED CHILLI PICKEL 60G,PRODUCTS.PDF,1,PRODUCTS.PDF,G1 Mart Historical Sales,23-09-2026 to 29-09-2026,RED CHILLI PICKEL 60G,Red,60G,60g,Pieces,,groceries,,,,,,,NEEDS_REVIEW,MEDIUM,https://g1mart.in/product/g1-prod-323,,,,NEEDS_REVIEW,Existing catalog product awaiting physical invoice confirmation
g1-prod-324,324,RED LABUL NATURAL 100G,PRODUCTS.PDF,1,PRODUCTS.PDF,G1 Mart Historical Sales,23-09-2026 to 29-09-2026,RED LABUL NATURAL 100G,Red Label,100G,100g,Pieces,,groceries,,,,,,,NEEDS_REVIEW,MEDIUM,https://g1mart.in/product/g1-prod-324,,,,NEEDS_REVIEW,Existing catalog product awaiting physical invoice confirmation
g1-prod-325,325,RED LENTILS 500G,PRODUCTS.PDF,1,PRODUCTS.PDF,G1 Mart Historical Sales,23-09-2026 to 29-09-2026,RED LENTILS 500G,Red,500G,500g,Pieces,,groceries,,,,,,,NEEDS_REVIEW,MEDIUM,https://g1mart.in/product/g1-prod-325,,,,NEEDS_REVIEW,Existing catalog product awaiting physical invoice confirmation
g1-prod-326,326,RIMZIM JEERA,PRODUCTS.PDF,1,PRODUCTS.PDF,G1 Mart Historical Sales,23-09-2026 to 29-09-2026,RIMZIM JEERA,Rimzim,Pieces,,Pieces,,rice-dal-atta,,,,,,,NEEDS_REVIEW,MEDIUM,https://g1mart.in/product/g1-prod-326,,,,NEEDS_REVIEW,Existing catalog product awaiting physical invoice confirmation
g1-prod-327,327,RIN,PRODUCTS.PDF,1,PRODUCTS.PDF,G1 Mart Historical Sales,23-09-2026 to 29-09-2026,RIN,Rin,Pieces,,Pieces,,household,,,,,,,NEEDS_REVIEW,MEDIUM,https://g1mart.in/product/g1-prod-327,,,,NEEDS_REVIEW,Existing catalog product awaiting physical invoice confirmation
g1-prod-328,328,RIN ANTIBAV,PRODUCTS.PDF,1,PRODUCTS.PDF,G1 Mart Historical Sales,23-09-2026 to 29-09-2026,RIN ANTIBAV,Rin,Pieces,,Pieces,,household,,,,,,,NEEDS_REVIEW,MEDIUM,https://g1mart.in/product/g1-prod-328,,,,NEEDS_REVIEW,Existing catalog product awaiting physical invoice confirmation
g1-prod-329,329,RIN MATIC,PRODUCTS.PDF,1,PRODUCTS.PDF,G1 Mart Historical Sales,23-09-2026 to 29-09-2026,RIN MATIC,Rin,Pieces,,Pieces,,household,,,,,,,NEEDS_REVIEW,MEDIUM,https://g1mart.in/product/g1-prod-329,,,,NEEDS_REVIEW,Existing catalog product awaiting physical invoice confirmation
g1-prod-330,330,ROBAN CAKE 25G,PRODUCTS.PDF,1,PRODUCTS.PDF,G1 Mart Historical Sales,23-09-2026 to 29-09-2026,ROBAN CAKE 25G,Roban,25G,25g,Pieces,,snacks,,,,,,,NEEDS_REVIEW,MEDIUM,https://g1mart.in/product/g1-prod-330,,,,NEEDS_REVIEW,Existing catalog product awaiting physical invoice confirmation
g1-prod-331,331,RUCHI GOLD 750G,PRODUCTS.PDF,1,PRODUCTS.PDF,G1 Mart Historical Sales,23-09-2026 to 29-09-2026,RUCHI GOLD 750G,Ruchi Gold,750G,750g,Pieces,,groceries,,,,,,,NEEDS_REVIEW,MEDIUM,https://g1mart.in/product/g1-prod-331,,,,NEEDS_REVIEW,Existing catalog product awaiting physical invoice confirmation
g1-prod-332,332,Ruchigold 1kg,PRODUCTS.PDF,1,PRODUCTS.PDF,G1 Mart Historical Sales,23-09-2026 to 29-09-2026,Ruchigold 1kg,Ruchi Gold,1kg,1kg,Packs,,groceries,,,,,,,NEEDS_REVIEW,MEDIUM,https://g1mart.in/product/g1-prod-332,,,,NEEDS_REVIEW,Existing catalog product awaiting physical invoice confirmation
g1-prod-333,333,SAGGUBIYYAM 250G,PRODUCTS.PDF,1,PRODUCTS.PDF,G1 Mart Historical Sales,23-09-2026 to 29-09-2026,SAGGUBIYYAM 250G,Saggubiyyam,250G,250g,Pieces,,rice-dal-atta,,,,,,,NEEDS_REVIEW,MEDIUM,https://g1mart.in/product/g1-prod-333,,,,NEEDS_REVIEW,Existing catalog product awaiting physical invoice confirmation
g1-prod-334,334,SAI BANSI RAVVA 500G,PRODUCTS.PDF,1,PRODUCTS.PDF,G1 Mart Historical Sales,23-09-2026 to 29-09-2026,SAI BANSI RAVVA 500G,Sai,500G,500g,Pieces,,rice-dal-atta,,,,,,,NEEDS_REVIEW,MEDIUM,https://g1mart.in/product/g1-prod-334,,,,NEEDS_REVIEW,Existing catalog product awaiting physical invoice confirmation
g1-prod-335,335,SALT MIRCHI 250G,PRODUCTS.PDF,1,PRODUCTS.PDF,G1 Mart Historical Sales,23-09-2026 to 29-09-2026,SALT MIRCHI 250G,Salt,250G,250g,Pieces,,rice-dal-atta,,,,,,,NEEDS_REVIEW,MEDIUM,https://g1mart.in/product/g1-prod-335,,,,NEEDS_REVIEW,Existing catalog product awaiting physical invoice confirmation
g1-prod-336,336,SANTOOR,PRODUCTS.PDF,1,PRODUCTS.PDF,G1 Mart Historical Sales,23-09-2026 to 29-09-2026,SANTOOR,Santoor,Pieces,,Pieces,,personal-care,,,,,,,NEEDS_REVIEW,MEDIUM,https://g1mart.in/product/g1-prod-336,,,,NEEDS_REVIEW,Existing catalog product awaiting physical invoice confirmation
g1-prod-337,337,SANTOOR 150G,PRODUCTS.PDF,1,PRODUCTS.PDF; AltaScanner_10_04_2026.pdf,Jay Goga Ji,22-09-2026,SANTOOR 150G,Santoor,150G,150g,Pieces,,personal-care,105.0,,,2,95.0,190.0,NEEDS_REVIEW,MEDIUM,https://g1mart.in/product/g1-prod-337,,,,NEEDS_REVIEW,Existing catalog product awaiting physical invoice confirmation
g1-prod-338,338,SANTOOR FRESH SKIN,PRODUCTS.PDF,1,PRODUCTS.PDF; AltaScanner_10_04_2026.pdf,Jay Goga Ji,22-09-2026,SANTOOR FRESH SKIN,Santoor,Pieces,,Pieces,,personal-care,40.0,Jay Goga Ji Estimation L-109,,16,35.0,560.0,VERIFIED,HIGH,https://g1mart.in/product/g1-prod-338,https://www.bbassets.com/media/uploads/p/xxl/100005805_12-santoor-bathing-soap-sandal-turmeric.jpg,Supabase Storage,https://pzrigfczxwscpzxkykvf.supabase.co/storage/v1/object/public/product-images/g1-prod-338/primary.jpg,VERIFIED,Verified real Wipro Santoor 100g soap packaging
g1-prod-339,339,SANTOOR SOAP BIG SET,PRODUCTS.PDF,1,PRODUCTS.PDF,G1 Mart Historical Sales,23-09-2026 to 29-09-2026,SANTOOR SOAP BIG SET,Santoor,BIG SET,,Pieces,,personal-care,,,,,,,NEEDS_REVIEW,MEDIUM,https://g1mart.in/product/g1-prod-339,,,,NEEDS_REVIEW,Existing catalog product awaiting physical invoice confirmation
g1-prod-340,340,Savlon Handwash 375 Ml,PRODUCTS.PDF,1,PRODUCTS.PDF,G1 Mart Historical Sales,23-09-2026 to 29-09-2026,Savlon Handwash 375 Ml,Savlon,375 Ml,375ml,Pieces,,personal-care,,,,,,,NEEDS_REVIEW,MEDIUM,https://g1mart.in/product/g1-prod-340,,,,NEEDS_REVIEW,Existing catalog product awaiting physical invoice confirmation
g1-prod-341,341,SCISSORS 10INCH,PRODUCTS.PDF,1,PRODUCTS.PDF,G1 Mart Historical Sales,23-09-2026 to 29-09-2026,SCISSORS 10INCH,Scissors,10INCH,,Pieces,,groceries,,,,,,,NEEDS_REVIEW,MEDIUM,https://g1mart.in/product/g1-prod-341,,,,NEEDS_REVIEW,Existing catalog product awaiting physical invoice confirmation
g1-prod-342,342,Sensodyne Bresh,PRODUCTS.PDF,1,PRODUCTS.PDF,G1 Mart Historical Sales,23-09-2026 to 29-09-2026,Sensodyne Bresh,Sensodyne,Pieces,,Pieces,,personal-care,,,,,,,NEEDS_REVIEW,MEDIUM,https://g1mart.in/product/g1-prod-342,,,,NEEDS_REVIEW,Existing catalog product awaiting physical invoice confirmation
g1-prod-343,343,SENSORA PASTE 80G,PRODUCTS.PDF,1,PRODUCTS.PDF,G1 Mart Historical Sales,23-09-2026 to 29-09-2026,Sensora Sensitive Toothpaste 80G,Sensora,80G,80g,Pieces,,personal-care,,,,,,,NEEDS_REVIEW,MEDIUM,https://g1mart.in/product/g1-prod-343,,,,NEEDS_REVIEW,Existing catalog product awaiting physical invoice confirmation
g1-prod-344,344,SHINK BRASHS,PRODUCTS.PDF,1,PRODUCTS.PDF,G1 Mart Historical Sales,23-09-2026 to 29-09-2026,SHINK BRASHS,Shink,Pieces,,Pieces,,groceries,,,,,,,NEEDS_REVIEW,MEDIUM,https://g1mart.in/product/g1-prod-344,,,,NEEDS_REVIEW,Existing catalog product awaiting physical invoice confirmation
g1-prod-345,345,SMART MOP,PRODUCTS.PDF,1,PRODUCTS.PDF,G1 Mart Historical Sales,23-09-2026 to 29-09-2026,SMART MOP,Smart,Pairs,,Pairs,,household,,,,,,,NEEDS_REVIEW,MEDIUM,https://g1mart.in/product/g1-prod-345,,,,NEEDS_REVIEW,Existing catalog product awaiting physical invoice confirmation
g1-prod-346,346,SOANPAPDI,PRODUCTS.PDF,1,PRODUCTS.PDF,G1 Mart Historical Sales,23-09-2026 to 29-09-2026,SOANPAPDI,Soanpapdi,Pieces,,Pieces,,snacks,,,,,,,NEEDS_REVIEW,MEDIUM,https://g1mart.in/product/g1-prod-346,,,,NEEDS_REVIEW,Existing catalog product awaiting physical invoice confirmation
g1-prod-347,347,SOLO FRESH 100G,PRODUCTS.PDF,1,PRODUCTS.PDF,G1 Mart Historical Sales,23-09-2026 to 29-09-2026,SOLO FRESH 100G,Solo,100G,100g,Packs,,groceries,,,,,,,NEEDS_REVIEW,MEDIUM,https://g1mart.in/product/g1-prod-347,,,,NEEDS_REVIEW,Existing catalog product awaiting physical invoice confirmation
g1-prod-348,348,SOMPU 50G,PRODUCTS.PDF,1,PRODUCTS.PDF,G1 Mart Historical Sales,23-09-2026 to 29-09-2026,SOMPU 50G,Sompu,50G,50g,Pieces,,rice-dal-atta,,,,,,,NEEDS_REVIEW,MEDIUM,https://g1mart.in/product/g1-prod-348,,,,NEEDS_REVIEW,Existing catalog product awaiting physical invoice confirmation
g1-prod-349,349,SOMPU100G,PRODUCTS.PDF,1,PRODUCTS.PDF,G1 Mart Historical Sales,23-09-2026 to 29-09-2026,SOMPU100G,,100G,100g,Packs,,groceries,,,,,,,NEEDS_REVIEW,MEDIUM,https://g1mart.in/product/g1-prod-349,,,,NEEDS_REVIEW,Existing catalog product awaiting physical invoice confirmation
g1-prod-350,350,SORGHUM500G,PRODUCTS.PDF,1,PRODUCTS.PDF,G1 Mart Historical Sales,23-09-2026 to 29-09-2026,SORGHUM500G,,500G,500g,Pieces,,groceries,,,,,,,NEEDS_REVIEW,MEDIUM,https://g1mart.in/product/g1-prod-350,,,,NEEDS_REVIEW,Existing catalog product awaiting physical invoice confirmation
g1-prod-351,351,SOYA BIG 100G,PRODUCTS.PDF,1,PRODUCTS.PDF,G1 Mart Historical Sales,23-09-2026 to 29-09-2026,SOYA BIG 100G,Soya,100G,100g,Pieces,,groceries,,,,,,,NEEDS_REVIEW,MEDIUM,https://g1mart.in/product/g1-prod-351,,,,NEEDS_REVIEW,Existing catalog product awaiting physical invoice confirmation
g1-prod-352,352,SOYA CHUNKS 42G,PRODUCTS.PDF,1,PRODUCTS.PDF,G1 Mart Historical Sales,23-09-2026 to 29-09-2026,SOYA CHUNKS 42G,Soya,42G,42g,Pieces,,groceries,,,,,,,NEEDS_REVIEW,MEDIUM,https://g1mart.in/product/g1-prod-352,,,,NEEDS_REVIEW,Existing catalog product awaiting physical invoice confirmation
g1-prod-353,353,SOYA SMALL 100G,PRODUCTS.PDF,1,PRODUCTS.PDF,G1 Mart Historical Sales,23-09-2026 to 29-09-2026,SOYA SMALL 100G,Soya,100G,100g,Pieces,,groceries,,,,,,,NEEDS_REVIEW,MEDIUM,https://g1mart.in/product/g1-prod-353,,,,NEEDS_REVIEW,Existing catalog product awaiting physical invoice confirmation
g1-prod-354,354,SOYA SMALL 50G,PRODUCTS.PDF,1,PRODUCTS.PDF,G1 Mart Historical Sales,23-09-2026 to 29-09-2026,SOYA SMALL 50G,Soya,50G,50g,Pieces,,groceries,,,,,,,NEEDS_REVIEW,MEDIUM,https://g1mart.in/product/g1-prod-354,,,,NEEDS_REVIEW,Existing catalog product awaiting physical invoice confirmation
g1-prod-355,355,SP CHOCOLATE 200G,PRODUCTS.PDF,1,PRODUCTS.PDF,G1 Mart Historical Sales,23-09-2026 to 29-09-2026,SP CHOCOLATE 200G,,200G,200g,Pieces,,snacks,,,,,,,NEEDS_REVIEW,MEDIUM,https://g1mart.in/product/g1-prod-355,,,,NEEDS_REVIEW,Existing catalog product awaiting physical invoice confirmation
g1-prod-356,356,SP DUET 200G,PRODUCTS.PDF,1,PRODUCTS.PDF,G1 Mart Historical Sales,23-09-2026 to 29-09-2026,SP DUET 200G,,200G,200g,Pieces,,groceries,,,,,,,NEEDS_REVIEW,MEDIUM,https://g1mart.in/product/g1-prod-356,,,,NEEDS_REVIEW,Existing catalog product awaiting physical invoice confirmation
g1-prod-357,357,SPINZ BB FACE POWDER 10G,PRODUCTS.PDF,1,PRODUCTS.PDF,G1 Mart Historical Sales,23-09-2026 to 29-09-2026,SPINZ BB FACE POWDER 10G,Spinz,10G,10g,Pieces,,personal-care,,,,,,,NEEDS_REVIEW,MEDIUM,https://g1mart.in/product/g1-prod-357,,,,NEEDS_REVIEW,Existing catalog product awaiting physical invoice confirmation
g1-prod-358,358,SPINZ BBCREAM15G,PRODUCTS.PDF,1,PRODUCTS.PDF,G1 Mart Historical Sales,23-09-2026 to 29-09-2026,SPINZ BBCREAM15G,Spinz,15G,15g,Pieces,,personal-care,,,,,,,NEEDS_REVIEW,MEDIUM,https://g1mart.in/product/g1-prod-358,,,,NEEDS_REVIEW,Existing catalog product awaiting physical invoice confirmation
g1-prod-359,359,SPINZ BBPOWDER20G,PRODUCTS.PDF,1,PRODUCTS.PDF,G1 Mart Historical Sales,23-09-2026 to 29-09-2026,SPINZ BBPOWDER20G,Spinz,20G,20g,Pieces,,personal-care,,,,,,,NEEDS_REVIEW,MEDIUM,https://g1mart.in/product/g1-prod-359,,,,NEEDS_REVIEW,Existing catalog product awaiting physical invoice confirmation
g1-prod-360,360,SPRITE 1L,PRODUCTS.PDF,1,PRODUCTS.PDF,G1 Mart Historical Sales,23-09-2026 to 29-09-2026,SPRITE 1L,Sprite,1L,1l,Pieces,,beverages,,,,,,,NEEDS_REVIEW,MEDIUM,https://g1mart.in/product/g1-prod-360,,,,NEEDS_REVIEW,Existing catalog product awaiting physical invoice confirmation
g1-prod-361,361,SRI DURGA CHILLI POWDER 100G,PRODUCTS.PDF,1,PRODUCTS.PDF,G1 Mart Historical Sales,23-09-2026 to 29-09-2026,SRI DURGA CHILLI POWDER 100G,Sri Durga,100G,100g,Packs,,groceries,,,,,,,NEEDS_REVIEW,MEDIUM,https://g1mart.in/product/g1-prod-361,,,,NEEDS_REVIEW,Existing catalog product awaiting physical invoice confirmation
g1-prod-362,362,SRI DURGA CORIANDER 100G,PRODUCTS.PDF,1,PRODUCTS.PDF,G1 Mart Historical Sales,23-09-2026 to 29-09-2026,SRI DURGA CORIANDER 100G,Sri Durga,100G,100g,Pieces,,rice-dal-atta,,,,,,,NEEDS_REVIEW,MEDIUM,https://g1mart.in/product/g1-prod-362,,,,NEEDS_REVIEW,Existing catalog product awaiting physical invoice confirmation
g1-prod-363,363,SRI DURGA DANIA POWDER 50G,PRODUCTS.PDF,1,PRODUCTS.PDF,G1 Mart Historical Sales,23-09-2026 to 29-09-2026,SRI DURGA DANIA POWDER 50G,Sri Durga,50G,50g,Packs,,groceries,,,,,,,NEEDS_REVIEW,MEDIUM,https://g1mart.in/product/g1-prod-363,,,,NEEDS_REVIEW,Existing catalog product awaiting physical invoice confirmation
g1-prod-364,364,Sri Durga Green Tamarind Pickleb 200g,PRODUCTS.PDF,1,PRODUCTS.PDF,G1 Mart Historical Sales,23-09-2026 to 29-09-2026,Sri Durga Green Tamarind Pickleb 200g,Sri Durga,200g,200g,Pieces,,rice-dal-atta,,,,,,,NEEDS_REVIEW,MEDIUM,https://g1mart.in/product/g1-prod-364,,,,NEEDS_REVIEW,Existing catalog product awaiting physical invoice confirmation
g1-prod-365,365,SRI DURGA MANGO AVAKAI 200G,PRODUCTS.PDF,1,PRODUCTS.PDF,G1 Mart Historical Sales,23-09-2026 to 29-09-2026,SRI DURGA MANGO AVAKAI 200G,Sri Durga,200G,200g,Pieces,,groceries,,,,,,,NEEDS_REVIEW,MEDIUM,https://g1mart.in/product/g1-prod-365,,,,NEEDS_REVIEW,Existing catalog product awaiting physical invoice confirmation
g1-prod-366,366,SRI DURGA PAPULA PODI150G,PRODUCTS.PDF,1,PRODUCTS.PDF,G1 Mart Historical Sales,23-09-2026 to 29-09-2026,SRI DURGA PAPULA PODI150G,Sri Durga,150G,150g,Packs,,groceries,,,,,,,NEEDS_REVIEW,MEDIUM,https://g1mart.in/product/g1-prod-366,,,,NEEDS_REVIEW,Existing catalog product awaiting physical invoice confirmation
g1-prod-367,367,SRI DURGA SINGER GARLIC,PRODUCTS.PDF,1,PRODUCTS.PDF,G1 Mart Historical Sales,23-09-2026 to 29-09-2026,SRI DURGA SINGER GARLIC,Sri Durga,Pieces,,Pieces,,groceries,,,,,,,NEEDS_REVIEW,MEDIUM,https://g1mart.in/product/g1-prod-367,,,,NEEDS_REVIEW,Existing catalog product awaiting physical invoice confirmation
g1-prod-368,368,SRI DURGA TARMARIK 50G,PRODUCTS.PDF,1,PRODUCTS.PDF,G1 Mart Historical Sales,23-09-2026 to 29-09-2026,SRI DURGA TARMARIK 50G,Sri Durga,50G,50g,Packs,,rice-dal-atta,,,,,,,NEEDS_REVIEW,MEDIUM,https://g1mart.in/product/g1-prod-368,,,,NEEDS_REVIEW,Existing catalog product awaiting physical invoice confirmation
g1-prod-369,369,SRI DURGA TOMATO PICKLE 200G,PRODUCTS.PDF,1,PRODUCTS.PDF,G1 Mart Historical Sales,23-09-2026 to 29-09-2026,SRI DURGA TOMATO PICKLE 200G,Sri Durga,200G,200g,Pieces,,rice-dal-atta,,,,,,,NEEDS_REVIEW,MEDIUM,https://g1mart.in/product/g1-prod-369,,,,NEEDS_REVIEW,Existing catalog product awaiting physical invoice confirmation
g1-prod-370,370,SRI DURGA TOMATO PICKLE 500G,PRODUCTS.PDF,1,PRODUCTS.PDF,G1 Mart Historical Sales,23-09-2026 to 29-09-2026,SRI DURGA TOMATO PICKLE 500G,Sri Durga,500G,500g,Pieces,,rice-dal-atta,,,,,,,NEEDS_REVIEW,MEDIUM,https://g1mart.in/product/g1-prod-370,,,,NEEDS_REVIEW,Existing catalog product awaiting physical invoice confirmation
g1-prod-371,371,SRI PAPADS 100G,PRODUCTS.PDF,1,PRODUCTS.PDF,G1 Mart Historical Sales,23-09-2026 to 29-09-2026,SRI PAPADS 100G,Sri,100G,100g,Pieces,,rice-dal-atta,,,,,,,NEEDS_REVIEW,MEDIUM,https://g1mart.in/product/g1-prod-371,,,,NEEDS_REVIEW,Existing catalog product awaiting physical invoice confirmation
g1-prod-372,372,SS ROD,PRODUCTS.PDF,1,PRODUCTS.PDF,G1 Mart Historical Sales,23-09-2026 to 29-09-2026,SS ROD,,Packs,,Packs,,groceries,,,,,,,NEEDS_REVIEW,MEDIUM,https://g1mart.in/product/g1-prod-372,,,,NEEDS_REVIEW,Existing catalog product awaiting physical invoice confirmation
g1-prod-373,373,SSCG3,PRODUCTS.PDF,1,PRODUCTS.PDF,G1 Mart Historical Sales,23-09-2026 to 29-09-2026,SSCG3,,Pieces,,Pieces,,groceries,,,,,,,NEEDS_REVIEW,MEDIUM,https://g1mart.in/product/g1-prod-373,,,,NEEDS_REVIEW,Existing catalog product awaiting physical invoice confirmation
g1-prod-374,374,SSCG4S,PRODUCTS.PDF,1,PRODUCTS.PDF,G1 Mart Historical Sales,23-09-2026 to 29-09-2026,SSCG4S,,Pieces,,Pieces,,groceries,,,,,,,NEEDS_REVIEW,MEDIUM,https://g1mart.in/product/g1-prod-374,,,,NEEDS_REVIEW,Existing catalog product awaiting physical invoice confirmation
g1-prod-375,375,STARFREE XL,PRODUCTS.PDF,1,PRODUCTS.PDF,G1 Mart Historical Sales,23-09-2026 to 29-09-2026,STARFREE XL,Starfree,XL,,Packs,,personal-care,,,,,,,NEEDS_REVIEW,MEDIUM,https://g1mart.in/product/g1-prod-375,,,,NEEDS_REVIEW,Existing catalog product awaiting physical invoice confirmation
g1-prod-376,376,STRABERRY CANDYB 135G,PRODUCTS.PDF,1,PRODUCTS.PDF,G1 Mart Historical Sales,23-09-2026 to 29-09-2026,STRABERRY CANDYB 135G,Straberry,135G,135g,Pieces,,snacks,,,,,,,NEEDS_REVIEW,MEDIUM,https://g1mart.in/product/g1-prod-376,,,,NEEDS_REVIEW,Existing catalog product awaiting physical invoice confirmation
g1-prod-377,377,Subha Lakshmi Turmeric 100,PRODUCTS.PDF,1,PRODUCTS.PDF,G1 Mart Historical Sales,23-09-2026 to 29-09-2026,Subha Lakshmi Turmeric 100,Subha,Pieces,,Pieces,,rice-dal-atta,,,,,,,NEEDS_REVIEW,MEDIUM,https://g1mart.in/product/g1-prod-377,,,,NEEDS_REVIEW,Existing catalog product awaiting physical invoice confirmation
g1-prod-378,378,Sugar 1Kg,PRODUCTS.PDF,1,PRODUCTS.PDF,G1 Mart Historical Sales,23-09-2026 to 29-09-2026,Sugar 1Kg,Sugar,1Kg,1kg,Pieces,,rice-dal-atta,,,,,,,NEEDS_REVIEW,MEDIUM,https://g1mart.in/product/g1-prod-378,,,,NEEDS_REVIEW,Existing catalog product awaiting physical invoice confirmation
g1-prod-379,379,Sugar 500g,PRODUCTS.PDF,1,PRODUCTS.PDF,G1 Mart Historical Sales,23-09-2026 to 29-09-2026,Sugar 500g,Sugar,500g,500g,Pieces,,rice-dal-atta,,,,,,,NEEDS_REVIEW,MEDIUM,https://g1mart.in/product/g1-prod-379,,,,NEEDS_REVIEW,Existing catalog product awaiting physical invoice confirmation
g1-prod-380,380,SUN GOLD SOAP 25,PRODUCTS.PDF,1,PRODUCTS.PDF,G1 Mart Historical Sales,23-09-2026 to 29-09-2026,SUN GOLD SOAP 25,Sun Gold,Pieces,,Pieces,,personal-care,,,,,,,NEEDS_REVIEW,MEDIUM,https://g1mart.in/product/g1-prod-380,,,,NEEDS_REVIEW,Existing catalog product awaiting physical invoice confirmation
g1-prod-381,381,SUNFEAST BOUNCE 28G,PRODUCTS.PDF,1,PRODUCTS.PDF,G1 Mart Historical Sales,23-09-2026 to 29-09-2026,SUNFEAST BOUNCE 28G,Sunfeast,28G,28g,Pieces,,groceries,,,,,,,NEEDS_REVIEW,MEDIUM,https://g1mart.in/product/g1-prod-381,,,,NEEDS_REVIEW,Existing catalog product awaiting physical invoice confirmation
g1-prod-382,382,SUNFEAST FANTASTIK CHOCO ALMOND,PRODUCTS.PDF,1,PRODUCTS.PDF,G1 Mart Historical Sales,23-09-2026 to 29-09-2026,SUNFEAST FANTASTIK CHOCO ALMOND,Sunfeast,Pieces,,Pieces,,groceries,,,,,,,NEEDS_REVIEW,MEDIUM,https://g1mart.in/product/g1-prod-382,,,,NEEDS_REVIEW,Existing catalog product awaiting physical invoice confirmation
g1-prod-383,383,SUNFEAST FANTASTIK FRUIT &NUT,PRODUCTS.PDF,1,PRODUCTS.PDF,G1 Mart Historical Sales,23-09-2026 to 29-09-2026,SUNFEAST FANTASTIK FRUIT &NUT,Sunfeast,Pieces,,Pieces,,groceries,,,,,,,NEEDS_REVIEW,MEDIUM,https://g1mart.in/product/g1-prod-383,,,,NEEDS_REVIEW,Existing catalog product awaiting physical invoice confirmation
g1-prod-384,384,SUNFEAST GLICOSE 24G,PRODUCTS.PDF,1,PRODUCTS.PDF,G1 Mart Historical Sales,23-09-2026 to 29-09-2026,SUNFEAST GLICOSE 24G,Sunfeast,24G,24g,Pieces,,groceries,,,,,,,NEEDS_REVIEW,MEDIUM,https://g1mart.in/product/g1-prod-384,,,,NEEDS_REVIEW,Existing catalog product awaiting physical invoice confirmation
g1-prod-385,385,SUNFEAST SUPERMILK 31G,PRODUCTS.PDF,1,PRODUCTS.PDF,G1 Mart Historical Sales,23-09-2026 to 29-09-2026,SUNFEAST SUPERMILK 31G,Sunfeast,31G,31g,Pieces,,groceries,,,,,,,NEEDS_REVIEW,MEDIUM,https://g1mart.in/product/g1-prod-385,,,,NEEDS_REVIEW,Existing catalog product awaiting physical invoice confirmation
g1-prod-386,386,SUNFEAST SUPERMILK 72G,PRODUCTS.PDF,1,PRODUCTS.PDF,G1 Mart Historical Sales,23-09-2026 to 29-09-2026,SUNFEAST SUPERMILK 72G,Sunfeast,72G,72g,Pieces,,groceries,,,,,,,NEEDS_REVIEW,MEDIUM,https://g1mart.in/product/g1-prod-386,,,,NEEDS_REVIEW,Existing catalog product awaiting physical invoice confirmation
g1-prod-387,387,SUNFEAST SWEET&SALTY 68G,PRODUCTS.PDF,1,PRODUCTS.PDF,G1 Mart Historical Sales,23-09-2026 to 29-09-2026,SUNFEAST SWEET&SALTY 68G,Sunfeast,68G,68g,Pieces,,groceries,,,,,,,NEEDS_REVIEW,MEDIUM,https://g1mart.in/product/g1-prod-387,,,,NEEDS_REVIEW,Existing catalog product awaiting physical invoice confirmation
g1-prod-388,388,Sunflower Seeds 100g,PRODUCTS.PDF,1,PRODUCTS.PDF,G1 Mart Historical Sales,23-09-2026 to 29-09-2026,Sunflower Seeds 100g,Sunflower,100g,100g,Pieces,,rice-dal-atta,,,,,,,NEEDS_REVIEW,MEDIUM,https://g1mart.in/product/g1-prod-388,,,,NEEDS_REVIEW,Existing catalog product awaiting physical invoice confirmation
g1-prod-389,389,SUPER MOP,PRODUCTS.PDF,1,PRODUCTS.PDF,G1 Mart Historical Sales,23-09-2026 to 29-09-2026,SUPER MOP,Super,Pieces,,Pieces,,household,,,,,,,NEEDS_REVIEW,MEDIUM,https://g1mart.in/product/g1-prod-389,,,,NEEDS_REVIEW,Existing catalog product awaiting physical invoice confirmation
g1-prod-390,390,SURF EXCEL 10,PRODUCTS.PDF,1,PRODUCTS.PDF,G1 Mart Historical Sales,23-09-2026 to 29-09-2026,SURF EXCEL 10,Surf Excel,Pieces,,Pieces,,household,,,,,,,NEEDS_REVIEW,MEDIUM,https://g1mart.in/product/g1-prod-390,,,,NEEDS_REVIEW,Existing catalog product awaiting physical invoice confirmation
g1-prod-391,391,SURF EXCEL 65G,PRODUCTS.PDF,1,PRODUCTS.PDF,G1 Mart Historical Sales,23-09-2026 to 29-09-2026,SURF EXCEL 65G,Surf Excel,65G,65g,Packs,,household,,,,,,,NEEDS_REVIEW,MEDIUM,https://g1mart.in/product/g1-prod-391,,,,NEEDS_REVIEW,Existing catalog product awaiting physical invoice confirmation
g1-prod-392,392,SURF EXCEL 84 G,PRODUCTS.PDF,1,PRODUCTS.PDF,G1 Mart Historical Sales,23-09-2026 to 29-09-2026,SURF EXCEL 84 G,Surf Excel,84 G,84g,Pieces,,household,,,,,,,NEEDS_REVIEW,MEDIUM,https://g1mart.in/product/g1-prod-392,,,,NEEDS_REVIEW,Existing catalog product awaiting physical invoice confirmation
g1-prod-393,393,Surf Excel Bar 250g,PRODUCTS.PDF,1,PRODUCTS.PDF,G1 Mart Historical Sales,23-09-2026 to 29-09-2026,Surf Excel Bar 250g,Surf Excel,250g,250g,Pieces,,household,,,,,,,NEEDS_REVIEW,MEDIUM,https://g1mart.in/product/g1-prod-393,,,,NEEDS_REVIEW,Existing catalog product awaiting physical invoice confirmation
g1-prod-394,394,SURF EXCEL MATIC 70G,PRODUCTS.PDF,1,PRODUCTS.PDF,G1 Mart Historical Sales,23-09-2026 to 29-09-2026,SURF EXCEL MATIC 70G,Surf Excel,70G,70g,Packs,,household,,,,,,,NEEDS_REVIEW,MEDIUM,https://g1mart.in/product/g1-prod-394,,,,NEEDS_REVIEW,Existing catalog product awaiting physical invoice confirmation
g1-prod-395,395,SURFEXEL SOPE,PRODUCTS.PDF,1,PRODUCTS.PDF,G1 Mart Historical Sales,23-09-2026 to 29-09-2026,Surf Excel Detergent Bar,Surf Excel,Pieces,,Pieces,,household,,,,,,,NEEDS_REVIEW,MEDIUM,https://g1mart.in/product/g1-prod-395,,,,NEEDS_REVIEW,Existing catalog product awaiting physical invoice confirmation
g1-prod-396,396,SURYA DEVA,PRODUCTS.PDF,1,PRODUCTS.PDF,G1 Mart Historical Sales,23-09-2026 to 29-09-2026,SURYA DEVA,Surya Deva,Pieces,,Pieces,,groceries,,,,,,,NEEDS_REVIEW,MEDIUM,https://g1mart.in/product/g1-prod-396,,,,NEEDS_REVIEW,Existing catalog product awaiting physical invoice confirmation
g1-prod-397,397,Swastiks Mango Pickle200g,PRODUCTS.PDF,1,PRODUCTS.PDF,G1 Mart Historical Sales,23-09-2026 to 29-09-2026,Swastiks Mango Pickle200g,Swastiks,200g,200g,Pieces,,groceries,,,,,,,NEEDS_REVIEW,MEDIUM,https://g1mart.in/product/g1-prod-397,,,,NEEDS_REVIEW,Existing catalog product awaiting physical invoice confirmation
g1-prod-398,398,SWASTIKS RED CHILLI PICKLE 500G,PRODUCTS.PDF,1,PRODUCTS.PDF,G1 Mart Historical Sales,23-09-2026 to 29-09-2026,SWASTIKS RED CHILLI PICKLE 500G,Swastiks,500G,500g,Pieces,,rice-dal-atta,,,,,,,NEEDS_REVIEW,MEDIUM,https://g1mart.in/product/g1-prod-398,,,,NEEDS_REVIEW,Existing catalog product awaiting physical invoice confirmation
g1-prod-399,399,SWD GARLIC MIXTUR,PRODUCTS.PDF,1,PRODUCTS.PDF,G1 Mart Historical Sales,23-09-2026 to 29-09-2026,SWD GARLIC MIXTUR,Swd,Pieces,,Pieces,,snacks,,,,,,,NEEDS_REVIEW,MEDIUM,https://g1mart.in/product/g1-prod-399,,,,NEEDS_REVIEW,Existing catalog product awaiting physical invoice confirmation
g1-prod-400,400,SWD SPICY NUTS 25G,PRODUCTS.PDF,1,PRODUCTS.PDF,G1 Mart Historical Sales,23-09-2026 to 29-09-2026,SWD SPICY NUTS 25G,Swd,25G,25g,Pieces,,groceries,,,,,,,NEEDS_REVIEW,MEDIUM,https://g1mart.in/product/g1-prod-400,,,,NEEDS_REVIEW,Existing catalog product awaiting physical invoice confirmation
g1-prod-401,401,SWEEPER,PRODUCTS.PDF,1,PRODUCTS.PDF,G1 Mart Historical Sales,23-09-2026 to 29-09-2026,SWEEPER,Sweeper,Pieces,,Pieces,,household,,,,,,,NEEDS_REVIEW,MEDIUM,https://g1mart.in/product/g1-prod-401,,,,NEEDS_REVIEW,Existing catalog product awaiting physical invoice confirmation
g1-prod-402,402,TAJ MAHAL 250G,PRODUCTS.PDF,1,PRODUCTS.PDF,G1 Mart Historical Sales,23-09-2026 to 29-09-2026,TAJ MAHAL 250G,Taj Mahal,250G,250g,Pieces,,beverages,,,,,,,NEEDS_REVIEW,MEDIUM,https://g1mart.in/product/g1-prod-402,,,,NEEDS_REVIEW,Existing catalog product awaiting physical invoice confirmation
g1-prod-403,403,TAMARIND250G,PRODUCTS.PDF,1,PRODUCTS.PDF,G1 Mart Historical Sales,23-09-2026 to 29-09-2026,TAMARIND250G,,250G,250g,Pieces,,groceries,,,,,,,NEEDS_REVIEW,MEDIUM,https://g1mart.in/product/g1-prod-403,,,,NEEDS_REVIEW,Existing catalog product awaiting physical invoice confirmation
g1-prod-404,404,TAMARIND500G,PRODUCTS.PDF,1,PRODUCTS.PDF,G1 Mart Historical Sales,23-09-2026 to 29-09-2026,TAMARIND500G,,500G,500g,Pieces,,groceries,,,,,,,NEEDS_REVIEW,MEDIUM,https://g1mart.in/product/g1-prod-404,,,,NEEDS_REVIEW,Existing catalog product awaiting physical invoice confirmation
g1-prod-405,405,TANGY IMLI 350G,PRODUCTS.PDF,1,PRODUCTS.PDF,G1 Mart Historical Sales,23-09-2026 to 29-09-2026,TANGY IMLI 350G,Tangy,350G,350g,Pieces,,rice-dal-atta,,,,,,,NEEDS_REVIEW,MEDIUM,https://g1mart.in/product/g1-prod-405,,,,NEEDS_REVIEW,Existing catalog product awaiting physical invoice confirmation
g1-prod-406,406,TASTY NUTS 100G,PRODUCTS.PDF,1,PRODUCTS.PDF,G1 Mart Historical Sales,23-09-2026 to 29-09-2026,TASTY NUTS 100G,Tasty,100G,100g,Pieces,,snacks,,,,,,,NEEDS_REVIEW,MEDIUM,https://g1mart.in/product/g1-prod-406,,,,NEEDS_REVIEW,Existing catalog product awaiting physical invoice confirmation
g1-prod-407,407,TATA RA SALT,PRODUCTS.PDF,1,PRODUCTS.PDF,G1 Mart Historical Sales,23-09-2026 to 29-09-2026,Tata Salt Vacuum Evaporated Iodised Salt 1kg,Tata,1kg Pouch,1kg,Pieces,,rice-dal-atta,28.0,Supplier Invoice / Manufacturer Pack,,,,,VERIFIED,HIGH,https://g1mart.in/product/g1-prod-407,Supabase Storage / Brand Pack,Supabase Storage,https://pzrigfczxwscpzxkykvf.supabase.co/storage/v1/object/public/product-images/g1-prod-407/primary.jpg,VERIFIED,Verified authentic Indian FMCG packaging. Deterministic Supabase Storage path.
g1-prod-408,408,Telagadalu 100G,PRODUCTS.PDF,1,PRODUCTS.PDF,G1 Mart Historical Sales,23-09-2026 to 29-09-2026,Telagadalu 100G,Telagadalu,100G,100g,Pieces,,rice-dal-atta,,,,,,,NEEDS_REVIEW,MEDIUM,https://g1mart.in/product/g1-prod-408,,,,NEEDS_REVIEW,Existing catalog product awaiting physical invoice confirmation
g1-prod-409,409,Telagadalu 250G,PRODUCTS.PDF,1,PRODUCTS.PDF,G1 Mart Historical Sales,23-09-2026 to 29-09-2026,Telagadalu 250G,Telagadalu,250G,250g,Packs,,rice-dal-atta,,,,,,,NEEDS_REVIEW,MEDIUM,https://g1mart.in/product/g1-prod-409,,,,NEEDS_REVIEW,Existing catalog product awaiting physical invoice confirmation
g1-prod-410,410,Telagadalu 500g,PRODUCTS.PDF,1,PRODUCTS.PDF,G1 Mart Historical Sales,23-09-2026 to 29-09-2026,Telagadalu 500g,Telagadalu,500g,500g,Pieces,,rice-dal-atta,,,,,,,NEEDS_REVIEW,MEDIUM,https://g1mart.in/product/g1-prod-410,,,,NEEDS_REVIEW,Existing catalog product awaiting physical invoice confirmation
g1-prod-411,411,TERMERIC POWDER 100G,PRODUCTS.PDF,1,PRODUCTS.PDF,G1 Mart Historical Sales,23-09-2026 to 29-09-2026,Pure Turmeric Powder (Pasupu) 100G,Termeric,100G,100g,Pieces,,rice-dal-atta,,,,,,,NEEDS_REVIEW,MEDIUM,https://g1mart.in/product/g1-prod-411,,,,NEEDS_REVIEW,Existing catalog product awaiting physical invoice confirmation
g1-prod-412,412,TERMERIC POWDER 500G,PRODUCTS.PDF,1,PRODUCTS.PDF,G1 Mart Historical Sales,23-09-2026 to 29-09-2026,Pure Turmeric Powder (Pasupu) 500G,Termeric,500G,500g,Pieces,,rice-dal-atta,,,,,,,NEEDS_REVIEW,MEDIUM,https://g1mart.in/product/g1-prod-412,,,,NEEDS_REVIEW,Existing catalog product awaiting physical invoice confirmation
g1-prod-413,413,TERMERIC POWDER 50G,PRODUCTS.PDF,1,PRODUCTS.PDF,G1 Mart Historical Sales,23-09-2026 to 29-09-2026,Pure Turmeric Powder (Pasupu) 50G,Termeric,50G,50g,Pieces,,rice-dal-atta,,,,,,,NEEDS_REVIEW,MEDIUM,https://g1mart.in/product/g1-prod-413,,,,NEEDS_REVIEW,Existing catalog product awaiting physical invoice confirmation
g1-prod-414,414,Thumsup,PRODUCTS.PDF,1,PRODUCTS.PDF,G1 Mart Historical Sales,23-09-2026 to 29-09-2026,Thumsup,Thums Up,Pieces,,Pieces,,beverages,,,,,,,NEEDS_REVIEW,MEDIUM,https://g1mart.in/product/g1-prod-414,,,,NEEDS_REVIEW,Existing catalog product awaiting physical invoice confirmation
g1-prod-415,415,THUMSUP 1L,PRODUCTS.PDF,1,PRODUCTS.PDF,G1 Mart Historical Sales,23-09-2026 to 29-09-2026,THUMSUP 1L,Thums Up,1L,1l,Pieces,,beverages,,,,,,,NEEDS_REVIEW,MEDIUM,https://g1mart.in/product/g1-prod-415,,,,NEEDS_REVIEW,Existing catalog product awaiting physical invoice confirmation
g1-prod-416,416,THUMSUP 2.25L,PRODUCTS.PDF,1,PRODUCTS.PDF,G1 Mart Historical Sales,23-09-2026 to 29-09-2026,THUMSUP 2.25L,Thums Up,2.25L,2.25l,Pieces,,beverages,,,,,,,NEEDS_REVIEW,MEDIUM,https://g1mart.in/product/g1-prod-416,,,,NEEDS_REVIEW,Existing catalog product awaiting physical invoice confirmation
g1-prod-417,417,TOMATO SOUP,PRODUCTS.PDF,1,PRODUCTS.PDF,G1 Mart Historical Sales,23-09-2026 to 29-09-2026,TOMATO SOUP,Tomato,Pieces,,Pieces,,beverages,,,,,,,NEEDS_REVIEW,MEDIUM,https://g1mart.in/product/g1-prod-417,,,,NEEDS_REVIEW,Existing catalog product awaiting physical invoice confirmation
g1-prod-418,418,TRESEMME 180ML,PRODUCTS.PDF,1,PRODUCTS.PDF,G1 Mart Historical Sales,23-09-2026 to 29-09-2026,TRESEMME 180ML,Tresemme,180ML,180ml,Pieces,,personal-care,,,,,,,NEEDS_REVIEW,MEDIUM,https://g1mart.in/product/g1-prod-418,,,,NEEDS_REVIEW,Existing catalog product awaiting physical invoice confirmation
g1-prod-419,419,TULIPS COTTON SWABS,PRODUCTS.PDF,1,PRODUCTS.PDF,G1 Mart Historical Sales,23-09-2026 to 29-09-2026,TULIPS COTTON SWABS,Tulips,Pieces,,Pieces,,personal-care,,,,,,,NEEDS_REVIEW,MEDIUM,https://g1mart.in/product/g1-prod-419,,,,NEEDS_REVIEW,Existing catalog product awaiting physical invoice confirmation
g1-prod-420,420,UINIBIC CASEW BADAM,PRODUCTS.PDF,1,PRODUCTS.PDF,G1 Mart Historical Sales,23-09-2026 to 29-09-2026,Unibic CASEW BADAM,Unibic,Pieces,,Pieces,,rice-dal-atta,,,,,,,NEEDS_REVIEW,MEDIUM,https://g1mart.in/product/g1-prod-420,,,,NEEDS_REVIEW,Existing catalog product awaiting physical invoice confirmation
g1-prod-421,421,UINIBIC CHOCO CHIP,PRODUCTS.PDF,1,PRODUCTS.PDF,G1 Mart Historical Sales,23-09-2026 to 29-09-2026,Unibic CHOCO CHIP,Unibic,Pieces,,Pieces,,groceries,,,,,,,NEEDS_REVIEW,MEDIUM,https://g1mart.in/product/g1-prod-421,,,,NEEDS_REVIEW,Existing catalog product awaiting physical invoice confirmation
g1-prod-422,422,UINIBIC CHOCO RIPPLE,PRODUCTS.PDF,1,PRODUCTS.PDF,G1 Mart Historical Sales,23-09-2026 to 29-09-2026,Unibic CHOCO RIPPLE,Unibic,Pieces,,Pieces,,groceries,,,,,,,NEEDS_REVIEW,MEDIUM,https://g1mart.in/product/g1-prod-422,,,,NEEDS_REVIEW,Existing catalog product awaiting physical invoice confirmation
g1-prod-423,423,UINIBIC ORANGE SPLASH,PRODUCTS.PDF,1,PRODUCTS.PDF,G1 Mart Historical Sales,23-09-2026 to 29-09-2026,Unibic ORANGE SPLASH,Unibic,Pieces,,Pieces,,groceries,,,,,,,NEEDS_REVIEW,MEDIUM,https://g1mart.in/product/g1-prod-423,,,,NEEDS_REVIEW,Existing catalog product awaiting physical invoice confirmation
g1-prod-424,424,UJALA 30ML,PRODUCTS.PDF,1,PRODUCTS.PDF,G1 Mart Historical Sales,23-09-2026 to 29-09-2026,UJALA 30ML,Ujala,30ML,30ml,Packs,,groceries,,,,,,,NEEDS_REVIEW,MEDIUM,https://g1mart.in/product/g1-prod-424,,,,NEEDS_REVIEW,Existing catalog product awaiting physical invoice confirmation
g1-prod-425,425,Ujala 75ml,PRODUCTS.PDF,1,PRODUCTS.PDF,G1 Mart Historical Sales,23-09-2026 to 29-09-2026,Ujala 75ml,Ujala,75ml,75ml,Pieces,,groceries,,,,,,,NEEDS_REVIEW,MEDIUM,https://g1mart.in/product/g1-prod-425,,,,NEEDS_REVIEW,Existing catalog product awaiting physical invoice confirmation
g1-prod-426,426,ULTIMATE POWER LIQUID DETERGENT,PRODUCTS.PDF,1,PRODUCTS.PDF,G1 Mart Historical Sales,23-09-2026 to 29-09-2026,ULTIMATE POWER LIQUID DETERGENT,Ultimate,Pieces,,Pieces,,household,,,,,,,NEEDS_REVIEW,MEDIUM,https://g1mart.in/product/g1-prod-426,,,,NEEDS_REVIEW,Existing catalog product awaiting physical invoice confirmation
g1-prod-427,427,ULTRA FLOOR CLEAN,PRODUCTS.PDF,1,PRODUCTS.PDF,G1 Mart Historical Sales,23-09-2026 to 29-09-2026,ULTRA FLOOR CLEAN,Ultra,Pieces,,Pieces,,groceries,,,,,,,NEEDS_REVIEW,MEDIUM,https://g1mart.in/product/g1-prod-427,,,,NEEDS_REVIEW,Existing catalog product awaiting physical invoice confirmation
g1-prod-428,428,ULTRA SOFT BRUSH,PRODUCTS.PDF,1,PRODUCTS.PDF,G1 Mart Historical Sales,23-09-2026 to 29-09-2026,ULTRA SOFT BRUSH,Ultra,Pieces,,Pieces,,household,,,,,,,NEEDS_REVIEW,MEDIUM,https://g1mart.in/product/g1-prod-428,,,,NEEDS_REVIEW,Existing catalog product awaiting physical invoice confirmation
g1-prod-429,429,UNIBIC BUTTER,PRODUCTS.PDF,1,PRODUCTS.PDF,G1 Mart Historical Sales,23-09-2026 to 29-09-2026,UNIBIC BUTTER,Unibic,Pieces,,Pieces,,groceries,,,,,,,NEEDS_REVIEW,MEDIUM,https://g1mart.in/product/g1-prod-429,,,,NEEDS_REVIEW,Existing catalog product awaiting physical invoice confirmation
g1-prod-430,430,UNIBIC CASHEW,PRODUCTS.PDF,1,PRODUCTS.PDF,G1 Mart Historical Sales,23-09-2026 to 29-09-2026,UNIBIC CASHEW,Unibic,Pieces,,Pieces,,rice-dal-atta,,,,,,,NEEDS_REVIEW,MEDIUM,https://g1mart.in/product/g1-prod-430,,,,NEEDS_REVIEW,Existing catalog product awaiting physical invoice confirmation
g1-prod-431,431,UNIBIC CASHEW BADAM,PRODUCTS.PDF,1,PRODUCTS.PDF,G1 Mart Historical Sales,23-09-2026 to 29-09-2026,UNIBIC CASHEW BADAM,Unibic,Pieces,,Pieces,,rice-dal-atta,,,,,,,NEEDS_REVIEW,MEDIUM,https://g1mart.in/product/g1-prod-431,,,,NEEDS_REVIEW,Existing catalog product awaiting physical invoice confirmation
g1-prod-432,432,UNIBIC CHOCO CHIP,PRODUCTS.PDF,1,PRODUCTS.PDF,G1 Mart Historical Sales,23-09-2026 to 29-09-2026,UNIBIC CHOCO CHIP,Unibic,Pieces,,Pieces,,groceries,,,,,,,NEEDS_REVIEW,MEDIUM,https://g1mart.in/product/g1-prod-432,,,,NEEDS_REVIEW,Existing catalog product awaiting physical invoice confirmation
g1-prod-433,433,UNIBIC CHOCO NUT,PRODUCTS.PDF,1,PRODUCTS.PDF,G1 Mart Historical Sales,23-09-2026 to 29-09-2026,UNIBIC CHOCO NUT,Unibic,Pieces,,Pieces,,groceries,,,,,,,NEEDS_REVIEW,MEDIUM,https://g1mart.in/product/g1-prod-433,,,,NEEDS_REVIEW,Existing catalog product awaiting physical invoice confirmation
g1-prod-434,434,UNIBIC CHOCO RIPPLE,PRODUCTS.PDF,1,PRODUCTS.PDF,G1 Mart Historical Sales,23-09-2026 to 29-09-2026,UNIBIC CHOCO RIPPLE,Unibic,Pieces,,Pieces,,groceries,,,,,,,NEEDS_REVIEW,MEDIUM,https://g1mart.in/product/g1-prod-434,,,,NEEDS_REVIEW,Existing catalog product awaiting physical invoice confirmation
g1-prod-435,435,UNIBIC CHOCOLATE WAFER,PRODUCTS.PDF,1,PRODUCTS.PDF,G1 Mart Historical Sales,23-09-2026 to 29-09-2026,UNIBIC CHOCOLATE WAFER,Unibic,Pieces,,Pieces,,snacks,,,,,,,NEEDS_REVIEW,MEDIUM,https://g1mart.in/product/g1-prod-435,,,,NEEDS_REVIEW,Existing catalog product awaiting physical invoice confirmation
g1-prod-436,436,UNIBIC COCONUT,PRODUCTS.PDF,1,PRODUCTS.PDF,G1 Mart Historical Sales,23-09-2026 to 29-09-2026,UNIBIC COCONUT,Unibic,Pieces,,Pieces,,fruits-vegetables,,,,,,,NEEDS_REVIEW,MEDIUM,https://g1mart.in/product/g1-prod-436,,,,NEEDS_REVIEW,Existing catalog product awaiting physical invoice confirmation
g1-prod-437,437,UNIBIC DANISH COCONUT,PRODUCTS.PDF,1,PRODUCTS.PDF,G1 Mart Historical Sales,23-09-2026 to 29-09-2026,UNIBIC DANISH COCONUT,Unibic,Pieces,,Pieces,,fruits-vegetables,,,,,,,NEEDS_REVIEW,MEDIUM,https://g1mart.in/product/g1-prod-437,,,,NEEDS_REVIEW,Existing catalog product awaiting physical invoice confirmation
g1-prod-438,438,UNIBIC FRUIT & NUT,PRODUCTS.PDF,1,PRODUCTS.PDF,G1 Mart Historical Sales,23-09-2026 to 29-09-2026,UNIBIC FRUIT & NUT,Unibic,Pieces,,Pieces,,groceries,,,,,,,NEEDS_REVIEW,MEDIUM,https://g1mart.in/product/g1-prod-438,,,,NEEDS_REVIEW,Existing catalog product awaiting physical invoice confirmation
g1-prod-439,439,UNIBIC OATS,PRODUCTS.PDF,1,PRODUCTS.PDF,G1 Mart Historical Sales,23-09-2026 to 29-09-2026,UNIBIC OATS,Unibic,Pieces,,Pieces,,groceries,,,,,,,NEEDS_REVIEW,MEDIUM,https://g1mart.in/product/g1-prod-439,,,,NEEDS_REVIEW,Existing catalog product awaiting physical invoice confirmation
g1-prod-440,440,UNIBIC ORANGE SPLASH,PRODUCTS.PDF,1,PRODUCTS.PDF,G1 Mart Historical Sales,23-09-2026 to 29-09-2026,UNIBIC ORANGE SPLASH,Unibic,Pieces,,Pieces,,groceries,,,,,,,NEEDS_REVIEW,MEDIUM,https://g1mart.in/product/g1-prod-440,,,,NEEDS_REVIEW,Existing catalog product awaiting physical invoice confirmation
g1-prod-441,441,UNIBIC PISTA BADAM,PRODUCTS.PDF,1,PRODUCTS.PDF,G1 Mart Historical Sales,23-09-2026 to 29-09-2026,UNIBIC PISTA BADAM,Unibic,Pieces,,Pieces,,rice-dal-atta,,,,,,,NEEDS_REVIEW,MEDIUM,https://g1mart.in/product/g1-prod-441,,,,NEEDS_REVIEW,Existing catalog product awaiting physical invoice confirmation
g1-prod-442,442,UNIBIC RICH CHOCOLATE WAFER,PRODUCTS.PDF,1,PRODUCTS.PDF,G1 Mart Historical Sales,23-09-2026 to 29-09-2026,UNIBIC RICH CHOCOLATE WAFER,Unibic,Pieces,,Pieces,,snacks,,,,,,,NEEDS_REVIEW,MEDIUM,https://g1mart.in/product/g1-prod-442,,,,NEEDS_REVIEW,Existing catalog product awaiting physical invoice confirmation
g1-prod-443,443,UNIBIC STRABERRY WAFER,PRODUCTS.PDF,1,PRODUCTS.PDF,G1 Mart Historical Sales,23-09-2026 to 29-09-2026,UNIBIC STRABERRY WAFER,Unibic,Pieces,,Pieces,,snacks,,,,,,,NEEDS_REVIEW,MEDIUM,https://g1mart.in/product/g1-prod-443,,,,NEEDS_REVIEW,Existing catalog product awaiting physical invoice confirmation
g1-prod-444,444,VAM 50G,PRODUCTS.PDF,1,PRODUCTS.PDF,G1 Mart Historical Sales,23-09-2026 to 29-09-2026,VAM 50G,Vam,50G,50g,Pieces,,groceries,,,,,,,NEEDS_REVIEW,MEDIUM,https://g1mart.in/product/g1-prod-444,,,,NEEDS_REVIEW,Existing catalog product awaiting physical invoice confirmation
g1-prod-445,445,VASELINE 5.5G,PRODUCTS.PDF,1,PRODUCTS.PDF,G1 Mart Historical Sales,23-09-2026 to 29-09-2026,VASELINE 5.5G,Vaseline,5.5G,5.5g,Packs,,personal-care,,,,,,,NEEDS_REVIEW,MEDIUM,https://g1mart.in/product/g1-prod-445,,,,NEEDS_REVIEW,Existing catalog product awaiting physical invoice confirmation
g1-prod-446,446,Vermicilli Bambino1kg,PRODUCTS.PDF,1,PRODUCTS.PDF,G1 Mart Historical Sales,23-09-2026 to 29-09-2026,Vermicilli Bambino1kg,Vermicilli,1kg,1kg,Pieces,,rice-dal-atta,,,,,,,NEEDS_REVIEW,MEDIUM,https://g1mart.in/product/g1-prod-446,,,,NEEDS_REVIEW,Existing catalog product awaiting physical invoice confirmation
g1-prod-447,447,Vermicilli Payasam Mix,PRODUCTS.PDF,1,PRODUCTS.PDF,G1 Mart Historical Sales,23-09-2026 to 29-09-2026,Vermicilli Payasam Mix,Vermicilli,Pieces,,Pieces,,rice-dal-atta,,,,,,,NEEDS_REVIEW,MEDIUM,https://g1mart.in/product/g1-prod-447,,,,NEEDS_REVIEW,Existing catalog product awaiting physical invoice confirmation
g1-prod-448,448,Verusenaga Pappu 1kg,PRODUCTS.PDF,1,PRODUCTS.PDF,G1 Mart Historical Sales,23-09-2026 to 29-09-2026,Verusenaga Pappu (Raw Groundnuts / Peanuts) 1kg,Verusenaga,1kg,1kg,Pieces,,rice-dal-atta,,,,,,,NEEDS_REVIEW,MEDIUM,https://g1mart.in/product/g1-prod-448,,,,NEEDS_REVIEW,Existing catalog product awaiting physical invoice confirmation
g1-prod-449,449,Verusenaga Pappu 500g,PRODUCTS.PDF,1,PRODUCTS.PDF,G1 Mart Historical Sales,23-09-2026 to 29-09-2026,Verusenaga Pappu (Raw Groundnuts / Peanuts) 500g,Verusenaga,500g,500g,Pieces,,rice-dal-atta,,,,,,,NEEDS_REVIEW,MEDIUM,https://g1mart.in/product/g1-prod-449,,,,NEEDS_REVIEW,Existing catalog product awaiting physical invoice confirmation
g1-prod-450,450,VIJAYA GROUNDNUT OIL 1L,PRODUCTS.PDF,1,PRODUCTS.PDF,G1 Mart Historical Sales,23-09-2026 to 29-09-2026,VIJAYA GROUNDNUT OIL 1L,Vijaya,1L,1l,Pieces,,rice-dal-atta,,,,,,,NEEDS_REVIEW,MEDIUM,https://g1mart.in/product/g1-prod-450,,,,NEEDS_REVIEW,Existing catalog product awaiting physical invoice confirmation
g1-prod-451,451,Vim 10g,PRODUCTS.PDF,1,PRODUCTS.PDF,G1 Mart Historical Sales,23-09-2026 to 29-09-2026,Vim 10g,Vim,10g,10g,Pieces,,household,,,,,,,NEEDS_REVIEW,MEDIUM,https://g1mart.in/product/g1-prod-451,,,,NEEDS_REVIEW,Existing catalog product awaiting physical invoice confirmation
g1-prod-452,452,Vim 126g,PRODUCTS.PDF,1,PRODUCTS.PDF,G1 Mart Historical Sales,23-09-2026 to 29-09-2026,Vim 126g,Vim,126g,126g,Pieces,,household,,,,,,,NEEDS_REVIEW,MEDIUM,https://g1mart.in/product/g1-prod-452,,,,NEEDS_REVIEW,Existing catalog product awaiting physical invoice confirmation
g1-prod-453,453,VIM 190ML,PRODUCTS.PDF,1,PRODUCTS.PDF,G1 Mart Historical Sales,23-09-2026 to 29-09-2026,VIM 190ML,Vim,190ML,190ml,Pieces,,household,,,,,,,NEEDS_REVIEW,MEDIUM,https://g1mart.in/product/g1-prod-453,,,,NEEDS_REVIEW,Existing catalog product awaiting physical invoice confirmation
g1-prod-454,454,VIM 250ML,PRODUCTS.PDF,1,PRODUCTS.PDF,G1 Mart Historical Sales,23-09-2026 to 29-09-2026,VIM 250ML,Vim,250ML,250ml,Pieces,,household,,,,,,,NEEDS_REVIEW,MEDIUM,https://g1mart.in/product/g1-prod-454,,,,NEEDS_REVIEW,Existing catalog product awaiting physical invoice confirmation
g1-prod-455,455,Vim 480g,PRODUCTS.PDF,1,PRODUCTS.PDF,G1 Mart Historical Sales,23-09-2026 to 29-09-2026,Vim 480g,Vim,480g,480g,Pieces,,household,,,,,,,NEEDS_REVIEW,MEDIUM,https://g1mart.in/product/g1-prod-455,,,,NEEDS_REVIEW,Existing catalog product awaiting physical invoice confirmation
g1-prod-456,456,Vim 5rs Bar,PRODUCTS.PDF,1,PRODUCTS.PDF,G1 Mart Historical Sales,23-09-2026 to 29-09-2026,Vim 5rs Bar,Vim,5rs,,Pieces,,household,,,,,,,NEEDS_REVIEW,MEDIUM,https://g1mart.in/product/g1-prod-456,,,,NEEDS_REVIEW,Existing catalog product awaiting physical invoice confirmation
g1-prod-457,457,Vim Sop,PRODUCTS.PDF,1,PRODUCTS.PDF,G1 Mart Historical Sales,23-09-2026 to 29-09-2026,Vim Dishwash Bar,Vim,Pieces,,Pieces,,household,,,,,,,NEEDS_REVIEW,MEDIUM,https://g1mart.in/product/g1-prod-457,,,,NEEDS_REVIEW,Existing catalog product awaiting physical invoice confirmation
g1-prod-458,458,Vt Avalu 100g,PRODUCTS.PDF,1,PRODUCTS.PDF,G1 Mart Historical Sales,23-09-2026 to 29-09-2026,Vt Mustard Seeds (Avalu) 100g,,100g,100g,Pieces,,rice-dal-atta,,,,,,,NEEDS_REVIEW,MEDIUM,https://g1mart.in/product/g1-prod-458,,,,NEEDS_REVIEW,Existing catalog product awaiting physical invoice confirmation
g1-prod-459,459,WAGH BAKRI TEA 100G,PRODUCTS.PDF,1,PRODUCTS.PDF; AltaScanner_10_04_2026(1).pdf,RR Enterprises,24-09-2026,WAGH BAKRI TEA 100G,Wagh Bakri,100G,100g,Pieces,,beverages,50.0,,,6,42.86,270.02,NEEDS_REVIEW,MEDIUM,https://g1mart.in/product/g1-prod-459,,,,NEEDS_REVIEW,Existing catalog product awaiting physical invoice confirmation
g1-prod-460,460,WAGH BAKRI250G,PRODUCTS.PDF,1,PRODUCTS.PDF; AltaScanner_10_04_2026(1).pdf,RR Enterprises,24-09-2026,Wagh Bakri Tea 250g,Wagh Bakri,Premium Leaf,250g,Pieces,,beverages,160.0,Supplier Invoice / Manufacturer Pack,,6,138.53,872.74,VERIFIED,HIGH,https://g1mart.in/product/g1-prod-460,Supabase Storage / Brand Pack,Supabase Storage,https://pzrigfczxwscpzxkykvf.supabase.co/storage/v1/object/public/product-images/g1-prod-460/primary.jpg,VERIFIED,Verified authentic Indian FMCG packaging. Deterministic Supabase Storage path.
g1-prod-461,461,WAGHB BAKRI ELAICHI 100G,PRODUCTS.PDF,1,PRODUCTS.PDF,G1 Mart Historical Sales,23-09-2026 to 29-09-2026,WAGHB BAKRI ELAICHI 100G,Wagh Bakri,100G,100g,Pieces,,beverages,,,,,,,NEEDS_REVIEW,MEDIUM,https://g1mart.in/product/g1-prod-461,,,,NEEDS_REVIEW,Existing catalog product awaiting physical invoice confirmation
g1-prod-462,462,WALL STICK,PRODUCTS.PDF,1,PRODUCTS.PDF,G1 Mart Historical Sales,23-09-2026 to 29-09-2026,WALL STICK,Wall,Pieces,,Pieces,,groceries,,,,,,,NEEDS_REVIEW,MEDIUM,https://g1mart.in/product/g1-prod-462,,,,NEEDS_REVIEW,Existing catalog product awaiting physical invoice confirmation
g1-prod-463,463,Watermelon Seeds 100g,PRODUCTS.PDF,1,PRODUCTS.PDF,G1 Mart Historical Sales,23-09-2026 to 29-09-2026,Watermelon Seeds 100g,Watermelon,100g,100g,Pieces,,rice-dal-atta,,,,,,,NEEDS_REVIEW,MEDIUM,https://g1mart.in/product/g1-prod-463,,,,NEEDS_REVIEW,Existing catalog product awaiting physical invoice confirmation
g1-prod-464,464,WHISPER XXL,PRODUCTS.PDF,1,PRODUCTS.PDF,G1 Mart Historical Sales,23-09-2026 to 29-09-2026,WHISPER XXL,Whisper,XXL,,Pieces,,personal-care,,,,,,,NEEDS_REVIEW,MEDIUM,https://g1mart.in/product/g1-prod-464,,,,NEEDS_REVIEW,Existing catalog product awaiting physical invoice confirmation
g1-prod-465,465,WHITE URAD DAL 500G,PRODUCTS.PDF,1,PRODUCTS.PDF,G1 Mart Historical Sales,23-09-2026 to 29-09-2026,WHITE URAD DAL 500G,White,500G,500g,Pieces,,rice-dal-atta,,,,,,,NEEDS_REVIEW,MEDIUM,https://g1mart.in/product/g1-prod-465,,,,NEEDS_REVIEW,Existing catalog product awaiting physical invoice confirmation
g1-prod-466,466,WHITE URAD DAL250g,PRODUCTS.PDF,1,PRODUCTS.PDF,G1 Mart Historical Sales,23-09-2026 to 29-09-2026,WHITE URAD DAL250g,White,250g,250g,Pieces,,rice-dal-atta,,,,,,,NEEDS_REVIEW,MEDIUM,https://g1mart.in/product/g1-prod-466,,,,NEEDS_REVIEW,Existing catalog product awaiting physical invoice confirmation
g1-prod-467,467,WIPPER STICK,PRODUCTS.PDF,1,PRODUCTS.PDF,G1 Mart Historical Sales,23-09-2026 to 29-09-2026,WIPPER STICK,Wipper,Pieces,,Pieces,,groceries,,,,,,,NEEDS_REVIEW,MEDIUM,https://g1mart.in/product/g1-prod-467,,,,NEEDS_REVIEW,Existing catalog product awaiting physical invoice confirmation
g1-prod-468,468,WOMENS PLUS,PRODUCTS.PDF,1,PRODUCTS.PDF,G1 Mart Historical Sales,23-09-2026 to 29-09-2026,WOMENS PLUS,Womens,Pieces,,Pieces,,groceries,,,,,,,NEEDS_REVIEW,MEDIUM,https://g1mart.in/product/g1-prod-468,,,,NEEDS_REVIEW,Existing catalog product awaiting physical invoice confirmation
g1-prod-469,469,Yendu Kobbari 250g,PRODUCTS.PDF,1,PRODUCTS.PDF,G1 Mart Historical Sales,23-09-2026 to 29-09-2026,Yendu Kobbari (Dry Coconut) 250g,Yendu,250g,250g,Pieces,,rice-dal-atta,,,,,,,NEEDS_REVIEW,MEDIUM,https://g1mart.in/product/g1-prod-469,,,,NEEDS_REVIEW,Existing catalog product awaiting physical invoice confirmation
g1-prod-470,470,YIPPEE NOODLES 280G,PRODUCTS.PDF,1,PRODUCTS.PDF,G1 Mart Historical Sales,23-09-2026 to 29-09-2026,YIPPEE NOODLES 280G,Yippee,280G,280g,Pieces,,snacks,,,,,,,NEEDS_REVIEW,MEDIUM,https://g1mart.in/product/g1-prod-470,,,,NEEDS_REVIEW,Existing catalog product awaiting physical invoice confirmation
g1-prod-471,471,YIPPEE NOODLES MAGIC MASALA,PRODUCTS.PDF,1,PRODUCTS.PDF,G1 Mart Historical Sales,23-09-2026 to 29-09-2026,YIPPEE NOODLES MAGIC MASALA,Yippee,Pieces,,Pieces,,rice-dal-atta,,,,,,,NEEDS_REVIEW,MEDIUM,https://g1mart.in/product/g1-prod-471,,,,NEEDS_REVIEW,Existing catalog product awaiting physical invoice confirmation
g1-prod-472,472,YIPPEE WOW MASALA,PRODUCTS.PDF,1,PRODUCTS.PDF,G1 Mart Historical Sales,23-09-2026 to 29-09-2026,YIPPEE WOW MASALA,Yippee,Pieces,,Pieces,,rice-dal-atta,,,,,,,NEEDS_REVIEW,MEDIUM,https://g1mart.in/product/g1-prod-472,,,,NEEDS_REVIEW,Existing catalog product awaiting physical invoice confirmation
g1-prod-473,473,Seed Laddu (140) 3p,AltaScanner_10_05_2026(6).pdf,1,AltaScanner_10_05_2026(6).pdf,Local Producer / Handwritten List,Sept-Oct 2026,Til / Seed Laddu,Laddu,,,Pieces,,snacks,,,,3,140.0,420.0,VERIFIED,HIGH,https://g1mart.in/product/g1-prod-473,https://www.bbassets.com/media/uploads/p/xxl/100003902_1-mysore-sandal-bathing-soap.jpg,Supabase Storage,https://pzrigfczxwscpzxkykvf.supabase.co/storage/v1/object/public/product-images/g1-prod-473/primary.jpg,VERIFIED,Verified real KSDL Mysore Sandal soap 75g packaging
g1-prod-474,474,Rajaram peanut laddu (45) 4p,AltaScanner_10_05_2026(6).pdf,1,AltaScanner_10_05_2026(6).pdf,Local Producer / Handwritten List,Sept-Oct 2026,Rajaram Peanut Laddu,Rajaram,Peanut,,Pieces,,snacks,,,,4,45.0,180.0,VERIFIED,HIGH,https://g1mart.in/product/g1-prod-474,https://www.bbassets.com/media/uploads/p/xxl/40052068-2_3-elite-rusk-milk.jpg,Supabase Storage,https://pzrigfczxwscpzxkykvf.supabase.co/storage/v1/object/public/product-images/g1-prod-474/primary.jpg,VERIFIED,Verified real Elite Milk Rusk 182g packaging
g1-prod-475,475,Salt Biscuits (35) 3p,AltaScanner_10_05_2026(6).pdf,1,AltaScanner_10_05_2026(6).pdf,Local Producer / Handwritten List,Sept-Oct 2026,Salt Biscuits,,Salted,,Pieces,,snacks,,,,3,35.0,105.0,VERIFIED,HIGH,https://g1mart.in/product/g1-prod-475,https://www.bbassets.com/media/uploads/p/xxl/208345_25-quaker-oats-breakfast-cereal-rich-in-protein-dietary-fibre-nutritious-easy-to-cook.jpg,Supabase Storage,https://pzrigfczxwscpzxkykvf.supabase.co/storage/v1/object/public/product-images/g1-prod-475/primary.jpg,VERIFIED,Verified real Quaker Oats packaging
g1-prod-476,476,Rajaram Peanut Laddu (95) 3p,AltaScanner_10_05_2026(6).pdf,1,AltaScanner_10_05_2026(6).pdf,Local Producer / Handwritten List,Sept-Oct 2026,Rajaram Peanut Laddu 95,Rajaram,Peanut,,Pieces,,snacks,,,,3,95.0,285.0,VERIFIED,HIGH,https://g1mart.in/product/g1-prod-476,https://www.bbassets.com/media/uploads/p/xxl/286082_24-sunfeast-dark-fantasy-choco-fills-biscuits-cookies.jpg,Supabase Storage,https://pzrigfczxwscpzxkykvf.supabase.co/storage/v1/object/public/product-images/g1-prod-476/primary.jpg,VERIFIED,Verified real Sunfeast Dark Fantasy packshot
g1-prod-477,477,Tulsi Peanut Laddu (60) 3p,AltaScanner_10_05_2026(6).pdf,1,AltaScanner_10_05_2026(6).pdf,Local Producer / Handwritten List,Sept-Oct 2026,Tulsi Peanut Laddu,Tulsi,Peanut,,Pieces,,snacks,,,,3,60.0,180.0,VERIFIED,HIGH,https://g1mart.in/product/g1-prod-477,https://www.bbassets.com/media/uploads/p/xxl/40196394_7-savlon-handwash-moisture-shield.jpg,Supabase Storage,https://pzrigfczxwscpzxkykvf.supabase.co/storage/v1/object/public/product-images/g1-prod-477/primary.jpg,VERIFIED,Verified real Savlon Moisture Shield packshot
g1-prod-478,478,Tulsi Till Laddu (63) 6p,AltaScanner_10_05_2026(6).pdf,1,AltaScanner_10_05_2026(6).pdf,Local Producer / Handwritten List,Sept-Oct 2026,Tulsi Til Laddu,Tulsi,Til / Sesame,,Pieces,,snacks,,,,6,63.0,378.0,VERIFIED,HIGH,https://g1mart.in/product/g1-prod-478,https://www.bbassets.com/media/uploads/p/xxl/40158266_16-sunfeast-moms-magic-cookies-cashew-almond.jpg,Supabase Storage,https://pzrigfczxwscpzxkykvf.supabase.co/storage/v1/object/public/product-images/g1-prod-478/primary.jpg,VERIFIED,Verified real Sunfeast Mom's Magic packshot
g1-prod-479,479,Colour Candy (42) 7p,AltaScanner_10_05_2026(6).pdf,1,AltaScanner_10_05_2026(6).pdf,Local Producer / Handwritten List,Sept-Oct 2026,Colour Candy,,Assorted,,Pieces,,confectionery,,,,7,42.0,294.0,VERIFIED,HIGH,https://g1mart.in/product/g1-prod-479,https://www.bbassets.com/media/uploads/p/xxl/40127506_10-aashirvaad-shudh-chakki-atta.jpg,Supabase Storage,https://pzrigfczxwscpzxkykvf.supabase.co/storage/v1/object/public/product-images/g1-prod-479/primary.jpg,VERIFIED,Verified real ITC Aashirvaad 5kg atta bag packaging
g1-prod-480,480,Honey (42) 6p,AltaScanner_10_05_2026(6).pdf,1,AltaScanner_10_05_2026(6).pdf,Local Producer / Handwritten List,Sept-Oct 2026,Pure Honey 42,,Regular,,Pieces,,staples,,,,6,42.0,252.0,NEEDS_REVIEW,MEDIUM,https://g1mart.in/product/g1-prod-480,,,,MISSING_IMAGE,Extracted directly from handwritten product list AltaScanner_10_05_2026(6).pdf
g1-prod-481,481,Honey (1+1) (185) 2p,AltaScanner_10_05_2026(6).pdf,1,AltaScanner_10_05_2026(6).pdf,Local Producer / Handwritten List,Sept-Oct 2026,Honey (1+1 Offer Pack),,1+1 Combo,,Pieces,,staples,,,,2,185.0,370.0,NEEDS_REVIEW,MEDIUM,https://g1mart.in/product/g1-prod-481,,,,MISSING_IMAGE,Extracted directly from handwritten product list AltaScanner_10_05_2026(6).pdf
g1-prod-482,482,Honey (145) 2p,AltaScanner_10_05_2026(6).pdf,1,AltaScanner_10_05_2026(6).pdf,Local Producer / Handwritten List,Sept-Oct 2026,Pure Honey 145,,Regular,,Pieces,,staples,,,,2,145.0,290.0,NEEDS_REVIEW,MEDIUM,https://g1mart.in/product/g1-prod-482,,,,MISSING_IMAGE,Extracted directly from handwritten product list AltaScanner_10_05_2026(6).pdf
g1-prod-483,483,Mix Saunf (75) 7p,AltaScanner_10_05_2026(6).pdf,1,AltaScanner_10_05_2026(6).pdf,Local Producer / Handwritten List,Sept-Oct 2026,Mix Saunf Mouth Freshener,,Mukhwas,,Pieces,,snacks,,,,7,75.0,525.0,NEEDS_REVIEW,MEDIUM,https://g1mart.in/product/g1-prod-483,,,,MISSING_IMAGE,Extracted directly from handwritten product list AltaScanner_10_05_2026(6).pdf
g1-prod-484,484,Orange Candy Jar (40) 6p,AltaScanner_10_05_2026(6).pdf,1,AltaScanner_10_05_2026(6).pdf,Local Producer / Handwritten List,Sept-Oct 2026,Orange Candy Jar,,Orange,,Jar,,confectionery,,,,6,40.0,240.0,NEEDS_REVIEW,MEDIUM,https://g1mart.in/product/g1-prod-484,,,,MISSING_IMAGE,Extracted directly from handwritten product list AltaScanner_10_05_2026(6).pdf
g1-prod-485,485,Barari Dates (220) 3p,AltaScanner_10_05_2026(6).pdf,1,AltaScanner_10_05_2026(6).pdf,Local Producer / Handwritten List,Sept-Oct 2026,Barari Dates,Barari,Dates,,Pack,,dry-fruits,,,,3,220.0,660.0,VERIFIED,HIGH,https://g1mart.in/product/g1-prod-485,,,,MISSING_IMAGE,Extracted directly from handwritten product list AltaScanner_10_05_2026(6).pdf
g1-prod-486,486,Osmania Biscuits (65) 6p,AltaScanner_10_05_2026(6).pdf,1,AltaScanner_10_05_2026(6).pdf,Local Producer / Handwritten List,Sept-Oct 2026,Osmania Biscuits,,Osmania,,Pack,,snacks,,,,6,65.0,390.0,NEEDS_REVIEW,MEDIUM,https://g1mart.in/product/g1-prod-486,,,,MISSING_IMAGE,Extracted directly from handwritten product list AltaScanner_10_05_2026(6).pdf
g1-prod-487,487,Organic Jaggery (85) 2p,AltaScanner_10_05_2026(6).pdf,1,AltaScanner_10_05_2026(6).pdf,Local Producer / Handwritten List,Sept-Oct 2026,Organic Jaggery,,Jaggery,,Pack,,staples,,,,2,85.0,170.0,NEEDS_REVIEW,MEDIUM,https://g1mart.in/product/g1-prod-487,,,,MISSING_IMAGE,Extracted directly from handwritten product list AltaScanner_10_05_2026(6).pdf
g1-prod-488,488,Organic Ginger Jaggery (115) 2p,AltaScanner_10_05_2026(6).pdf,1,AltaScanner_10_05_2026(6).pdf,Local Producer / Handwritten List,Sept-Oct 2026,Organic Ginger Jaggery,,Ginger Jaggery,,Pack,,staples,,,,2,115.0,230.0,NEEDS_REVIEW,MEDIUM,https://g1mart.in/product/g1-prod-488,,,,MISSING_IMAGE,Extracted directly from handwritten product list AltaScanner_10_05_2026(6).pdf
g1-prod-489,489,Masala Makana (150) 15p,AltaScanner_10_05_2026(6).pdf,1,AltaScanner_10_05_2026(6).pdf,Local Producer / Handwritten List,Sept-Oct 2026,Masala Makhana,,Masala Roasted,,Pack,,snacks,,,,15,150.0,2250.0,NEEDS_REVIEW,MEDIUM,https://g1mart.in/product/g1-prod-489,,,,MISSING_IMAGE,Extracted directly from handwritten product list AltaScanner_10_05_2026(6).pdf
g1-prod-490,490,Kishmish (470) 1kg,AltaScanner_10_05_2026(6).pdf,1,AltaScanner_10_05_2026(6).pdf,Local Producer / Handwritten List,Sept-Oct 2026,Kishmish / Raisins 1kg,,Raisins,1kg,1kg,,dry-fruits,,,,1,470.0,470.0,NEEDS_REVIEW,MEDIUM,https://g1mart.in/product/g1-prod-490,,,,MISSING_IMAGE,Extracted directly from handwritten product list AltaScanner_10_05_2026(6).pdf
g1-prod-491,491,Kajju (830) 3kg,AltaScanner_10_05_2026(6).pdf,1,AltaScanner_10_05_2026(6).pdf,Local Producer / Handwritten List,Sept-Oct 2026,Kaju / Cashews Whole 1kg,,Cashews,1kg,1kg,,dry-fruits,,,,3,830.0,2490.0,VERIFIED,HIGH,https://g1mart.in/product/g1-prod-491,https://www.bbassets.com/media/uploads/p/xxl/40220101_5-stayfree-secure-nights-sanitary-pad-with-cottony-soft-comfort-back-leak-guard.jpg,Supabase Storage,https://pzrigfczxwscpzxkykvf.supabase.co/storage/v1/object/public/product-images/g1-prod-491/primary.jpg,VERIFIED,Verified real Stayfree Secure XL packshot
g1-prod-492,492,Cheers Ring (45) 5p,AltaScanner_10_05_2026(6).pdf,1,AltaScanner_10_05_2026(6).pdf,Local Producer / Handwritten List,Sept-Oct 2026,Cheers Rings Snacks,Cheers,Rings,,Pack,,snacks,,,,5,45.0,225.0,VERIFIED,HIGH,https://g1mart.in/product/g1-prod-492,https://www.bbassets.com/media/uploads/p/xxl/202242_12-head-shoulders-anti-dandruff-shampoo-smooth-silky-for-dry-damaged-hair.jpg,Supabase Storage,https://pzrigfczxwscpzxkykvf.supabase.co/storage/v1/object/public/product-images/g1-prod-492/primary.jpg,VERIFIED,Verified real P&G Head & Shoulders 180ml shampoo bottle
g1-prod-493,493,Jelly (55) 3p,AltaScanner_10_05_2026(6).pdf,1,AltaScanner_10_05_2026(6).pdf,Local Producer / Handwritten List,Sept-Oct 2026,Fruit Jelly Sweets,,Fruit Jelly,,Pack,,confectionery,,,,3,55.0,165.0,NEEDS_REVIEW,MEDIUM,https://g1mart.in/product/g1-prod-493,,,,MISSING_IMAGE,Extracted directly from handwritten product list AltaScanner_10_05_2026(6).pdf
g1-prod-494,494,Chocolate (68) 12p,AltaScanner_10_05_2026(6).pdf,1,AltaScanner_10_05_2026(6).pdf,Local Producer / Handwritten List,Sept-Oct 2026,Chocolate Pack,,Assorted,,Pack,,confectionery,,,,12,68.0,816.0,VERIFIED,HIGH,https://g1mart.in/product/g1-prod-494,https://www.bbassets.com/media/uploads/p/xxl/40348259_1-eno-regular-fruit-salt.jpg,Supabase Storage,https://pzrigfczxwscpzxkykvf.supabase.co/storage/v1/object/public/product-images/g1-prod-494/primary.jpg,VERIFIED,Verified real Eno Fruit Salt 30g sachet box packaging
g1-prod-495,495,Badam (1090) 2kg,AltaScanner_10_05_2026(6).pdf,1,AltaScanner_10_05_2026(6).pdf,Local Producer / Handwritten List,Sept-Oct 2026,Badam / Almonds 1kg,,Almonds,1kg,1kg,,dry-fruits,,,,2,1090.0,2180.0,VERIFIED,HIGH,https://g1mart.in/product/g1-prod-495,https://www.bbassets.com/media/uploads/p/xxl/118572_3-nescafe-sunrise-extra-sachet.jpg,Supabase Storage,https://pzrigfczxwscpzxkykvf.supabase.co/storage/v1/object/public/product-images/g1-prod-495/primary.jpg,VERIFIED,Verified real Nescafe Sunrise Rs 5 sachet packaging
g1-prod-496,496,Loose Makana (650) 1kg,AltaScanner_10_05_2026(6).pdf,1,AltaScanner_10_05_2026(6).pdf,Local Producer / Handwritten List,Sept-Oct 2026,Loose Makhana (Fox Nuts) 1kg,,Plain Makhana,1kg,1kg,,dry-fruits,,,,1,650.0,650.0,NEEDS_REVIEW,MEDIUM,https://g1mart.in/product/g1-prod-496,,,,MISSING_IMAGE,Extracted directly from handwritten product list AltaScanner_10_05_2026(6).pdf
g1-prod-497,497,Kajju Veta Pallam (980) 2kg,AltaScanner_10_05_2026(6).pdf,1,AltaScanner_10_05_2026(6).pdf,Local Producer / Handwritten List,Sept-Oct 2026,Kaju Split / Veta Pallam 1kg,,Split Cashews,1kg,1kg,,dry-fruits,,,,2,980.0,1960.0,NEEDS_REVIEW,MEDIUM,https://g1mart.in/product/g1-prod-497,,,,MISSING_IMAGE,Extracted directly from handwritten product list AltaScanner_10_05_2026(6).pdf
g1-prod-498,498,Brown Sugar (90) 4kg,AltaScanner_10_05_2026(6).pdf,1,AltaScanner_10_05_2026(6).pdf,Local Producer / Handwritten List,Sept-Oct 2026,Brown Sugar 1kg,,Brown Sugar,1kg,1kg,,staples,,,,4,90.0,360.0,NEEDS_REVIEW,MEDIUM,https://g1mart.in/product/g1-prod-498,,,,MISSING_IMAGE,Extracted directly from handwritten product list AltaScanner_10_05_2026(6).pdf
g1-prod-499,499,Salted Pista (1750) 1kg,AltaScanner_10_05_2026(6).pdf,1,AltaScanner_10_05_2026(6).pdf,Local Producer / Handwritten List,Sept-Oct 2026,Salted Pistachios (Pista) 1kg,,Salted Roasted,1kg,1kg,,dry-fruits,,,,1,1750.0,1750.0,NEEDS_REVIEW,MEDIUM,https://g1mart.in/product/g1-prod-499,,,,MISSING_IMAGE,Extracted directly from handwritten product list AltaScanner_10_05_2026(6).pdf
g1-prod-500,500,Quaker Oats (78) 3p,AltaScanner_10_05_2026(6).pdf,1,AltaScanner_10_05_2026(6).pdf,Local Producer / Handwritten List,Sept-Oct 2026,Quaker Oats,Quaker,Oats,,Pack,,staples,,,,3,78.0,234.0,VERIFIED,HIGH,https://g1mart.in/product/g1-prod-500,,,,MISSING_IMAGE,Extracted directly from handwritten product list AltaScanner_10_05_2026(6).pdf
g1-prod-501,501,Makana (250) 2p,AltaScanner_10_05_2026(6).pdf,1,AltaScanner_10_05_2026(6).pdf,Local Producer / Handwritten List,Sept-Oct 2026,Makhana Pack (250),,Makhana,,Pack,,dry-fruits,,,,2,250.0,500.0,NEEDS_REVIEW,MEDIUM,https://g1mart.in/product/g1-prod-501,,,,MISSING_IMAGE,Extracted directly from handwritten product list AltaScanner_10_05_2026(6).pdf
g1-prod-502,502,ELITE MILK RUSK 182GM,WhatsApp Image 2026-10-04 at 9.46.05 PM.jpeg,1,WhatsApp Image 2026-10-04 at 9.46.05 PM.jpeg,Srinivasa Traders (Confectionery),02-10-2026,Elite Milk Rusk 182g,Elite,Milk,182g,Packet,,snacks,35.0,"Srinivasa Traders Tax Invoice 25,501",,6,30.0,189.0,VERIFIED,HIGH,https://g1mart.in/product/g1-prod-502,,,,MISSING_IMAGE,"Verified from Srinivasa Traders Tax Invoice 25,501"
g1-prod-503,503,ELITE ELACHI RUSK 182gm,WhatsApp Image 2026-10-04 at 9.46.05 PM.jpeg,1,WhatsApp Image 2026-10-04 at 9.46.05 PM.jpeg,Srinivasa Traders (Confectionery),02-10-2026,Elite Elaichi Rusk 182g,Elite,Elaichi / Cardamom,182g,Packet,,snacks,35.0,"Srinivasa Traders Tax Invoice 25,501",,6,30.0,189.0,VERIFIED,HIGH,https://g1mart.in/product/g1-prod-503,,,,MISSING_IMAGE,"Verified from Srinivasa Traders Tax Invoice 25,501"
g1-prod-504,504,BROWNIE 10RS,WhatsApp Image 2026-10-04 at 9.46.05 PM.jpeg,1,WhatsApp Image 2026-10-04 at 9.46.05 PM.jpeg,Srinivasa Traders (Confectionery),02-10-2026,Brownie Cakes Rs 10,,Chocolate Brownie,10Rs,Packet,,snacks,240.0,"Srinivasa Traders Tax Invoice 25,501",,2,190.48,399.04,VERIFIED,HIGH,https://g1mart.in/product/g1-prod-504,,,,MISSING_IMAGE,"Verified from Srinivasa Traders Tax Invoice 25,501"
g1-prod-505,505,PEANUT CHIKKI JAR 5/-,WhatsApp Image 2026-10-04 at 9.46.05 PM.jpeg,1,WhatsApp Image 2026-10-04 at 9.46.05 PM.jpeg,Srinivasa Traders (Confectionery),02-10-2026,Peanut Chikki Jar (Rs 5 Bar),,Peanut Chikki,,Jar,,snacks,300.0,"Srinivasa Traders Tax Invoice 25,501",,2,228.57,480.0,VERIFIED,HIGH,https://g1mart.in/product/g1-prod-505,,,,MISSING_IMAGE,"Verified from Srinivasa Traders Tax Invoice 25,501"
g1-prod-506,506,KAMARKATTU JAR 200RS,WhatsApp Image 2026-10-04 at 9.46.05 PM.jpeg,1,WhatsApp Image 2026-10-04 at 9.46.05 PM.jpeg,Srinivasa Traders (Confectionery),02-10-2026,Kamarkattu Traditional Coconut Jaggery Candy Jar,,Coconut Jaggery,,Jar,,confectionery,200.0,"Srinivasa Traders Tax Invoice 25,501",,1,152.38,160.0,VERIFIED,HIGH,https://g1mart.in/product/g1-prod-506,,,,MISSING_IMAGE,"Verified from Srinivasa Traders Tax Invoice 25,501"
g1-prod-507,507,jellytos 1rs,WhatsApp Image 2026-10-04 at 9.46.05 PM.jpeg,1,WhatsApp Image 2026-10-04 at 9.46.05 PM.jpeg,Srinivasa Traders (Confectionery),02-10-2026,Jellytos Fruit Jelly Candies,,Fruit Jelly,,Jar/Box,,confectionery,125.0,"Srinivasa Traders Tax Invoice 25,501",,24,100.0,2520.0,VERIFIED,HIGH,https://g1mart.in/product/g1-prod-507,,,,MISSING_IMAGE,"Verified from Srinivasa Traders Tax Invoice 25,501"
g1-prod-508,508,MANGO FRUIT BARS JAR,WhatsApp Image 2026-10-04 at 9.46.05 PM.jpeg,1,WhatsApp Image 2026-10-04 at 9.46.05 PM.jpeg,Srinivasa Traders (Confectionery),02-10-2026,Mango Fruit Bars Jar,,Mango,,Jar,,confectionery,300.0,"Srinivasa Traders Tax Invoice 25,501",,2,247.62,520.0,VERIFIED,HIGH,https://g1mart.in/product/g1-prod-508,,,,MISSING_IMAGE,"Verified from Srinivasa Traders Tax Invoice 25,501"
g1-prod-509,509,MD SCENTS ZIPLOCK COMBO PACKS,WhatsApp Image 2026-10-04 (Bombay Corporation / ITC Invoice),1,WhatsApp Image 2026-10-04 (Bombay Corporation / ITC Invoice),Bombay Corporation (ITC FMCG Distributor),22-09-2026,Mangaldeep Scents Ziplock Combo Pack,Mangaldeep,Ziplock Combo,,Pack,,household,70.0,Bombay Corporation / ITC Tax Invoice,,5,32.37,144.01,VERIFIED,HIGH,https://g1mart.in/product/g1-prod-509,,,,MISSING_IMAGE,Verified from Bombay Corporation / ITC Tax Invoice
g1-prod-510,510,MD SCENT 3IN1 COLGATE PROMO RS 40,WhatsApp Image 2026-10-04 (Bombay Corporation / ITC Invoice),1,WhatsApp Image 2026-10-04 (Bombay Corporation / ITC Invoice),Bombay Corporation (ITC FMCG Distributor),22-09-2026,Mangaldeep 3in1 Agarbatti Promo Pack,Mangaldeep,3in1,,Pack,,household,40.0,Bombay Corporation / ITC Tax Invoice,,24,39.68,966.23,VERIFIED,HIGH,https://g1mart.in/product/g1-prod-510,,,,MISSING_IMAGE,Verified from Bombay Corporation / ITC Tax Invoice
g1-prod-511,511,AASHIRVAAD ATTA (MP) 5 KG,WhatsApp Image 2026-10-04 (Bombay Corporation / ITC Invoice),1,WhatsApp Image 2026-10-04 (Bombay Corporation / ITC Invoice),Bombay Corporation (ITC FMCG Distributor),22-09-2026,Aashirvaad Superior MP Atta 5kg,Aashirvaad,Superior MP,5kg,Pack,,staples,350.0,Bombay Corporation / ITC Tax Invoice,,2,283.23,590.02,VERIFIED,HIGH,https://g1mart.in/product/g1-prod-511,,,,MISSING_IMAGE,Verified from Bombay Corporation / ITC Tax Invoice
g1-prod-512,512,AASHIRVAAD BANSI RAVA 01KG AP&TG,WhatsApp Image 2026-10-04 (Bombay Corporation / ITC Invoice),1,WhatsApp Image 2026-10-04 (Bombay Corporation / ITC Invoice),Bombay Corporation (ITC FMCG Distributor),22-09-2026,Aashirvaad Bansi Rava 1kg,Aashirvaad,Bansi Rava,1kg,Pack,,staples,76.0,Bombay Corporation / ITC Tax Invoice,,10,57.23,500.04,VERIFIED,HIGH,https://g1mart.in/product/g1-prod-512,,,,MISSING_IMAGE,Verified from Bombay Corporation / ITC Tax Invoice
g1-prod-513,513,AASHIRVAAD BANSI RAVA 500G AP&TG,WhatsApp Image 2026-10-04 (Bombay Corporation / ITC Invoice),1,WhatsApp Image 2026-10-04 (Bombay Corporation / ITC Invoice),Bombay Corporation (ITC FMCG Distributor),22-09-2026,Aashirvaad Bansi Rava 500g,Aashirvaad,Bansi Rava,500g,Pack,,staples,39.0,Bombay Corporation / ITC Tax Invoice,,20,28.61,500.03,VERIFIED,HIGH,https://g1mart.in/product/g1-prod-513,,,,MISSING_IMAGE,Verified from Bombay Corporation / ITC Tax Invoice
g1-prod-514,514,AASHIRVAAD SOOJI RAVA 500G AP&TG,WhatsApp Image 2026-10-04 (Bombay Corporation / ITC Invoice),1,WhatsApp Image 2026-10-04 (Bombay Corporation / ITC Invoice),Bombay Corporation (ITC FMCG Distributor),22-09-2026,Aashirvaad Sooji Rava 500g,Aashirvaad,Sooji Rava,500g,Pack,,staples,44.0,Bombay Corporation / ITC Tax Invoice,,20,30.04,600.85,VERIFIED,HIGH,https://g1mart.in/product/g1-prod-514,,,,MISSING_IMAGE,Verified from Bombay Corporation / ITC Tax Invoice
g1-prod-515,515,AASHIRVAADVERMICELLINONROASTED400G,WhatsApp Image 2026-10-04 (Bombay Corporation / ITC Invoice),1,WhatsApp Image 2026-10-04 (Bombay Corporation / ITC Invoice),Bombay Corporation (ITC FMCG Distributor),22-09-2026,Aashirvaad Vermicelli (Non-Roasted) 400g,Aashirvaad,Non-Roasted,400g,Pack,,staples,49.0,Bombay Corporation / ITC Tax Invoice,,10,39.12,410.79,VERIFIED,HIGH,https://g1mart.in/product/g1-prod-515,,,,MISSING_IMAGE,Verified from Bombay Corporation / ITC Tax Invoice
g1-prod-516,516,AASHIRVAADVERMICELLINONROASTED250G,WhatsApp Image 2026-10-04 (Bombay Corporation / ITC Invoice),1,WhatsApp Image 2026-10-04 (Bombay Corporation / ITC Invoice),Bombay Corporation (ITC FMCG Distributor),22-09-2026,Aashirvaad Vermicelli (Non-Roasted) 250g,Aashirvaad,Non-Roasted,250g,Pack,,staples,30.0,Bombay Corporation / ITC Tax Invoice,,10,22.89,240.36,VERIFIED,HIGH,https://g1mart.in/product/g1-prod-516,,,,MISSING_IMAGE,Verified from Bombay Corporation / ITC Tax Invoice
g1-prod-517,517,BINGO! CHIPS RS.50 HNS KOREANS,WhatsApp Image 2026-10-04 (Bombay Corporation / ITC Invoice),1,WhatsApp Image 2026-10-04 (Bombay Corporation / ITC Invoice),Bombay Corporation (ITC FMCG Distributor),22-09-2026,Bingo! Korean Style Spicy Chips Rs 50,Bingo,Korean Style Spicy,70g,Pack,,snacks,50.0,Bombay Corporation / ITC Tax Invoice,,12,43.61,272.62,VERIFIED,HIGH,https://g1mart.in/product/g1-prod-517,,,,MISSING_IMAGE,Verified from Bombay Corporation / ITC Tax Invoice
g1-prod-518,518,BINGO! CHIPS RS.50 TOMATO,WhatsApp Image 2026-10-04 (Bombay Corporation / ITC Invoice),1,WhatsApp Image 2026-10-04 (Bombay Corporation / ITC Invoice),Bombay Corporation (ITC FMCG Distributor),22-09-2026,Bingo! Tomato Chips Rs 50,Bingo,Tomato,70g,Pack,,snacks,50.0,Bombay Corporation / ITC Tax Invoice,,12,43.61,355.04,VERIFIED,HIGH,https://g1mart.in/product/g1-prod-518,,,,MISSING_IMAGE,Verified from Bombay Corporation / ITC Tax Invoice
g1-prod-519,519,BINGO! OS RS.10 CHILLI SPRINKLED,WhatsApp Image 2026-10-04 (Bombay Corporation / ITC Invoice),1,WhatsApp Image 2026-10-04 (Bombay Corporation / ITC Invoice),Bombay Corporation (ITC FMCG Distributor),22-09-2026,Bingo! Original Style Chilli Sprinkled Potato Chips Rs 10,Bingo,Chilli Sprinkled,25g,Pack,,snacks,10.0,Bombay Corporation / ITC Tax Invoice,,120,8.66,1032.2,VERIFIED,HIGH,https://g1mart.in/product/g1-prod-519,,,,MISSING_IMAGE,Verified from Bombay Corporation / ITC Tax Invoice
g1-prod-520,520,BINGO! OS RS.10 CHILLI CHRG TOMATO,WhatsApp Image 2026-10-04 (Bombay Corporation / ITC Invoice),1,WhatsApp Image 2026-10-04 (Bombay Corporation / ITC Invoice),Bombay Corporation (ITC FMCG Distributor),22-09-2026,Bingo! Original Style Chilli Charged Tomato Chips Rs 10,Bingo,Chilli Charged Tomato,25g,Pack,,snacks,10.0,Bombay Corporation / ITC Tax Invoice,,120,8.66,1032.2,VERIFIED,HIGH,https://g1mart.in/product/g1-prod-520,,,,MISSING_IMAGE,Verified from Bombay Corporation / ITC Tax Invoice
g1-prod-521,521,MAD ANGLES RS.20 ACHAARI,WhatsApp Image 2026-10-04 (Bombay Corporation / ITC Invoice),1,WhatsApp Image 2026-10-04 (Bombay Corporation / ITC Invoice),Bombay Corporation (ITC FMCG Distributor),22-09-2026,Bingo! Mad Angles Achaari Masti 66g (Rs 20),Bingo,Achaari Masti,66g,Pack,,snacks,20.0,Bombay Corporation / ITC Tax Invoice,,24,17.4,414.99,VERIFIED,HIGH,https://g1mart.in/product/g1-prod-521,,,,MISSING_IMAGE,Verified from Bombay Corporation / ITC Tax Invoice
g1-prod-522,522,MAD ANGLES RS 20 MASALA,WhatsApp Image 2026-10-04 (Bombay Corporation / ITC Invoice),1,WhatsApp Image 2026-10-04 (Bombay Corporation / ITC Invoice),Bombay Corporation (ITC FMCG Distributor),22-09-2026,Bingo! Mad Angles Masala Madness 66g (Rs 20),Bingo,Masala Madness,66g,Pack,,snacks,20.0,Bombay Corporation / ITC Tax Invoice,,24,17.4,217.63,VERIFIED,HIGH,https://g1mart.in/product/g1-prod-522,,,,MISSING_IMAGE,Verified from Bombay Corporation / ITC Tax Invoice
g1-prod-523,523,DARK FANTASY CHOC FILLS RS 10,WhatsApp Image 2026-10-04 (Bombay Corporation / ITC Invoice),2,WhatsApp Image 2026-10-04 (Bombay Corporation / ITC Invoice),Bombay Corporation (ITC FMCG Distributor),22-09-2026,Sunfeast Dark Fantasy Choco Fills Biscuit (Rs 10),Sunfeast,Choco Fills,21g,Pack,,snacks,10.0,Bombay Corporation / ITC Tax Invoice,,24,8.5,207.05,VERIFIED,HIGH,https://g1mart.in/product/g1-prod-523,,,,MISSING_IMAGE,Verified from Bombay Corporation / ITC Tax Invoice
g1-prod-524,524,SF MOMS MAGIC CASHEWALMD 80G,WhatsApp Image 2026-10-04 (Bombay Corporation / ITC Invoice),2,WhatsApp Image 2026-10-04 (Bombay Corporation / ITC Invoice),Bombay Corporation (ITC FMCG Distributor),22-09-2026,Sunfeast Mom's Magic Cashew & Almond Biscuits 80g,Sunfeast,Cashew & Almond,80g,Pack,,snacks,30.0,Bombay Corporation / ITC Tax Invoice,,24,12.94,312.92,VERIFIED,HIGH,https://g1mart.in/product/g1-prod-524,,,,MISSING_IMAGE,Verified from Bombay Corporation / ITC Tax Invoice
g1-prod-525,525,SF MOMS MAGIC RICH BUTTER RS 5,WhatsApp Image 2026-10-04 (Bombay Corporation / ITC Invoice),2,WhatsApp Image 2026-10-04 (Bombay Corporation / ITC Invoice),Bombay Corporation (ITC FMCG Distributor),22-09-2026,Sunfeast Mom's Magic Rich Butter Biscuits (Rs 5),Sunfeast,Rich Butter,28g,Pack,,snacks,5.0,Bombay Corporation / ITC Tax Invoice,,48,4.34,210.19,VERIFIED,HIGH,https://g1mart.in/product/g1-prod-525,,,,MISSING_IMAGE,Verified from Bombay Corporation / ITC Tax Invoice
g1-prod-526,526,SF MOMS MAGIC RICH BUTTER RS 10,WhatsApp Image 2026-10-04 (Bombay Corporation / ITC Invoice),2,WhatsApp Image 2026-10-04 (Bombay Corporation / ITC Invoice),Bombay Corporation (ITC FMCG Distributor),22-09-2026,Sunfeast Mom's Magic Rich Butter Biscuits (Rs 10),Sunfeast,Rich Butter,54g,Pack,,snacks,10.0,Bombay Corporation / ITC Tax Invoice,,24,8.69,210.19,VERIFIED,HIGH,https://g1mart.in/product/g1-prod-526,,,,MISSING_IMAGE,Verified from Bombay Corporation / ITC Tax Invoice
g1-prod-527,527,SF FANTASTIK CH ALMOND RS 10,WhatsApp Image 2026-10-04 (Bombay Corporation / ITC Invoice),2,WhatsApp Image 2026-10-04 (Bombay Corporation / ITC Invoice),Bombay Corporation (ITC FMCG Distributor),22-09-2026,Sunfeast Fantastik Choco Almond Bar (Rs 10),Sunfeast,Choco Almond,18g,Pack,,confectionery,10.0,Bombay Corporation / ITC Tax Invoice,,24,8.66,200.73,VERIFIED,HIGH,https://g1mart.in/product/g1-prod-527,,,,MISSING_IMAGE,Verified from Bombay Corporation / ITC Tax Invoice
g1-prod-528,528,SF FANTASTIK FRUIT N NUT RS 50,WhatsApp Image 2026-10-04 (Bombay Corporation / ITC Invoice),2,WhatsApp Image 2026-10-04 (Bombay Corporation / ITC Invoice),Bombay Corporation (ITC FMCG Distributor),22-09-2026,Sunfeast Fantastik Fruit & Nut Bar 50g,Sunfeast,Fruit & Nut,50g,Pack,,confectionery,50.0,Bombay Corporation / ITC Tax Invoice,,24,21.65,545.46,VERIFIED,HIGH,https://g1mart.in/product/g1-prod-528,,,,MISSING_IMAGE,Verified from Bombay Corporation / ITC Tax Invoice
g1-prod-529,529,SF FANTASTIK ROSTED ALMOND RS 50,WhatsApp Image 2026-10-04 (Bombay Corporation / ITC Invoice),2,WhatsApp Image 2026-10-04 (Bombay Corporation / ITC Invoice),Bombay Corporation (ITC FMCG Distributor),22-09-2026,Sunfeast Fantastik Roasted Almond Bar 50g,Sunfeast,Roasted Almond,50g,Pack,,confectionery,50.0,Bombay Corporation / ITC Tax Invoice,,24,21.65,545.46,VERIFIED,HIGH,https://g1mart.in/product/g1-prod-529,,,,MISSING_IMAGE,Verified from Bombay Corporation / ITC Tax Invoice
g1-prod-530,530,YIPPEE MAGICMASALA NOODLES 25G,WhatsApp Image 2026-10-04 (Bombay Corporation / ITC Invoice),2,WhatsApp Image 2026-10-04 (Bombay Corporation / ITC Invoice),Bombay Corporation (ITC FMCG Distributor),22-09-2026,Sunfeast YiPPee! Magic Masala Instant Noodles 25g (Rs 5),Sunfeast,Magic Masala,25g,Pack,,snacks,5.0,Bombay Corporation / ITC Tax Invoice,,72,4.45,336.71,VERIFIED,HIGH,https://g1mart.in/product/g1-prod-530,,,,MISSING_IMAGE,Verified from Bombay Corporation / ITC Tax Invoice
g1-prod-531,531,YIPPEE MAGIC MASALA NOODLES 40G,WhatsApp Image 2026-10-04 (Bombay Corporation / ITC Invoice),2,WhatsApp Image 2026-10-04 (Bombay Corporation / ITC Invoice),Bombay Corporation (ITC FMCG Distributor),22-09-2026,Sunfeast YiPPee! Magic Masala Instant Noodles 40g (Rs 10),Sunfeast,Magic Masala,40g,Pack,,snacks,10.0,Bombay Corporation / ITC Tax Invoice,,72,8.75,608.5,VERIFIED,HIGH,https://g1mart.in/product/g1-prod-531,,,,MISSING_IMAGE,Verified from Bombay Corporation / ITC Tax Invoice
g1-prod-532,532,YIPPEE MAGIC MASALA NOODLES 200G,WhatsApp Image 2026-10-04 (Bombay Corporation / ITC Invoice),2,WhatsApp Image 2026-10-04 (Bombay Corporation / ITC Invoice),Bombay Corporation (ITC FMCG Distributor),22-09-2026,Sunfeast YiPPee! Magic Masala Instant Noodles 200g (Pack of 4),Sunfeast,Magic Masala,200g,Pack,,snacks,60.0,Bombay Corporation / ITC Tax Invoice,,12,52.49,648.18,VERIFIED,HIGH,https://g1mart.in/product/g1-prod-532,,,,MISSING_IMAGE,Verified from Bombay Corporation / ITC Tax Invoice
g1-prod-533,533,YIPPEE WOW MASALA NOODLES 25.7G,WhatsApp Image 2026-10-04 (Bombay Corporation / ITC Invoice),2,WhatsApp Image 2026-10-04 (Bombay Corporation / ITC Invoice),Bombay Corporation (ITC FMCG Distributor),22-09-2026,Sunfeast YiPPee! Wow Masala Noodles 25.7g (Rs 5),Sunfeast,Wow Masala,25.7g,Pack,,snacks,5.0,Bombay Corporation / ITC Tax Invoice,,60,4.45,270.48,VERIFIED,HIGH,https://g1mart.in/product/g1-prod-533,,,,MISSING_IMAGE,Verified from Bombay Corporation / ITC Tax Invoice
g1-prod-534,534,YIPPEE WOW MASALA NOODLES 48G,WhatsApp Image 2026-10-04 (Bombay Corporation / ITC Invoice),2,WhatsApp Image 2026-10-04 (Bombay Corporation / ITC Invoice),Bombay Corporation (ITC FMCG Distributor),22-09-2026,Sunfeast YiPPee! Wow Masala Noodles 48g (Rs 10),Sunfeast,Wow Masala,48g,Pack,,snacks,10.0,Bombay Corporation / ITC Tax Invoice,,24,8.75,200.63,VERIFIED,HIGH,https://g1mart.in/product/g1-prod-534,,,,MISSING_IMAGE,Verified from Bombay Corporation / ITC Tax Invoice
g1-prod-535,535,MD CUP SAMBRANI RS. 72,WhatsApp Image 2026-10-04 (Bombay Corporation / ITC Invoice),3,WhatsApp Image 2026-10-04 (Bombay Corporation / ITC Invoice),Bombay Corporation (ITC FMCG Distributor),22-09-2026,Mangaldeep Cup Sambrani (Pack of 12),Mangaldeep,Cup Sambrani,12 Cups,Pack,,household,72.0,Bombay Corporation / ITC Tax Invoice,,8,48.57,391.0,VERIFIED,HIGH,https://g1mart.in/product/g1-prod-535,,,,MISSING_IMAGE,Verified from Bombay Corporation / ITC Tax Invoice
g1-prod-536,536,MD 18 TRAYA STICK SAMBRANI RS 25,WhatsApp Image 2026-10-04 (Bombay Corporation / ITC Invoice),3,WhatsApp Image 2026-10-04 (Bombay Corporation / ITC Invoice),Bombay Corporation (ITC FMCG Distributor),22-09-2026,Mangaldeep Traya Sambrani Sticks (Rs 25),Mangaldeep,Traya Sambrani,Stick,Pack,,household,25.0,Bombay Corporation / ITC Tax Invoice,,24,15.36,369.63,VERIFIED,HIGH,https://g1mart.in/product/g1-prod-536,,,,MISSING_IMAGE,Verified from Bombay Corporation / ITC Tax Invoice
g1-prod-537,537,MD TRAYA CUP SAMBRANI RS 75,WhatsApp Image 2026-10-04 (Bombay Corporation / ITC Invoice),3,WhatsApp Image 2026-10-04 (Bombay Corporation / ITC Invoice),Bombay Corporation (ITC FMCG Distributor),22-09-2026,Mangaldeep Traya Cup Sambrani (Rs 75),Mangaldeep,Traya Cup Sambrani,Pack,Pack,,household,75.0,Bombay Corporation / ITC Tax Invoice,,8,60.19,482.78,VERIFIED,HIGH,https://g1mart.in/product/g1-prod-537,,,,MISSING_IMAGE,Verified from Bombay Corporation / ITC Tax Invoice
g1-prod-538,538,MD RS 110 SCENT 3IN1 NON PROMO,WhatsApp Image 2026-10-04 (Bombay Corporation / ITC Invoice),3,WhatsApp Image 2026-10-04 (Bombay Corporation / ITC Invoice),Bombay Corporation (ITC FMCG Distributor),22-09-2026,Mangaldeep 3in1 Agarbatti 136 Sticks (Rs 110),Mangaldeep,3in1 Fragrance,136 Sticks,Pack,,household,110.0,Bombay Corporation / ITC Tax Invoice,,6,71.43,432.02,VERIFIED,HIGH,https://g1mart.in/product/g1-prod-538,,,,MISSING_IMAGE,Verified from Bombay Corporation / ITC Tax Invoice
g1-prod-539,539,MD REFRESH SANDAL RS 55,WhatsApp Image 2026-10-04 (Bombay Corporation / ITC Invoice),3,WhatsApp Image 2026-10-04 (Bombay Corporation / ITC Invoice),Bombay Corporation (ITC FMCG Distributor),22-09-2026,Mangaldeep Sandal Agarbatti (Rs 55),Mangaldeep,Sandalwood,Pack,Pack,,household,55.0,Bombay Corporation / ITC Tax Invoice,,12,39.68,483.11,VERIFIED,HIGH,https://g1mart.in/product/g1-prod-539,,,,MISSING_IMAGE,Verified from Bombay Corporation / ITC Tax Invoice
g1-prod-540,540,MD 72 TEMPLE RS 55,WhatsApp Image 2026-10-04 (Bombay Corporation / ITC Invoice),3,WhatsApp Image 2026-10-04 (Bombay Corporation / ITC Invoice),Bombay Corporation (ITC FMCG Distributor),22-09-2026,Mangaldeep Temple Agarbatti (Rs 55),Mangaldeep,Temple Agarbatti,Pack,Pack,,household,55.0,Bombay Corporation / ITC Tax Invoice,,12,39.68,483.02,VERIFIED,HIGH,https://g1mart.in/product/g1-prod-540,,,,MISSING_IMAGE,Verified from Bombay Corporation / ITC Tax Invoice
g1-prod-541,541,MD FLORA LAVENDER RS 60,WhatsApp Image 2026-10-04 (Bombay Corporation / ITC Invoice),3,WhatsApp Image 2026-10-04 (Bombay Corporation / ITC Invoice),Bombay Corporation (ITC FMCG Distributor),22-09-2026,Mangaldeep Flora Lavender Agarbatti (Rs 60),Mangaldeep,Flora Lavender,Pack,Pack,,household,60.0,Bombay Corporation / ITC Tax Invoice,,12,39.68,483.03,VERIFIED,HIGH,https://g1mart.in/product/g1-prod-541,,,,MISSING_IMAGE,Verified from Bombay Corporation / ITC Tax Invoice
g1-prod-542,542,NIMYLE FC HERBAL 500ML,WhatsApp Image 2026-10-04 (Bombay Corporation / ITC Invoice),3,WhatsApp Image 2026-10-04 (Bombay Corporation / ITC Invoice),Bombay Corporation (ITC FMCG Distributor),22-09-2026,Nimyle Herbal Floor Cleaner 500ml,Nimyle,Herbal Floor Cleaner,500ml,Bottle,,household,95.0,Bombay Corporation / ITC Tax Invoice,,6,70.26,487.09,VERIFIED,HIGH,https://g1mart.in/product/g1-prod-542,,,,MISSING_IMAGE,Verified from Bombay Corporation / ITC Tax Invoice
g1-prod-543,543,SAVLON HW MS 200ML COMBO,WhatsApp Image 2026-10-04 (Bombay Corporation / ITC Invoice),3,WhatsApp Image 2026-10-04 (Bombay Corporation / ITC Invoice),Bombay Corporation (ITC FMCG Distributor),22-09-2026,Savlon Moisture Shield Handwash 200ml Refill Combo,Savlon,Moisture Shield,200ml,Pouch,,personal-care,99.0,Bombay Corporation / ITC Tax Invoice,,3,73.98,259.2,VERIFIED,HIGH,https://g1mart.in/product/g1-prod-543,,,,MISSING_IMAGE,Verified from Bombay Corporation / ITC Tax Invoice
g1-prod-544,544,SAVLON HANDWASH MS 80ML,WhatsApp Image 2026-10-04 (Bombay Corporation / ITC Invoice),3,WhatsApp Image 2026-10-04 (Bombay Corporation / ITC Invoice),Bombay Corporation (ITC FMCG Distributor),22-09-2026,Savlon Moisture Shield Handwash 80ml,Savlon,Moisture Shield,80ml,Pouch,,personal-care,49.0,Bombay Corporation / ITC Tax Invoice,,6,36.62,259.26,VERIFIED,HIGH,https://g1mart.in/product/g1-prod-544,,,,MISSING_IMAGE,Verified from Bombay Corporation / ITC Tax Invoice
g1-prod-545,545,SAVLON HANDWASH DC 625ML POUCH,WhatsApp Image 2026-10-04 (Bombay Corporation / ITC Invoice),3,WhatsApp Image 2026-10-04 (Bombay Corporation / ITC Invoice),Bombay Corporation (ITC FMCG Distributor),22-09-2026,Savlon Deep Clean Handwash 625ml Refill Pouch,Savlon,Deep Clean,625ml,Pouch,,personal-care,99.0,Bombay Corporation / ITC Tax Invoice,,3,73.98,256.5,VERIFIED,HIGH,https://g1mart.in/product/g1-prod-545,,,,MISSING_IMAGE,Verified from Bombay Corporation / ITC Tax Invoice
g1-prod-546,546,SAVLON HW DC 200ML COMBO,WhatsApp Image 2026-10-04 (Bombay Corporation / ITC Invoice),3,WhatsApp Image 2026-10-04 (Bombay Corporation / ITC Invoice),Bombay Corporation (ITC FMCG Distributor),22-09-2026,Savlon Deep Clean Handwash 200ml Refill Combo,Savlon,Deep Clean,200ml,Pouch,,personal-care,99.0,Bombay Corporation / ITC Tax Invoice,,3,73.98,259.2,VERIFIED,HIGH,https://g1mart.in/product/g1-prod-546,,,,MISSING_IMAGE,Verified from Bombay Corporation / ITC Tax Invoice
g1-prod-547,547,MYSORE SANDAL 75G X 200PC - Rs.42/-,AltaScanner_10_04_2026(1).pdf,1,AltaScanner_10_04_2026(1).pdf,RR Enterprises,24-09-2026,Mysore Sandal Soap 75g,Mysore Sandal,Sandalwood,75g,Pieces,,personal-care,42.0,RR Enterprises Tax Invoice RRE26/27-4456,,50,36.19,1899.97,VERIFIED,HIGH,https://g1mart.in/product/g1-prod-547,,,,MISSING_IMAGE,Verified from RR Enterprises Tax Invoice
g1-prod-548,548,MYSORE SANDAL 150G*3 X 30Pc - Rs.245/-,AltaScanner_10_04_2026(1).pdf,1,AltaScanner_10_04_2026(1).pdf,RR Enterprises,24-09-2026,Mysore Sandal Soap 150g (Pack of 3),Mysore Sandal,Sandalwood Multipack,150g,Pieces,,personal-care,245.0,RR Enterprises Tax Invoice RRE26/27-4456,,3,209.52,659.99,VERIFIED,HIGH,https://g1mart.in/product/g1-prod-548,,,,MISSING_IMAGE,Verified from RR Enterprises Tax Invoice
g1-prod-549,549,MARGO 100G X 168PC - Rs.40/-,AltaScanner_10_04_2026(1).pdf,1,AltaScanner_10_04_2026(1).pdf,RR Enterprises,24-09-2026,Margo Original Neem Soap 100g,Margo,Neem,100g,Pieces,,personal-care,40.0,RR Enterprises Tax Invoice RRE26/27-4456,,24,35.27,888.8,VERIFIED,HIGH,https://g1mart.in/product/g1-prod-549,,,,MISSING_IMAGE,Verified from RR Enterprises Tax Invoice
g1-prod-550,550,KLEENOL LIQUID 1 Ltr X 130/-,AltaScanner_10_04_2026(1).pdf,1,AltaScanner_10_04_2026(1).pdf,RR Enterprises,24-09-2026,Kleenol Floor Cleaner Liquid 1L,Kleenol,Floor Cleaner,1L,Pieces,,household,130.0,RR Enterprises Tax Invoice RRE26/27-4456,,3,88.98,314.99,VERIFIED,HIGH,https://g1mart.in/product/g1-prod-550,,,,MISSING_IMAGE,Verified from RR Enterprises Tax Invoice
g1-prod-551,551,ZOOM DET BAR 200G X 60PC - Rs.21/-,AltaScanner_10_04_2026(1).pdf,1,AltaScanner_10_04_2026(1).pdf,RR Enterprises,24-09-2026,Zoom Detergent Bar 200g,Zoom,Detergent Bar,200g,Pieces,,household,21.0,RR Enterprises Tax Invoice RRE26/27-4456,,60,15.0,1062.0,VERIFIED,HIGH,https://g1mart.in/product/g1-prod-551,,,,MISSING_IMAGE,Verified from RR Enterprises Tax Invoice
g1-prod-552,552,ZOOM MEGA WHITE 275G X 40PC - Rs.26/-,AltaScanner_10_04_2026(1).pdf,1,AltaScanner_10_04_2026(1).pdf,RR Enterprises,24-09-2026,Zoom Mega White Detergent Bar 275g,Zoom,Mega White,275g,Pieces,,household,26.0,RR Enterprises Tax Invoice RRE26/27-4456,,40,19.07,900.1,VERIFIED,HIGH,https://g1mart.in/product/g1-prod-552,,,,MISSING_IMAGE,Verified from RR Enterprises Tax Invoice
g1-prod-553,553,ULTRA WASH 1LTR X 12PC - Rs.99/-,AltaScanner_10_04_2026(1).pdf,1,AltaScanner_10_04_2026(1).pdf,RR Enterprises,24-09-2026,Ultra Wash Liquid Detergent 1L,Ultra Wash,Liquid Detergent,1L,Pieces,,household,99.0,RR Enterprises Tax Invoice RRE26/27-4456,,12,72.03,1019.94,VERIFIED,HIGH,https://g1mart.in/product/g1-prod-553,,,,MISSING_IMAGE,Verified from RR Enterprises Tax Invoice
g1-prod-554,554,WB LEAF 500G X 36PC - Rs.320/-,AltaScanner_10_04_2026(1).pdf,1,AltaScanner_10_04_2026(1).pdf,RR Enterprises,24-09-2026,Wagh Bakri Premium Leaf Tea 500g,Wagh Bakri,Premium Leaf,500g,Pieces,,beverages,320.0,RR Enterprises Tax Invoice RRE26/27-4456,,3,277.06,872.74,VERIFIED,HIGH,https://g1mart.in/product/g1-prod-554,,,,MISSING_IMAGE,Verified from RR Enterprises Tax Invoice
g1-prod-555,555,NC ELACHI 100G X Rs.50/- Jar,AltaScanner_10_04_2026(1).pdf,1,AltaScanner_10_04_2026(1).pdf,RR Enterprises,24-09-2026,Navchetan Elaichi Tea 100g Jar,Navchetan,Elaichi Tea,100g,Jar,,beverages,50.0,RR Enterprises Tax Invoice RRE26/27-4456,,6,41.9,263.97,VERIFIED,HIGH,https://g1mart.in/product/g1-prod-555,,,,MISSING_IMAGE,Verified from RR Enterprises Tax Invoice
g1-prod-556,556,GKL SEEDED DATES 500G X 20SETS (1+1) - Rs.238/-,AltaScanner_10_04_2026(1).pdf,1,AltaScanner_10_04_2026(1).pdf,RR Enterprises,24-09-2026,GKL Seeded Dates 500g (1+1 Offer),GKL,Seeded Dates,500g,Sets,,dry-fruits,238.0,RR Enterprises Tax Invoice RRE26/27-4456,,5,195.24,1025.01,VERIFIED,HIGH,https://g1mart.in/product/g1-prod-556,,,,MISSING_IMAGE,Verified from RR Enterprises Tax Invoice
g1-prod-557,557,GKL SEEDLESS DATES 250G (1+1) X 40SETS - Rs.160/-,AltaScanner_10_04_2026(1).pdf,1,AltaScanner_10_04_2026(1).pdf,RR Enterprises,24-09-2026,GKL Seedless Dates 250g (1+1 Offer),GKL,Seedless Dates,250g,Sets,,dry-fruits,160.0,RR Enterprises Tax Invoice RRE26/27-4456,,4,128.57,539.99,VERIFIED,HIGH,https://g1mart.in/product/g1-prod-557,,,,MISSING_IMAGE,Verified from RR Enterprises Tax Invoice
g1-prod-558,558,LOTTE CHOCO PIE,AltaScanner_10_04_2026.pdf,1,AltaScanner_10_04_2026.pdf,Jay Goga Ji,22-09-2026,Lotte Choco Pie (Rs 10),Lotte,Choco Pie,28g,Box,,snacks,10.0,Jay Goga Ji Estimation L-109,,3,146.0,438.0,VERIFIED,HIGH,https://g1mart.in/product/g1-prod-558,,,,MISSING_IMAGE,Verified from Jay Goga Ji Estimation
g1-prod-559,559,FEVIGUM 10,AltaScanner_10_04_2026.pdf,1,AltaScanner_10_04_2026.pdf,Jay Goga Ji,22-09-2026,Pidilite Fevigum Synthetic Gum 10,Fevigum,Gum,Small,Sheet,,household,10.0,Jay Goga Ji Estimation L-109,,1,85.0,85.0,VERIFIED,HIGH,https://g1mart.in/product/g1-prod-559,,,,MISSING_IMAGE,Verified from Jay Goga Ji Estimation
g1-prod-560,560,5STAR 10,AltaScanner_10_04_2026.pdf,1,AltaScanner_10_04_2026.pdf,Jay Goga Ji,22-09-2026,Cadbury 5 Star Chocolate Bar 20g (Rs 10),Cadbury,Chocolate Bar,20g,Box,,confectionery,10.0,Jay Goga Ji Estimation L-109,,2,358.0,716.0,VERIFIED,HIGH,https://g1mart.in/product/g1-prod-560,,,,MISSING_IMAGE,Verified from Jay Goga Ji Estimation
g1-prod-561,561,HEAD AND SHOULDER 2,AltaScanner_10_04_2026.pdf,1,AltaScanner_10_04_2026.pdf,Jay Goga Ji,22-09-2026,Head & Shoulders Anti-Dandruff Shampoo Sachet (Rs 2),Head & Shoulders,Anti-Dandruff,6ml,Sheet,,personal-care,2.0,Jay Goga Ji Estimation L-109,,10,30.0,300.0,VERIFIED,HIGH,https://g1mart.in/product/g1-prod-561,,,,MISSING_IMAGE,Verified from Jay Goga Ji Estimation
g1-prod-562,562,SUNRISE 5,AltaScanner_10_04_2026.pdf,1,AltaScanner_10_04_2026.pdf,Jay Goga Ji,22-09-2026,Nestlé Sunrise Instant Coffee Sachet (Rs 5),Sunrise,Coffee Chicory,Sachet,Kata,,beverages,5.0,Jay Goga Ji Estimation L-109,,2,270.0,540.0,VERIFIED,HIGH,https://g1mart.in/product/g1-prod-562,,,,MISSING_IMAGE,Verified from Jay Goga Ji Estimation
g1-prod-563,563,MILKY BAR 10,AltaScanner_10_04_2026.pdf,1,AltaScanner_10_04_2026.pdf,Jay Goga Ji,22-09-2026,Nestlé Milkybar White Chocolate Bar (Rs 10),Milkybar,White Chocolate,20g,Box,,confectionery,10.0,Jay Goga Ji Estimation L-109,,2,216.0,432.0,VERIFIED,HIGH,https://g1mart.in/product/g1-prod-563,,,,MISSING_IMAGE,Verified from Jay Goga Ji Estimation
g1-prod-564,564,ENO OR 30PIC,AltaScanner_10_04_2026.pdf,1,AltaScanner_10_04_2026.pdf,Jay Goga Ji,22-09-2026,Eno Fruit Salt Regular/Orange Sachet Box (Pack of 30),Eno,Fruit Salt,30 Sachets,Box,,personal-care,,Jay Goga Ji Estimation L-109,,1,248.0,248.0,VERIFIED,HIGH,https://g1mart.in/product/g1-prod-564,,,,MISSING_IMAGE,Verified from Jay Goga Ji Estimation
g1-prod-565,565,HEAD AND SHOULDER 180ML,AltaScanner_10_04_2026.pdf,1,AltaScanner_10_04_2026.pdf,Jay Goga Ji,22-09-2026,Head & Shoulders Anti-Dandruff Shampoo 180ml,Head & Shoulders,Anti-Dandruff,180ml,Pcs,,personal-care,218.0,Jay Goga Ji Estimation L-109,,6,198.0,1188.0,VERIFIED,HIGH,https://g1mart.in/product/g1-prod-565,,,,MISSING_IMAGE,Verified from Jay Goga Ji Estimation
g1-prod-566,566,HEAD AND SHOULDER 100ML,AltaScanner_10_04_2026.pdf,1,AltaScanner_10_04_2026.pdf,Jay Goga Ji,22-09-2026,Head & Shoulders Anti-Dandruff Shampoo 100ml,Head & Shoulders,Anti-Dandruff,100ml,Pcs,,personal-care,79.0,Jay Goga Ji Estimation L-109,,3,71.5,214.5,VERIFIED,HIGH,https://g1mart.in/product/g1-prod-566,,,,MISSING_IMAGE,Verified from Jay Goga Ji Estimation
g1-prod-567,567,LION HONEY SET,AltaScanner_10_04_2026.pdf,1,AltaScanner_10_04_2026.pdf,Jay Goga Ji,22-09-2026,Lion Honey 250g Jar Combo Set,Lion Honey,Pure Honey,Set,Set,,staples,,Jay Goga Ji Estimation L-109,,3,145.0,435.0,VERIFIED,HIGH,https://g1mart.in/product/g1-prod-567,,,,MISSING_IMAGE,Verified from Jay Goga Ji Estimation
g1-prod-568,568,NIPPO AAA,AltaScanner_10_04_2026.pdf,1,AltaScanner_10_04_2026.pdf,Jay Goga Ji,22-09-2026,Nippo AAA Batteries (Pack of 10),Nippo,AAA Battery,Pack,Sheet,,household,,Jay Goga Ji Estimation L-109,,1,210.0,210.0,VERIFIED,HIGH,https://g1mart.in/product/g1-prod-568,,,,MISSING_IMAGE,Verified from Jay Goga Ji Estimation
g1-prod-569,569,NIPPO GOLD,AltaScanner_10_04_2026.pdf,1,AltaScanner_10_04_2026.pdf,Jay Goga Ji,22-09-2026,Nippo Gold AA Batteries (Pack of 10),Nippo,AA Gold Battery,Pack,Sheet,,household,,Jay Goga Ji Estimation L-109,,1,210.0,210.0,VERIFIED,HIGH,https://g1mart.in/product/g1-prod-569,,,,MISSING_IMAGE,Verified from Jay Goga Ji Estimation
g1-prod-570,570,WIPRO SOFTOUCH 200ML,AltaScanner_10_04_2026.pdf,1,AltaScanner_10_04_2026.pdf,Jay Goga Ji,22-09-2026,Wipro Softouch Fabric Conditioner 200ml,Wipro Softouch,Fabric Conditioner,200ml,Pcs,,household,62.0,Jay Goga Ji Estimation L-109,,5,56.5,282.5,VERIFIED,HIGH,https://g1mart.in/product/g1-prod-570,,,,MISSING_IMAGE,Verified from Jay Goga Ji Estimation
g1-prod-571,571,STAYFREE EXTRA LARGE 50,AltaScanner_10_04_2026.pdf,1,AltaScanner_10_04_2026.pdf,Jay Goga Ji,22-09-2026,Stayfree Secure Extra Large Sanitary Pads (Pack of 6),Stayfree,Extra Large,Pack of 6,Pcs,,personal-care,50.0,Jay Goga Ji Estimation L-109,,12,42.0,504.0,VERIFIED,HIGH,https://g1mart.in/product/g1-prod-571,,,,MISSING_IMAGE,Verified from Jay Goga Ji Estimation
