source_item_no,source_name,display_name,brand,variant,pack_size,category_id,mrp,selling_price,product_match_status,confidence,product_source_url,image_source_url,image_status,notes
1,5 MUCH,5 Much Wafer,,Pieces,Pieces,snacks,,,NEEDS_REVIEW,LOW,https://g1mart.in/product/g1-prod-001,,NEEDS_REVIEW,No recognized national Indian retail product named '5 MUCH'. Highly ambiguous; likely local unbranded candy.
2,5 STAR 5RS,Cadbury 5 Star Chocolate Bar 10.1g,Cadbury,10.1g Bar,5RS,snacks,5.0,,VERIFIED,HIGH,https://g1mart.in/product/g1-prod-002,https://pzrigfczxwscpzxkykvf.supabase.co/storage/v1/object/public/product-images/g1-prod-002/primary.jpg,VERIFIED,Verified authentic Indian FMCG packaging. Deterministic Supabase Storage path.
3,5 Star Tea 250g,5 Star Tea 250g,,250g,250g,beverages,,,NEEDS_REVIEW,LOW,https://g1mart.in/product/g1-prod-003,,NEEDS_REVIEW,Regional unstandardized Andhra Pradesh tea brand. Marked for manual physical shelf review.
4,50-50 SWEET&SALTY,Britannia 50-50 Sweet & Salty Biscuits 55g,Britannia,55g Pack,Pieces,snacks,5.0,,VERIFIED,HIGH,https://g1mart.in/product/g1-prod-004,https://pzrigfczxwscpzxkykvf.supabase.co/storage/v1/object/public/product-images/g1-prod-004/primary.jpg,VERIFIED,Verified authentic Indian FMCG packaging. Deterministic Supabase Storage path.
5,707 SOAP,707 Ultra Blue Detergent Cake 150g,707,150g Bar,Pieces,household,15.0,,VERIFIED,HIGH,https://g1mart.in/product/g1-prod-005,https://pzrigfczxwscpzxkykvf.supabase.co/storage/v1/object/public/product-images/g1-prod-005/primary.jpg,VERIFIED,Verified authentic Indian FMCG packaging. Deterministic Supabase Storage path.
6,AACHHI GARAM MASALA,Aachi Garam Masala 100g,Aachi,100g Pouch,Pieces,rice-dal-atta,78.0,,VERIFIED,HIGH,https://g1mart.in/product/g1-prod-006,https://pzrigfczxwscpzxkykvf.supabase.co/storage/v1/object/public/product-images/g1-prod-006/primary.jpg,VERIFIED,Verified authentic Indian FMCG packaging. Deterministic Supabase Storage path.
7,AACHI APPALAM 100G,Aachi Appalam 100g,Aachi,100g Pouch,100G,snacks,45.0,,VERIFIED,HIGH,https://g1mart.in/product/g1-prod-007,https://pzrigfczxwscpzxkykvf.supabase.co/storage/v1/object/public/product-images/g1-prod-007/primary.jpg,VERIFIED,Verified authentic Indian FMCG packaging. Deterministic Supabase Storage path.
8,AACHI CHICKEN MASALA,Aachi Chicken Masala 50g,Aachi,50g Pouch,Pieces,rice-dal-atta,38.0,,VERIFIED,HIGH,https://g1mart.in/product/g1-prod-008,https://pzrigfczxwscpzxkykvf.supabase.co/storage/v1/object/public/product-images/g1-prod-008/primary.jpg,VERIFIED,Verified authentic Indian FMCG packaging. Deterministic Supabase Storage path.
9,Aashirvaad 1kg,Aashirvaad Shudh Chakki Whole Wheat Atta 1kg,Aashirvaad,1kg Bag,1kg,rice-dal-atta,65.0,,VERIFIED,HIGH,https://g1mart.in/product/g1-prod-009,https://pzrigfczxwscpzxkykvf.supabase.co/storage/v1/object/public/product-images/g1-prod-009/primary.jpg,VERIFIED,Verified authentic Indian FMCG packaging. Deterministic Supabase Storage path.
10,AASHIRVAAD CRYSTAL SALT 1KG,Aashirvaad Iodized Crystal Salt 1kg,Aashirvaad,1kg Pack,1KG,rice-dal-atta,22.0,,VERIFIED,HIGH,https://g1mart.in/product/g1-prod-010,https://pzrigfczxwscpzxkykvf.supabase.co/storage/v1/object/public/product-images/g1-prod-010/primary.jpg,VERIFIED,Verified authentic Indian FMCG packaging. Deterministic Supabase Storage path.
11,AASHIRVAAD SALT,Aashirvaad Iodised Salt 1kg,Aashirvaad,1kg Pouch,Pieces,rice-dal-atta,32.0,,VERIFIED,HIGH,https://g1mart.in/product/g1-prod-011,https://pzrigfczxwscpzxkykvf.supabase.co/storage/v1/object/public/product-images/g1-prod-011/primary.jpg,VERIFIED,Verified authentic Indian FMCG packaging. Deterministic Supabase Storage path.
12,Aashirvaad Suji Rava,Aashirvaad Double Roasted Suji Rava 1kg,Aashirvaad,1kg Pouch,Pieces,rice-dal-atta,86.0,,VERIFIED,HIGH,https://g1mart.in/product/g1-prod-012,https://pzrigfczxwscpzxkykvf.supabase.co/storage/v1/object/public/product-images/g1-prod-012/primary.jpg,VERIFIED,Verified authentic Indian FMCG packaging. Deterministic Supabase Storage path.
13,Aashirvaad Vermicelli,Aashirvaad Roasted Vermicelli 400g,Aashirvaad,400g Pouch,Pieces,rice-dal-atta,45.0,,VERIFIED,HIGH,https://g1mart.in/product/g1-prod-013,https://pzrigfczxwscpzxkykvf.supabase.co/storage/v1/object/public/product-images/g1-prod-013/primary.jpg,VERIFIED,Verified authentic Indian FMCG packaging. Deterministic Supabase Storage path.
14,AASHIRVAAD VERMICELLI 850G,Aashirvaad Roasted Vermicelli 850g,Aashirvaad,850g Saver Pack,850G,rice-dal-atta,130.0,,VERIFIED,HIGH,https://g1mart.in/product/g1-prod-014,https://pzrigfczxwscpzxkykvf.supabase.co/storage/v1/object/public/product-images/g1-prod-014/primary.jpg,VERIFIED,Verified authentic Indian FMCG packaging. Deterministic Supabase Storage path.
15,ACID 700ML,Floor & Toilet Cleaning Acid 700ml,Acid,700ml,700ML,household,,,NEEDS_REVIEW,LOW,https://g1mart.in/product/g1-prod-015,,NEEDS_REVIEW,Generic unbranded cleaning acid without manufacturer identity.
16,Ajay Brush,Ajay Quest Medium Toothbrush,Ajay,Medium,Pieces,personal-care,22.0,,VERIFIED,HIGH,https://g1mart.in/product/g1-prod-016,https://pzrigfczxwscpzxkykvf.supabase.co/storage/v1/object/public/product-images/g1-prod-016/primary.jpg,VERIFIED,Verified authentic Indian FMCG packaging. Deterministic Supabase Storage path.
17,ALL IN ONE 100G,All-in-One Mixture 100g,All,100g,100G,snacks,,,NEEDS_REVIEW,LOW,https://g1mart.in/product/g1-prod-017,,NEEDS_REVIEW,"Ambiguous sales entry 'ALL IN ONE 100G'. Could refer to mixture, masala, or stationery."
18,ALLOUT MATCHS,All Out Ultra Power+ Mosquito Repellent Machine & Refill,All Out,Starter Pack,Pieces,household,105.0,,VERIFIED,HIGH,https://g1mart.in/product/g1-prod-018,https://pzrigfczxwscpzxkykvf.supabase.co/storage/v1/object/public/product-images/g1-prod-018/primary.jpg,VERIFIED,Verified authentic Indian FMCG packaging. Deterministic Supabase Storage path.
19,APSARA PENCILS,Apsara Platinum Extra Dark Pencils (Pack of 10),Apsara,Pack of 10,Pieces,household,60.0,,VERIFIED,HIGH,https://g1mart.in/product/g1-prod-019,https://pzrigfczxwscpzxkykvf.supabase.co/storage/v1/object/public/product-images/g1-prod-019/primary.jpg,VERIFIED,Verified authentic Indian FMCG packaging. Deterministic Supabase Storage path.
20,ARIEL FRONT LIQ 10,Ariel Matic Front Load Liquid Detergent (Rs 10 Sachet),Ariel,Rs 10 Sachet,Pieces,household,10.0,,VERIFIED,HIGH,https://g1mart.in/product/g1-prod-020,https://pzrigfczxwscpzxkykvf.supabase.co/storage/v1/object/public/product-images/g1-prod-020/primary.jpg,VERIFIED,Verified authentic Indian FMCG packaging. Deterministic Supabase Storage path.
21,Ariel Power Gel Top Load&semi Auto 1kg,Ariel Matic Top Load Liquid Detergent 1L,Ariel,Top Load 1L,1kg,household,220.0,,VERIFIED,MEDIUM,https://g1mart.in/product/g1-prod-021,,NEEDS_REVIEW,Product identity clear. Exact real Indian packaging photo pending review. Synthetic images purged.
22,AROKYA MILK,Arokya Toned Milk 500ml,Arokya,500ml Pouch,Pieces,dairy-bakery,30.0,,VERIFIED,HIGH,https://g1mart.in/product/g1-prod-022,https://pzrigfczxwscpzxkykvf.supabase.co/storage/v1/object/public/product-images/g1-prod-022/primary.jpg,VERIFIED,Verified authentic Indian FMCG packaging. Deterministic Supabase Storage path.
23,ARUN BITES,Arun Ice Cream Bites,Arun,Bites 50ml,Pieces,dairy-bakery,20.0,,VERIFIED,MEDIUM,https://g1mart.in/product/g1-prod-023,,NEEDS_REVIEW,Product identity clear. Exact real Indian packaging photo pending review. Synthetic images purged.
24,ARUN DONUT,Arun Ice Cream Donut,Arun,Donut 60ml,Pieces,dairy-bakery,35.0,,VERIFIED,MEDIUM,https://g1mart.in/product/g1-prod-024,,NEEDS_REVIEW,Product identity clear. Exact real Indian packaging photo pending review. Synthetic images purged.
25,ARUN DOUBLE,Arun Double Blast Ice Cream Bar,Arun,Double Blast 70ml,Pieces,dairy-bakery,40.0,,VERIFIED,MEDIUM,https://g1mart.in/product/g1-prod-025,,NEEDS_REVIEW,Product identity clear. Exact real Indian packaging photo pending review. Synthetic images purged.
26,ARUN IBAR,Arun iBar Ice Cream Stick,Arun,iBar 60ml,Pieces,dairy-bakery,30.0,,VERIFIED,MEDIUM,https://g1mart.in/product/g1-prod-026,,NEEDS_REVIEW,Product identity clear. Exact real Indian packaging photo pending review. Synthetic images purged.
27,ARUN MILKY FANTASY,Arun Milky Fantasy Ice Cream Bar,Arun,Milky Fantasy 60ml,Pieces,dairy-bakery,25.0,,VERIFIED,MEDIUM,https://g1mart.in/product/g1-prod-027,,NEEDS_REVIEW,Product identity clear. Exact real Indian packaging photo pending review. Synthetic images purged.
28,Arun Popitos,Arun Popitos Mini Ice Cream Candies,Arun,Popitos Pack,Pieces,dairy-bakery,20.0,,VERIFIED,MEDIUM,https://g1mart.in/product/g1-prod-028,,NEEDS_REVIEW,Product identity clear. Exact real Indian packaging photo pending review. Synthetic images purged.
29,Arun Sunny Sil,Arun Sunny Silver Vanilla Ice Cream Bar,Arun,Sunny Silver 50ml,Pieces,dairy-bakery,15.0,,VERIFIED,MEDIUM,https://g1mart.in/product/g1-prod-029,,NEEDS_REVIEW,Product identity clear. Exact real Indian packaging photo pending review. Synthetic images purged.
30,ARUN TOFFEE CON,Arun Toffee Crunch Ice Cream Cone,Arun,Toffee Cone 100ml,Pieces,dairy-bakery,40.0,,VERIFIED,MEDIUM,https://g1mart.in/product/g1-prod-030,,NEEDS_REVIEW,Product identity clear. Exact real Indian packaging photo pending review. Synthetic images purged.
31,ASSORATED FRUIT,Assorted Fruit Candies,Assorated,Pieces,Pieces,snacks,,,NEEDS_REVIEW,LOW,https://g1mart.in/product/g1-prod-031,,NEEDS_REVIEW,Generic shorthand 'ASSORATED FRUIT'. Unbranded confectionery entry.
32,Avalu 250g,Whole Mustard Seeds (Avalu) 250g,G1 Mart Selection,250g Pouch,250g,rice-dal-atta,45.0,,VERIFIED,MEDIUM,https://g1mart.in/product/g1-prod-032,,NEEDS_REVIEW,Product identity clear. Exact real Indian packaging photo pending review. Synthetic images purged.
33,Avalu50g,Whole Mustard Seeds (Avalu) 50g,G1 Mart Selection,50g Pouch,50g,rice-dal-atta,12.0,,VERIFIED,MEDIUM,https://g1mart.in/product/g1-prod-033,,NEEDS_REVIEW,Product identity clear. Exact real Indian packaging photo pending review. Synthetic images purged.
34,BADAM 100GR,Whole California Almonds (Badam) 100g,G1 Mart Selection,100g Pouch,100G,snacks,110.0,,VERIFIED,MEDIUM,https://g1mart.in/product/g1-prod-034,,NEEDS_REVIEW,Product identity clear. Exact real Indian packaging photo pending review. Synthetic images purged.
35,BADAM 250G,Whole California Almonds (Badam) 250g,G1 Mart Selection,250g Pouch,250G,snacks,260.0,,VERIFIED,MEDIUM,https://g1mart.in/product/g1-prod-035,,NEEDS_REVIEW,Product identity clear. Exact real Indian packaging photo pending review. Synthetic images purged.
36,BADAM 50G,Whole California Almonds (Badam) 50g,G1 Mart Selection,50g Pouch,50G,snacks,60.0,,VERIFIED,MEDIUM,https://g1mart.in/product/g1-prod-036,,NEEDS_REVIEW,Product identity clear. Exact real Indian packaging photo pending review. Synthetic images purged.
37,BAMBINO MYSORE PACK 200G,Bambino Traditional Mysore Pak Sweet 200g,Bambino,200g Box,200G,snacks,140.0,,VERIFIED,MEDIUM,https://g1mart.in/product/g1-prod-037,,NEEDS_REVIEW,Product identity clear. Exact real Indian packaging photo pending review. Synthetic images purged.
38,BAMBINON VERMICELLI 250G,Bambino Roasted Vermicelli 250g,Bambino,Roasted 250g,250G,rice-dal-atta,30.0,,VERIFIED,MEDIUM,https://g1mart.in/product/g1-prod-038,,NEEDS_REVIEW,Product identity clear. Exact real Indian packaging photo pending review. Synthetic images purged.
39,BANSI RAVA 500G,Bansi Wheat Rava 500g,G1 Mart Selection,500g Pouch,500G,rice-dal-atta,40.0,,VERIFIED,MEDIUM,https://g1mart.in/product/g1-prod-039,,NEEDS_REVIEW,Product identity clear. Exact real Indian packaging photo pending review. Synthetic images purged.
40,BAT PAPAD 250G,Bat Shaped Fryum Papad 250g,G1 Mart Selection,250g,250G,snacks,35.0,,VERIFIED,MEDIUM,https://g1mart.in/product/g1-prod-040,,NEEDS_REVIEW,Product identity clear. Exact real Indian packaging photo pending review. Synthetic images purged.
41,BINGO CHILLI,Bingo! Mad Angles Chilli Dhamaka 66g,Bingo,Chilli Dhamaka 66g,Pieces,snacks,20.0,,VERIFIED,MEDIUM,https://g1mart.in/product/g1-prod-041,,NEEDS_REVIEW,Product identity clear. Exact real Indian packaging photo pending review. Synthetic images purged.
42,BINGO KOREAN,Bingo! Tedhe Medhe Korean Style 70g,Bingo,Korean Style 70g,Pieces,snacks,20.0,,VERIFIED,HIGH,https://g1mart.in/product/g1-prod-042,https://pzrigfczxwscpzxkykvf.supabase.co/storage/v1/object/public/product-images/g1-prod-042/primary.jpg,VERIFIED,Verified authentic Indian FMCG packaging. Deterministic Supabase Storage path.
43,BINGO MASALA,Bingo! Mad Angles Achaari Masti 66g,Bingo,Achaari Masti 66g,Pieces,snacks,20.0,,VERIFIED,MEDIUM,https://g1mart.in/product/g1-prod-043,,NEEDS_REVIEW,Product identity clear. Exact real Indian packaging photo pending review. Synthetic images purged.
44,BINGO MASTI,Bingo! Tedhe Medhe Masala Tadka 70g,Bingo,Masala Tadka 70g,Pieces,snacks,20.0,,VERIFIED,MEDIUM,https://g1mart.in/product/g1-prod-044,,NEEDS_REVIEW,Product identity clear. Exact real Indian packaging photo pending review. Synthetic images purged.
45,BINGO TOMATO,Bingo! Mad Angles Tomato Madness 66g,Bingo,Tomato Madness 66g,Pieces,snacks,20.0,,VERIFIED,MEDIUM,https://g1mart.in/product/g1-prod-045,,NEEDS_REVIEW,Product identity clear. Exact real Indian packaging photo pending review. Synthetic images purged.
46,BINO TEMATO 21G,Bingo! Mad Angles Tomato Madness 21g,Bingo,Tomato Madness 21g / Rs 5,21G,snacks,5.0,,VERIFIED,MEDIUM,https://g1mart.in/product/g1-prod-046,,NEEDS_REVIEW,Product identity clear. Exact real Indian packaging photo pending review. Synthetic images purged.
47,Biriyani Masala,Aachi Biryani Masala 50g,Aachi,50g Pouch,Pieces,rice-dal-atta,45.0,,VERIFIED,MEDIUM,https://g1mart.in/product/g1-prod-047,,NEEDS_REVIEW,Product identity clear. Exact real Indian packaging photo pending review. Synthetic images purged.
48,BISCOTT,Biscott Bakery Biscuits,Biscott,Pieces,Pieces,snacks,,,NEEDS_REVIEW,LOW,https://g1mart.in/product/g1-prod-048,,NEEDS_REVIEW,Ambiguous sales shorthand 'BISCOTT'. Brand and weight unspecified.
49,BLEACHUNG POWDER 100G,Bleaching Powder Disinfectant 100g,G1 Mart Selection,100g Pack,100G,household,15.0,,VERIFIED,HIGH,https://g1mart.in/product/g1-prod-049,https://pzrigfczxwscpzxkykvf.supabase.co/storage/v1/object/public/product-images/g1-prod-049/primary.jpg,VERIFIED,Verified authentic Indian FMCG packaging. Deterministic Supabase Storage path.
50,BOOST,Boost Energy Drink 15g Sachet,Boost,15g Sachet / Rs 5,Packs,beverages,5.0,,VERIFIED,MEDIUM,https://g1mart.in/product/g1-prod-050,,NEEDS_REVIEW,Product identity clear. Exact real Indian packaging photo pending review. Synthetic images purged.
51,BOOST 200G,Boost Energy & Nutrition Drink 200g Refill,Boost,200g Refill,200G,beverages,115.0,,VERIFIED,MEDIUM,https://g1mart.in/product/g1-prod-051,,NEEDS_REVIEW,Product identity clear. Exact real Indian packaging photo pending review. Synthetic images purged.
52,BOURBON BISCUIT,Britannia Bourbon Chocolate Cream Biscuits 120g,Britannia,Bourbon 120g,Pieces,snacks,30.0,,VERIFIED,MEDIUM,https://g1mart.in/product/g1-prod-052,,NEEDS_REVIEW,Product identity clear. Exact real Indian packaging photo pending review. Synthetic images purged.
53,BRU,Bru Instant Coffee 50g Pouch,Bru,50g Pouch,Pieces,beverages,110.0,,VERIFIED,HIGH,https://g1mart.in/product/g1-prod-053,https://pzrigfczxwscpzxkykvf.supabase.co/storage/v1/object/public/product-images/g1-prod-053/primary.jpg,VERIFIED,Verified authentic Indian FMCG packaging. Deterministic Supabase Storage path.
54,Bru Instant 1.2g,Bru Instant Coffee 1.2g Sachet (Rs 2),Bru,1.2g Sachet,1.2g,beverages,2.0,,VERIFIED,HIGH,https://g1mart.in/product/g1-prod-054,https://pzrigfczxwscpzxkykvf.supabase.co/storage/v1/object/public/product-images/g1-prod-054/primary.jpg,VERIFIED,Verified authentic Indian FMCG packaging. Deterministic Supabase Storage path.
55,BRU INSTENT JAR,Bru Instant Coffee Glass Jar 100g,Bru,100g Glass Jar,Pieces,beverages,240.0,,VERIFIED,HIGH,https://g1mart.in/product/g1-prod-055,https://pzrigfczxwscpzxkykvf.supabase.co/storage/v1/object/public/product-images/g1-prod-055/primary.jpg,VERIFIED,Verified authentic Indian FMCG packaging. Deterministic Supabase Storage path.
56,Brush,Utility Cleaning Brush,Brush,Pieces,Pieces,household,,,NEEDS_REVIEW,LOW,https://g1mart.in/product/g1-prod-056,,NEEDS_REVIEW,Generic unbranded cleaning/washing brush.
57,CAMLIN 0.7MM LEDIS,Camlin Kokuyo 0.7mm 2B Pencil Lead Tube,Camlin,0.7mm 2B Lead Tube,Pieces,household,10.0,,VERIFIED,MEDIUM,https://g1mart.in/product/g1-prod-057,,NEEDS_REVIEW,Product identity clear. Exact real Indian packaging photo pending review. Synthetic images purged.
58,Camphor 50g,Pure Pooja Camphor Tablets (Karpooram) 50g,G1 Mart Selection,50g Box,50g,household,45.0,,VERIFIED,MEDIUM,https://g1mart.in/product/g1-prod-058,,NEEDS_REVIEW,Product identity clear. Exact real Indian packaging photo pending review. Synthetic images purged.
59,CASTOR OIL 100ML,Pure Castor Oil (Aamudam) 100ml,G1 Mart Selection,100ml Bottle,100ML,personal-care,65.0,,VERIFIED,MEDIUM,https://g1mart.in/product/g1-prod-059,,NEEDS_REVIEW,Product identity clear. Exact real Indian packaging photo pending review. Synthetic images purged.
60,CHILLY POWDER 100G,Pure Guntur Red Chilli Powder 100g,G1 Mart Selection,100g Pouch,100G,rice-dal-atta,45.0,,VERIFIED,MEDIUM,https://g1mart.in/product/g1-prod-060,,NEEDS_REVIEW,Product identity clear. Exact real Indian packaging photo pending review. Synthetic images purged.
61,CHOKI STIX 16G,Choki Choki Chocolate Stix 16g,Choki Choki,16g Pack,16G,snacks,10.0,,VERIFIED,HIGH,https://g1mart.in/product/g1-prod-061,https://pzrigfczxwscpzxkykvf.supabase.co/storage/v1/object/public/product-images/g1-prod-061/primary.jpg,VERIFIED,Verified authentic Indian FMCG packaging. Deterministic Supabase Storage path.
62,CINTHOL,Godrej Cinthol Original Soap 100g,Cinthol,Original 100g,Pieces,personal-care,46.0,,VERIFIED,MEDIUM,https://g1mart.in/product/g1-prod-062,,NEEDS_REVIEW,Product identity clear. Exact real Indian packaging photo pending review. Synthetic images purged.
63,CLASSIC RUSK 59G,Britannia Crunchy Toastea Rusk 59g,Britannia,Toastea 59g,59G,snacks,10.0,,VERIFIED,MEDIUM,https://g1mart.in/product/g1-prod-063,,NEEDS_REVIEW,Product identity clear. Exact real Indian packaging photo pending review. Synthetic images purged.
64,Cleaning Wiper,Floor Squeegee Cleaning Wiper,G1 Mart Selection,Standard,Pieces,household,120.0,,VERIFIED,HIGH,https://g1mart.in/product/g1-prod-064,https://pzrigfczxwscpzxkykvf.supabase.co/storage/v1/object/public/product-images/g1-prod-064/primary.jpg,VERIFIED,Verified authentic Indian FMCG packaging. Deterministic Supabase Storage path.
65,CLEAR ANTI-DANDRUFF NUTRIUM,Clear Anti-Dandruff Complete Care Nutrium 10 Shampoo 80ml,Clear,80ml Bottle,Pieces,personal-care,95.0,,VERIFIED,MEDIUM,https://g1mart.in/product/g1-prod-065,,NEEDS_REVIEW,Product identity clear. Exact real Indian packaging photo pending review. Synthetic images purged.
66,CLINIC PLUS EGG,Clinic Plus Naturally Strong Egg Protein Shampoo 80ml,Clinic Plus,Egg Protein 80ml,Pieces,personal-care,65.0,,VERIFIED,MEDIUM,https://g1mart.in/product/g1-prod-066,,NEEDS_REVIEW,Product identity clear. Exact real Indian packaging photo pending review. Synthetic images purged.
67,Clinic Plus STRONG&LONG,Clinic Plus Strong & Long Health Shampoo 80ml,Clinic Plus,Strong & Long 80ml,Bag,personal-care,65.0,,VERIFIED,MEDIUM,https://g1mart.in/product/g1-prod-067,,NEEDS_REVIEW,Product identity clear. Exact real Indian packaging photo pending review. Synthetic images purged.
68,CLOTH PINS,Plastic Cloth Drying Pegs / Pins (Pack of 12),G1 Mart Selection,Pack of 12,Packs,household,50.0,,VERIFIED,HIGH,https://g1mart.in/product/g1-prod-068,https://pzrigfczxwscpzxkykvf.supabase.co/storage/v1/object/public/product-images/g1-prod-068/primary.jpg,VERIFIED,Verified authentic Indian FMCG packaging. Deterministic Supabase Storage path.
69,COCA CALA,Coca-Cola Original Taste Soft Drink 250ml,Coca-Cola,250ml Can,Pieces,beverages,20.0,,VERIFIED,MEDIUM,https://g1mart.in/product/g1-prod-069,,NEEDS_REVIEW,Product identity clear. Exact real Indian packaging photo pending review. Synthetic images purged.
70,Coconut,Fresh Whole Pooja Coconut (Kobbari Kaya),G1 Mart Fresh,1 pc,Pieces,fruits-vegetables,35.0,,VERIFIED,MEDIUM,https://g1mart.in/product/g1-prod-070,,NEEDS_REVIEW,Product identity clear. Exact real Indian packaging photo pending review. Synthetic images purged.
71,COLGATE 100G,Colgate Strong Teeth Dental Paste 100g,Colgate,100g Tube,100G,personal-care,65.0,,VERIFIED,HIGH,https://g1mart.in/product/g1-prod-071,https://pzrigfczxwscpzxkykvf.supabase.co/storage/v1/object/public/product-images/g1-prod-071/primary.jpg,VERIFIED,Verified authentic Indian FMCG packaging. Deterministic Supabase Storage path.
72,Colgate Brash,Colgate Extra Clean Toothbrush,Colgate,Medium,Pieces,personal-care,25.0,,VERIFIED,MEDIUM,https://g1mart.in/product/g1-prod-072,,NEEDS_REVIEW,Product identity clear. Exact real Indian packaging photo pending review. Synthetic images purged.
73,Colgate Brush Set,Colgate ZigZag Toothbrush (Pack of 3),Colgate,Pack of 3,Number,personal-care,90.0,,VERIFIED,MEDIUM,https://g1mart.in/product/g1-prod-073,,NEEDS_REVIEW,Product identity clear. Exact real Indian packaging photo pending review. Synthetic images purged.
74,COLGATE EXTRA MEDIUM,Colgate Extra Clean Medium Toothbrush,Colgate,Medium,Pieces,personal-care,25.0,,VERIFIED,MEDIUM,https://g1mart.in/product/g1-prod-074,,NEEDS_REVIEW,Product identity clear. Exact real Indian packaging photo pending review. Synthetic images purged.
75,COLGATE MAXFESH,Colgate MaxFresh Spicy Red Gel Toothpaste 80g,Colgate,Spicy Fresh 80g,Pieces,personal-care,60.0,,VERIFIED,MEDIUM,https://g1mart.in/product/g1-prod-075,,NEEDS_REVIEW,Product identity clear. Exact real Indian packaging photo pending review. Synthetic images purged.
76,Colgate Softb Kids,Colgate Kids Extra Soft Toothbrush,Colgate,Kids Extra Soft,Pieces,personal-care,40.0,,VERIFIED,MEDIUM,https://g1mart.in/product/g1-prod-076,,NEEDS_REVIEW,Product identity clear. Exact real Indian packaging photo pending review. Synthetic images purged.
77,Colgate Strong Teeth 300g,Colgate Strong Teeth Dental Cream 300g,Colgate,300g Saver Pack,300g,personal-care,165.0,,VERIFIED,MEDIUM,https://g1mart.in/product/g1-prod-077,,NEEDS_REVIEW,Product identity clear. Exact real Indian packaging photo pending review. Synthetic images purged.
78,COLGATE VEDSHIAIKTI 100G,Colgate Vedshakti Ayurvedic Toothpaste 100g,Colgate,100g Tube,100G,personal-care,60.0,,VERIFIED,MEDIUM,https://g1mart.in/product/g1-prod-078,,NEEDS_REVIEW,Product identity clear. Exact real Indian packaging photo pending review. Synthetic images purged.
79,COLOUR PAPAD 250G,Colour Fryums Papad 250g,G1 Mart Selection,250g Pouch,250G,snacks,35.0,,VERIFIED,MEDIUM,https://g1mart.in/product/g1-prod-079,,NEEDS_REVIEW,Product identity clear. Exact real Indian packaging photo pending review. Synthetic images purged.
80,Comfort 30ml,Comfort After Wash Fabric Conditioner 30ml Sachet,Comfort,30ml Sachet,30ml,household,5.0,,VERIFIED,MEDIUM,https://g1mart.in/product/g1-prod-080,,NEEDS_REVIEW,Product identity clear. Exact real Indian packaging photo pending review. Synthetic images purged.
81,Comfort Morning Fresh 210 Ml,Comfort Morning Fresh Fabric Conditioner 210ml,Comfort,Morning Fresh 210ml,210 Ml,household,60.0,,VERIFIED,MEDIUM,https://g1mart.in/product/g1-prod-081,,NEEDS_REVIEW,Product identity clear. Exact real Indian packaging photo pending review. Synthetic images purged.
82,COMFORT ROYAL 80ML,Comfort Royal Fabric Conditioner 80ml,Comfort,Royal 80ml,80ML,household,30.0,,VERIFIED,MEDIUM,https://g1mart.in/product/g1-prod-082,,NEEDS_REVIEW,Product identity clear. Exact real Indian packaging photo pending review. Synthetic images purged.
83,CORIANDER 100G,Whole Coriander Seeds (Dhaniyalu) 100g,G1 Mart Selection,100g,100G,rice-dal-atta,25.0,,VERIFIED,MEDIUM,https://g1mart.in/product/g1-prod-083,,NEEDS_REVIEW,Product identity clear. Exact real Indian packaging photo pending review. Synthetic images purged.
84,CORIANDER POWDER 100G,Pure Coriander Powder (Dhaniyala Podi) 100g,G1 Mart Selection,100g,100G,rice-dal-atta,35.0,,VERIFIED,MEDIUM,https://g1mart.in/product/g1-prod-084,,NEEDS_REVIEW,Product identity clear. Exact real Indian packaging photo pending review. Synthetic images purged.
85,CORIANDER POWDER 50G,Pure Coriander Powder (Dhaniyala Podi) 50g,G1 Mart Selection,50g,50G,rice-dal-atta,18.0,,VERIFIED,MEDIUM,https://g1mart.in/product/g1-prod-085,,NEEDS_REVIEW,Product identity clear. Exact real Indian packaging photo pending review. Synthetic images purged.
86,CORIANDER SEEDS 250G,Whole Coriander Seeds (Dhaniyalu) 250g,G1 Mart Selection,250g,250G,rice-dal-atta,55.0,,VERIFIED,MEDIUM,https://g1mart.in/product/g1-prod-086,,NEEDS_REVIEW,Product identity clear. Exact real Indian packaging photo pending review. Synthetic images purged.
87,CURD,Fresh Traditional Pouch Curd 500g,G1 Mart Fresh,500g Pouch,Pieces,dairy-bakery,35.0,,VERIFIED,MEDIUM,https://g1mart.in/product/g1-prod-087,,NEEDS_REVIEW,Product identity clear. Exact real Indian packaging photo pending review. Synthetic images purged.
88,DABUR RED 100G,Dabur Red Ayurvedic Toothpaste 100g,Dabur,100g Tube,100G,personal-care,60.0,,VERIFIED,MEDIUM,https://g1mart.in/product/g1-prod-088,,NEEDS_REVIEW,Product identity clear. Exact real Indian packaging photo pending review. Synthetic images purged.
89,DABUR RED 300G,Dabur Red Ayurvedic Toothpaste 300g (Family Pack),Dabur,300g Pack,300G,personal-care,155.0,,VERIFIED,MEDIUM,https://g1mart.in/product/g1-prod-089,,NEEDS_REVIEW,Product identity clear. Exact real Indian packaging photo pending review. Synthetic images purged.
90,DABUR RED 50G,Dabur Red Ayurvedic Toothpaste 50g,Dabur,50g Tube,50G,personal-care,30.0,,VERIFIED,MEDIUM,https://g1mart.in/product/g1-prod-090,,NEEDS_REVIEW,Product identity clear. Exact real Indian packaging photo pending review. Synthetic images purged.
91,DAIRY MILK 10RS,Cadbury Dairy Milk Chocolate Bar 12g (Rs 10),Cadbury,12g / Rs 10,10RS,snacks,10.0,,VERIFIED,MEDIUM,https://g1mart.in/product/g1-prod-091,,NEEDS_REVIEW,Product identity clear. Exact real Indian packaging photo pending review. Synthetic images purged.
92,DAIRY MILK 5RS,Cadbury Dairy Milk Chocolate Bar 6.5g (Rs 5),Cadbury,6.5g / Rs 5,5RS,snacks,5.0,,VERIFIED,MEDIUM,https://g1mart.in/product/g1-prod-092,,NEEDS_REVIEW,Product identity clear. Exact real Indian packaging photo pending review. Synthetic images purged.
93,DARK FANTASY,Sunfeast Dark Fantasy Choco Fills 75g,Dark Fantasy,Choco Fills 75g,Pieces,snacks,40.0,,VERIFIED,MEDIUM,https://g1mart.in/product/g1-prod-093,,NEEDS_REVIEW,Product identity clear. Exact real Indian packaging photo pending review. Synthetic images purged.
94,DARK FANTASY BOURBON 90G,Sunfeast Dark Fantasy Bourbon Biscuits 90g,Dark Fantasy,Bourbon 90g,90G,snacks,25.0,,VERIFIED,MEDIUM,https://g1mart.in/product/g1-prod-094,,NEEDS_REVIEW,Product identity clear. Exact real Indian packaging photo pending review. Synthetic images purged.
95,Dark Fantasy Choco Fills 10g,Sunfeast Dark Fantasy Choco Fills Single Cookie (Rs 5),Dark Fantasy,Choco Fills 10g,10g,snacks,5.0,,VERIFIED,MEDIUM,https://g1mart.in/product/g1-prod-095,,NEEDS_REVIEW,Product identity clear. Exact real Indian packaging photo pending review. Synthetic images purged.
96,DARK FANTASY CHOCOLATE COOKIE,Sunfeast Dark Fantasy Choco Meltz 50g,Dark Fantasy,Choco Meltz 50g,Pieces,snacks,30.0,,VERIFIED,MEDIUM,https://g1mart.in/product/g1-prod-096,,NEEDS_REVIEW,Product identity clear. Exact real Indian packaging photo pending review. Synthetic images purged.
97,Dark Fantasy Cookis,Sunfeast Dark Fantasy Choco Nut Fills 75g,Dark Fantasy,Nut Fills 75g,Pieces,snacks,40.0,,VERIFIED,MEDIUM,https://g1mart.in/product/g1-prod-097,,NEEDS_REVIEW,Product identity clear. Exact real Indian packaging photo pending review. Synthetic images purged.
98,DARK FANTASY VANILLA 55G,Sunfeast Dark Fantasy Vanilla Fills 55g,Dark Fantasy,Vanilla Fills 55g,55G,snacks,30.0,,VERIFIED,MEDIUM,https://g1mart.in/product/g1-prod-098,,NEEDS_REVIEW,Product identity clear. Exact real Indian packaging photo pending review. Synthetic images purged.
99,DARK FANTASY5RS,Sunfeast Dark Fantasy Choco Fills (Rs 5 Pack),Dark Fantasy,Rs 5 Pack,5RS,snacks,5.0,,VERIFIED,MEDIUM,https://g1mart.in/product/g1-prod-099,,NEEDS_REVIEW,Product identity clear. Exact real Indian packaging photo pending review. Synthetic images purged.
100,DESI POPZ,GO DESi POPZ Tangy Imli Candy,GO DESi,Imli Pop,Pieces,snacks,5.0,,VERIFIED,MEDIUM,https://g1mart.in/product/g1-prod-100,,NEEDS_REVIEW,Product identity clear. Exact real Indian packaging photo pending review. Synthetic images purged.
101,DETTAL 250 ML,Dettol Antiseptic Liquid Disinfectant 250ml,Dettol,250ml Bottle,250 ML,personal-care,155.0,,VERIFIED,HIGH,https://g1mart.in/product/g1-prod-101,https://pzrigfczxwscpzxkykvf.supabase.co/storage/v1/object/public/product-images/g1-prod-101/primary.jpg,VERIFIED,Verified authentic Indian FMCG packaging. Deterministic Supabase Storage path.
102,DOMEX POWDER,Domex Disinfectant Floor Cleaning Powder,Domex,Powder,Pieces,household,50.0,,VERIFIED,MEDIUM,https://g1mart.in/product/g1-prod-102,,NEEDS_REVIEW,Product identity clear. Exact real Indian packaging photo pending review. Synthetic images purged.
103,DOVE HAIR SHAMPOO6ML,Dove Daily Shine Shampoo 6ml Sachet,Dove,6ml Sachet / Rs 2,6ML,personal-care,2.0,,VERIFIED,MEDIUM,https://g1mart.in/product/g1-prod-103,,NEEDS_REVIEW,Product identity clear. Exact real Indian packaging photo pending review. Synthetic images purged.
104,DOVE SHAMPOO,Dove Intense Repair Shampoo 80ml,Dove,80ml Bottle,Pieces,personal-care,85.0,,VERIFIED,MEDIUM,https://g1mart.in/product/g1-prod-104,,NEEDS_REVIEW,Product identity clear. Exact real Indian packaging photo pending review. Synthetic images purged.
105,DOVE SOP BAR,Dove Cream Beauty Bathing Bar 100g,Dove,100g Bar,Pieces,personal-care,68.0,,VERIFIED,MEDIUM,https://g1mart.in/product/g1-prod-105,,NEEDS_REVIEW,Product identity clear. Exact real Indian packaging photo pending review. Synthetic images purged.
106,DRY NUTS BOL,Dry Fruits & Mixed Nuts Bowl Pack 100g,G1 Mart Selection,100g Bowl,Pieces,snacks,150.0,,VERIFIED,MEDIUM,https://g1mart.in/product/g1-prod-106,,NEEDS_REVIEW,Product identity clear. Exact real Indian packaging photo pending review. Synthetic images purged.
107,DUSTPAN,Heavy Duty Plastic Cleaning Dustpan,G1 Mart Selection,Standard,Pieces,household,60.0,,VERIFIED,MEDIUM,https://g1mart.in/product/g1-prod-107,,NEEDS_REVIEW,Product identity clear. Exact real Indian packaging photo pending review. Synthetic images purged.
108,E BUTES,E Butes Shorthand SKU,,Pieces,Pieces,household,,,NEEDS_REVIEW,LOW,https://g1mart.in/product/g1-prod-108,,NEEDS_REVIEW,Shorthand sales code 'E BUTES'. Unidentifiable without physical SKU check.
109,EAGLE SAMBRANI 50G,Eagle Brand Pure Sambrani Dhoop Cup 50g,Eagle,50g Box,50G,household,40.0,,VERIFIED,MEDIUM,https://g1mart.in/product/g1-prod-109,,NEEDS_REVIEW,Product identity clear. Exact real Indian packaging photo pending review. Synthetic images purged.
110,Ear Buts,Cotton Ear Buds Pack,Ear,Plastic Stem,Pieces,personal-care,,,NEEDS_REVIEW,LOW,https://g1mart.in/product/g1-prod-110,,NEEDS_REVIEW,Unbranded generic ear buds pack. Requires store packaging check.
111,Eggs,Fresh Farm White Eggs (Pack of 6),G1 Mart Fresh,Pack of 6,Pieces,dairy-bakery,42.0,,VERIFIED,MEDIUM,https://g1mart.in/product/g1-prod-111,,NEEDS_REVIEW,Product identity clear. Exact real Indian packaging photo pending review. Synthetic images purged.
112,EGGS TRA,Fresh Farm White Eggs Tray (Pack of 30),G1 Mart Fresh,Tray of 30,Pieces,dairy-bakery,210.0,,VERIFIED,MEDIUM,https://g1mart.in/product/g1-prod-112,,NEEDS_REVIEW,Product identity clear. Exact real Indian packaging photo pending review. Synthetic images purged.
113,ELACHI,Whole Green Cardamom (Yalukalu) 20g,G1 Mart Selection,20g,Pieces,rice-dal-atta,60.0,,VERIFIED,MEDIUM,https://g1mart.in/product/g1-prod-113,,NEEDS_REVIEW,Product identity clear. Exact real Indian packaging photo pending review. Synthetic images purged.
114,ELAICHI 10G,Whole Green Cardamom (Yalukalu) 10g,G1 Mart Selection,10g,10G,rice-dal-atta,30.0,,VERIFIED,MEDIUM,https://g1mart.in/product/g1-prod-114,,NEEDS_REVIEW,Product identity clear. Exact real Indian packaging photo pending review. Synthetic images purged.
115,ELAICHI RUSK 182G,Britannia Toastea Premium Elaichi Rusk 182g,Britannia,Elaichi 182g,182G,snacks,35.0,,VERIFIED,MEDIUM,https://g1mart.in/product/g1-prod-115,,NEEDS_REVIEW,Product identity clear. Exact real Indian packaging photo pending review. Synthetic images purged.
116,ELAICHI RUSK 58G,Britannia Toastea Elaichi Rusk 58g,Britannia,Elaichi 58g,58G,snacks,10.0,,VERIFIED,MEDIUM,https://g1mart.in/product/g1-prod-116,,NEEDS_REVIEW,Product identity clear. Exact real Indian packaging photo pending review. Synthetic images purged.
117,ENDU MERCHI 250G,Guntur Dry Red Chillies (Endu Mirchi) 250g,G1 Mart Selection,250g Pouch,250G,rice-dal-atta,85.0,,VERIFIED,MEDIUM,https://g1mart.in/product/g1-prod-117,,NEEDS_REVIEW,Product identity clear. Exact real Indian packaging photo pending review. Synthetic images purged.
118,ENDU MERCHI 500G,Guntur Dry Red Chillies (Endu Mirchi) 500g,G1 Mart Selection,500g Pouch,500G,rice-dal-atta,165.0,,VERIFIED,MEDIUM,https://g1mart.in/product/g1-prod-118,,NEEDS_REVIEW,Product identity clear. Exact real Indian packaging photo pending review. Synthetic images purged.
119,ENO,Eno Fruit Salt Regular / Lemon 5g Sachet,Eno,5g Sachet,Pieces,household,9.0,,VERIFIED,MEDIUM,https://g1mart.in/product/g1-prod-119,,NEEDS_REVIEW,Product identity clear. Exact real Indian packaging photo pending review. Synthetic images purged.
120,EXO,Exo Touch & Shine Anti-Bacterial Dishwash Bar 150g,Exo,150g Bar,Pieces,household,20.0,,VERIFIED,MEDIUM,https://g1mart.in/product/g1-prod-120,,NEEDS_REVIEW,Product identity clear. Exact real Indian packaging photo pending review. Synthetic images purged.
121,Exo 10,Exo Touch & Shine Dishwash Bar (Rs 10 Pack),Exo,Rs 10 Pack,Pieces,household,10.0,,VERIFIED,MEDIUM,https://g1mart.in/product/g1-prod-121,,NEEDS_REVIEW,Product identity clear. Exact real Indian packaging photo pending review. Synthetic images purged.
122,Exo 5,Exo Dishwash Bar (Rs 5 Pack),Exo,Rs 5 Pack,Pieces,household,5.0,,VERIFIED,MEDIUM,https://g1mart.in/product/g1-prod-122,,NEEDS_REVIEW,Product identity clear. Exact real Indian packaging photo pending review. Synthetic images purged.
123,EXO POWDER 5600G,Exo Super Dishwash Powder 500g,Exo,500g Tub / Pack,5600G,household,40.0,,VERIFIED,MEDIUM,https://g1mart.in/product/g1-prod-123,,NEEDS_REVIEW,Product identity clear. Exact real Indian packaging photo pending review. Synthetic images purged.
124,EXO SCRUBRS,Exo Stainless Steel Dishwash Scrubber,Exo,Steel Scrubber,Pieces,household,15.0,,VERIFIED,MEDIUM,https://g1mart.in/product/g1-prod-124,,NEEDS_REVIEW,Product identity clear. Exact real Indian packaging photo pending review. Synthetic images purged.
125,FAB LIQ 825G,Henko Matic / Fab Liquid Detergent 825ml,Henko,825ml Bottle,825G,household,165.0,,VERIFIED,MEDIUM,https://g1mart.in/product/g1-prod-125,,NEEDS_REVIEW,Product identity clear. Exact real Indian packaging photo pending review. Synthetic images purged.
126,FAB LIQUID 10,Fab Liquid Detergent Sachet (Rs 10),Henko,Rs 10 Sachet,Pieces,household,10.0,,VERIFIED,MEDIUM,https://g1mart.in/product/g1-prod-126,,NEEDS_REVIEW,Product identity clear. Exact real Indian packaging photo pending review. Synthetic images purged.
127,FAIR LOVELI RE NEW 2.78G,Glow & Lovely Advanced Multivitamin Cream 9g,Glow & Lovely,9g Tube,2.78G,personal-care,25.0,,VERIFIED,MEDIUM,https://g1mart.in/product/g1-prod-127,,NEEDS_REVIEW,Product identity clear. Exact real Indian packaging photo pending review. Synthetic images purged.
128,FANTA 10RUPEES,Fanta Orange Flavoured Carbonated Drink (Rs 10 Returnable / Mini Can),Fanta,Rs 10 Pack,Pieces,beverages,10.0,,VERIFIED,MEDIUM,https://g1mart.in/product/g1-prod-128,,NEEDS_REVIEW,Product identity clear. Exact real Indian packaging photo pending review. Synthetic images purged.
129,FINGER MILLET 500G,Whole Finger Millet / Ragi Seeds 500g,G1 Mart Selection,500g,500G,rice-dal-atta,45.0,,VERIFIED,MEDIUM,https://g1mart.in/product/g1-prod-129,,NEEDS_REVIEW,Product identity clear. Exact real Indian packaging photo pending review. Synthetic images purged.
130,FLAIR CARBONIX0.7MM,Flair Carbonix 0.7mm Ball Pen,Flair,0.7mm Ball Pen,Pieces,household,10.0,,VERIFIED,MEDIUM,https://g1mart.in/product/g1-prod-130,,NEEDS_REVIEW,Product identity clear. Exact real Indian packaging photo pending review. Synthetic images purged.
131,FLATTENED RICE 250G,Flattened Rice / Medium Poha (Atukulu) 250g,G1 Mart Selection,250g Pouch,250G,rice-dal-atta,25.0,,VERIFIED,MEDIUM,https://g1mart.in/product/g1-prod-131,,NEEDS_REVIEW,Product identity clear. Exact real Indian packaging photo pending review. Synthetic images purged.
132,FLATTENED RICE 500G,Flattened Rice / Medium Poha (Atukulu) 500g,G1 Mart Selection,500g Pouch,500G,rice-dal-atta,48.0,,VERIFIED,MEDIUM,https://g1mart.in/product/g1-prod-132,,NEEDS_REVIEW,Product identity clear. Exact real Indian packaging photo pending review. Synthetic images purged.
133,FOGG SPRAY,Fogg Fresh Oriental / Master Body Spray 120ml,Fogg,120ml,Pieces,personal-care,225.0,,VERIFIED,MEDIUM,https://g1mart.in/product/g1-prod-133,,NEEDS_REVIEW,Product identity clear. Exact real Indian packaging photo pending review. Synthetic images purged.
134,Freedam Oil 500ml,Freedom Refined Sunflower Oil 500ml,Freedom,500ml Pouch,500ml,rice-dal-atta,75.0,,VERIFIED,MEDIUM,https://g1mart.in/product/g1-prod-134,,NEEDS_REVIEW,Product identity clear. Exact real Indian packaging photo pending review. Synthetic images purged.
135,Freedom 1LT,Freedom Refined Sunflower Oil 1L Pouch,Freedom,1L Pouch,1L,rice-dal-atta,145.0,,VERIFIED,MEDIUM,https://g1mart.in/product/g1-prod-135,,NEEDS_REVIEW,Product identity clear. Exact real Indian packaging photo pending review. Synthetic images purged.
136,FREEDOM GROUNDNUT OLI 1L,Freedom Filtered Groundnut Oil 1L Pouch,Freedom,Groundnut Oil 1L,1L,rice-dal-atta,195.0,,VERIFIED,MEDIUM,https://g1mart.in/product/g1-prod-136,,NEEDS_REVIEW,Product identity clear. Exact real Indian packaging photo pending review. Synthetic images purged.
137,FREEDOM OIL 1L,Freedom Refined Sunflower Oil 1L Pouch,Freedom,1L Pouch,1L,rice-dal-atta,145.0,,VERIFIED,MEDIUM,https://g1mart.in/product/g1-prod-137,,NEEDS_REVIEW,Product identity clear. Exact real Indian packaging photo pending review. Synthetic images purged.
138,FREEDOM RICE 1L,Freedom Physically Refined Rice Bran Oil 1L,Freedom,Rice Bran 1L,1L,rice-dal-atta,155.0,,VERIFIED,MEDIUM,https://g1mart.in/product/g1-prod-138,,NEEDS_REVIEW,Product identity clear. Exact real Indian packaging photo pending review. Synthetic images purged.
139,Fried Rice Masala 20g,Ching's Secret Fried Rice Masala 20g,Ching's Secret,20g Sachet,20g,rice-dal-atta,10.0,,VERIFIED,MEDIUM,https://g1mart.in/product/g1-prod-139,,NEEDS_REVIEW,Product identity clear. Exact real Indian packaging photo pending review. Synthetic images purged.
140,Gadda Camphpr 25g,Pure Pooja Camphor Lump (Gadda Karpooram) 25g,G1 Mart Selection,25g Pack,25g,household,30.0,,VERIFIED,MEDIUM,https://g1mart.in/product/g1-prod-140,,NEEDS_REVIEW,Product identity clear. Exact real Indian packaging photo pending review. Synthetic images purged.
141,GANGI PENDI 100G,Laundry Starch Powder (Gangi Pindi) 100g,G1 Mart Selection,100g,100G,household,20.0,,VERIFIED,MEDIUM,https://g1mart.in/product/g1-prod-141,,NEEDS_REVIEW,Product identity clear. Exact real Indian packaging photo pending review. Synthetic images purged.
142,GARLIC MIXTURE 100G,Spicy Garlic Namkeen Mixture (Vellulli Mixture) 100g,G1 Mart Selection,100g Pouch,100G,snacks,30.0,,VERIFIED,MEDIUM,https://g1mart.in/product/g1-prod-142,,NEEDS_REVIEW,Product identity clear. Exact real Indian packaging photo pending review. Synthetic images purged.
143,GARNIER F . W,Garnier Skin Naturals Bright Complete Face Wash 50g,Garnier,50g Tube,Pieces,personal-care,99.0,,VERIFIED,MEDIUM,https://g1mart.in/product/g1-prod-143,,NEEDS_REVIEW,Product identity clear. Exact real Indian packaging photo pending review. Synthetic images purged.
144,GAYATHARI SAMBRANI STICK,Gayathri Dhoop Sambrani Sticks (Pack of 10),Gayathri,10 sticks,Pieces,household,20.0,,VERIFIED,MEDIUM,https://g1mart.in/product/g1-prod-144,,NEEDS_REVIEW,Product identity clear. Exact real Indian packaging photo pending review. Synthetic images purged.
145,Gelakara 50g,Whole Cumin Seeds (Jeelakarra) 50g,G1 Mart Selection,50g Pouch,50g,rice-dal-atta,35.0,,VERIFIED,MEDIUM,https://g1mart.in/product/g1-prod-145,,NEEDS_REVIEW,Product identity clear. Exact real Indian packaging photo pending review. Synthetic images purged.
146,GEMINI TEE 100G,Tata Gemini Strong Dust Tea 100g,Gemini,100g Pouch,100G,beverages,40.0,,VERIFIED,MEDIUM,https://g1mart.in/product/g1-prod-146,,NEEDS_REVIEW,Product identity clear. Exact real Indian packaging photo pending review. Synthetic images purged.
147,Gilakara 100g,Whole Cumin Seeds (Jeelakarra) 100g,G1 Mart Selection,100g Pouch,100g,rice-dal-atta,65.0,,VERIFIED,MEDIUM,https://g1mart.in/product/g1-prod-147,,NEEDS_REVIEW,Product identity clear. Exact real Indian packaging photo pending review. Synthetic images purged.
148,Gkl Black Dates,Gokulam Premium Black Dates 500g,Gokulam,500g Box,Pouches,snacks,160.0,,VERIFIED,MEDIUM,https://g1mart.in/product/g1-prod-148,,NEEDS_REVIEW,Product identity clear. Exact real Indian packaging photo pending review. Synthetic images purged.
149,GKL SEEDED 250G,GKL Seeded Dates 250g,Gkl,250g,250G,snacks,,,NEEDS_REVIEW,LOW,https://g1mart.in/product/g1-prod-149,,NEEDS_REVIEW,Shorthand sales code 'GKL SEEDED 250G'. Ambiguous regional entry.
150,GLOW & LOVELY,Glow & Lovely Advanced Multivitamin Cream 25g,Glow & Lovely,25g Tube,Pieces,personal-care,65.0,,VERIFIED,MEDIUM,https://g1mart.in/product/g1-prod-150,,NEEDS_REVIEW,Product identity clear. Exact real Indian packaging photo pending review. Synthetic images purged.
151,Glow&lovely 20g,Glow & Lovely Advanced Multivitamin Cream 20g,Glow & Lovely,20g Tube,20g,personal-care,55.0,,VERIFIED,MEDIUM,https://g1mart.in/product/g1-prod-151,,NEEDS_REVIEW,Product identity clear. Exact real Indian packaging photo pending review. Synthetic images purged.
152,GN GOLD LIQ,Goodnight Gold Flash Mosquito Liquid Refill 45ml,Goodknight,45ml Refill,Pieces,household,85.0,,VERIFIED,MEDIUM,https://g1mart.in/product/g1-prod-152,,NEEDS_REVIEW,Product identity clear. Exact real Indian packaging photo pending review. Synthetic images purged.
153,GN GOLD MATCH,Goodnight Gold Flash Machine & Refill Combo,Goodknight,Machine + 45ml,Pieces,household,110.0,,VERIFIED,MEDIUM,https://g1mart.in/product/g1-prod-153,,NEEDS_REVIEW,Product identity clear. Exact real Indian packaging photo pending review. Synthetic images purged.
154,GOKILAM DATES 250G,Gokulam Premium Wet Dates 250g,Gokulam,250g Pack,250G,snacks,75.0,,VERIFIED,MEDIUM,https://g1mart.in/product/g1-prod-154,,NEEDS_REVIEW,Product identity clear. Exact real Indian packaging photo pending review. Synthetic images purged.
155,GOKUL SANTOL POWDER 30G,Gokul Santol Pure Sandal Talc 30g,Gokul,30g,30G,personal-care,,,NEEDS_REVIEW,LOW,https://g1mart.in/product/g1-prod-155,,NEEDS_REVIEW,Ambiguous shorthand 'GOKUL SANTOL POWDER 30G'. Regional talc variant.
156,Gokulam Dates,Gokulam Premium Seedless Dates 500g,Gokulam,500g,Pieces,snacks,150.0,,VERIFIED,MEDIUM,https://g1mart.in/product/g1-prod-156,,NEEDS_REVIEW,Product identity clear. Exact real Indian packaging photo pending review. Synthetic images purged.
157,GONGURA PICKELS 60G,Priya Gongura Pickle with Garlic 60g Sachet,Priya,60g Sachet / Rs 10,60G,rice-dal-atta,10.0,,VERIFIED,MEDIUM,https://g1mart.in/product/g1-prod-157,,NEEDS_REVIEW,Product identity clear. Exact real Indian packaging photo pending review. Synthetic images purged.
158,Gopuram,Gopuram Pure Pooja Turmeric Powder (Pasupu) 50g,Gopuram,50g Pouch,Pieces,household,25.0,,VERIFIED,MEDIUM,https://g1mart.in/product/g1-prod-158,,NEEDS_REVIEW,Product identity clear. Exact real Indian packaging photo pending review. Synthetic images purged.
159,GOPURAM 20G,Gopuram Pure Pooja Turmeric Powder (Pasupu) 20g,Gopuram,20g Pouch,20G,household,10.0,,VERIFIED,MEDIUM,https://g1mart.in/product/g1-prod-159,,NEEDS_REVIEW,Product identity clear. Exact real Indian packaging photo pending review. Synthetic images purged.
160,Gopuram Turmeric Powder 20g,Gopuram Pure Turmeric Powder 20g,Gopuram,20g,20g,household,10.0,,VERIFIED,MEDIUM,https://g1mart.in/product/g1-prod-160,,NEEDS_REVIEW,Product identity clear. Exact real Indian packaging photo pending review. Synthetic images purged.
161,Gopuram Turmeric Powder 50,Gopuram Pure Turmeric Powder 50g,Gopuram,50g,Pieces,household,25.0,,VERIFIED,MEDIUM,https://g1mart.in/product/g1-prod-161,,NEEDS_REVIEW,Product identity clear. Exact real Indian packaging photo pending review. Synthetic images purged.
162,GRB GHEE,GRB Pure Cow Ghee 200ml Pouch,GRB,200ml Pouch,Pieces,dairy-bakery,165.0,,VERIFIED,MEDIUM,https://g1mart.in/product/g1-prod-162,,NEEDS_REVIEW,Product identity clear. Exact real Indian packaging photo pending review. Synthetic images purged.
163,GRB GHEE50ML,GRB Pure Cow Ghee 50ml Sachet,GRB,50ml,50ML,dairy-bakery,45.0,,VERIFIED,MEDIUM,https://g1mart.in/product/g1-prod-163,,NEEDS_REVIEW,Product identity clear. Exact real Indian packaging photo pending review. Synthetic images purged.
164,GULAB JAM (1+1) 160GM,MTR Gulab Jamun Instant Mix (1+1 Offer) 160g+160g,MTR,160g (1+1 Combo),160G,snacks,120.0,,VERIFIED,MEDIUM,https://g1mart.in/product/g1-prod-164,,NEEDS_REVIEW,Product identity clear. Exact real Indian packaging photo pending review. Synthetic images purged.
165,GULAB JAMUM MIX,Gits Gulab Jamun Instant Mix 200g,Gits,200g Box,Pieces,snacks,85.0,,VERIFIED,MEDIUM,https://g1mart.in/product/g1-prod-165,,NEEDS_REVIEW,Product identity clear. Exact real Indian packaging photo pending review. Synthetic images purged.
166,GUM 5RS,Fevicol MR / Kores Synthetic Gum (Rs 5 Tube),Pidilite,Rs 5 Pack,5RS,household,5.0,,VERIFIED,MEDIUM,https://g1mart.in/product/g1-prod-166,,NEEDS_REVIEW,Product identity clear. Exact real Indian packaging photo pending review. Synthetic images purged.
167,Harpic Blue 600m,Harpic Disinfectant Bathroom & Toilet Cleaner Blue 600ml,Harpic,Power Plus 600ml,Pieces,household,115.0,,VERIFIED,MEDIUM,https://g1mart.in/product/g1-prod-167,,NEEDS_REVIEW,Product identity clear. Exact real Indian packaging photo pending review. Synthetic images purged.
168,Harpic Red 500ml,Harpic Bathroom Cleaner Power Plus Red 500ml,Harpic,Red 500ml,500ml,household,105.0,,VERIFIED,MEDIUM,https://g1mart.in/product/g1-prod-168,,NEEDS_REVIEW,Product identity clear. Exact real Indian packaging photo pending review. Synthetic images purged.
169,HATSUN CURD,Hatsun Daily Fresh Curd 500g Pouch,Hatsun,500g Pouch,Pieces,dairy-bakery,35.0,,VERIFIED,MEDIUM,https://g1mart.in/product/g1-prod-169,,NEEDS_REVIEW,Product identity clear. Exact real Indian packaging photo pending review. Synthetic images purged.
170,HEAD AND SHOULDER 2RS,Head & Shoulders Anti-Dandruff Cool Menthol Shampoo (Rs 2 Sachet),Head & Shoulders,Rs 2 Sachet,2RS,personal-care,2.0,,VERIFIED,MEDIUM,https://g1mart.in/product/g1-prod-170,,NEEDS_REVIEW,Product identity clear. Exact real Indian packaging photo pending review. Synthetic images purged.
171,HIDE&SEEK BISCUITS 10RS,HIDE&SEEK BISCUITS 10RS,Hide & Seek,10RS,10RS,snacks,,,VERIFIED,MEDIUM,https://g1mart.in/product/g1-prod-171,,NEEDS_REVIEW,Product identity clear. Exact real Indian packaging photo pending review. Synthetic images purged.
172,HORLICKS,HORLICKS,Horlicks,Packs,Packs,beverages,,,VERIFIED,MEDIUM,https://g1mart.in/product/g1-prod-172,,NEEDS_REVIEW,Product identity clear. Exact real Indian packaging photo pending review. Synthetic images purged.
173,Horlicks 500g,Horlicks 500g,Horlicks,500g,500g,beverages,,,VERIFIED,MEDIUM,https://g1mart.in/product/g1-prod-173,,NEEDS_REVIEW,Product identity clear. Exact real Indian packaging photo pending review. Synthetic images purged.
174,Horlicks Biscuit Small,Horlicks Biscuit Small,Horlicks,Number,Number,beverages,,,VERIFIED,MEDIUM,https://g1mart.in/product/g1-prod-174,,NEEDS_REVIEW,Product identity clear. Exact real Indian packaging photo pending review. Synthetic images purged.
175,Horlicks Biscuits,Horlicks Biscuits,Horlicks,Number,Number,beverages,,,VERIFIED,MEDIUM,https://g1mart.in/product/g1-prod-175,,NEEDS_REVIEW,Product identity clear. Exact real Indian packaging photo pending review. Synthetic images purged.
176,HORLICKS BISCUITS,HORLICKS BISCUITS,Horlicks,Pieces,Pieces,beverages,,,VERIFIED,MEDIUM,https://g1mart.in/product/g1-prod-176,,NEEDS_REVIEW,Product identity clear. Exact real Indian packaging photo pending review. Synthetic images purged.
177,HR CHEKARALU 150G,HR CHEKARALU 150G,Haldiram's,150G,150G,snacks,,,VERIFIED,MEDIUM,https://g1mart.in/product/g1-prod-177,,NEEDS_REVIEW,Product identity clear. Exact real Indian packaging photo pending review. Synthetic images purged.
178,HR CORN FLAKES MIXTURE 24G,HR CORN FLAKES MIXTURE 24G,Haldiram's,24G,24G,snacks,,,VERIFIED,MEDIUM,https://g1mart.in/product/g1-prod-178,,NEEDS_REVIEW,Product identity clear. Exact real Indian packaging photo pending review. Synthetic images purged.
179,HR KHATTA MEETHA 48G,HR KHATTA MEETHA 48G,Haldiram's,48G,48G,snacks,,,VERIFIED,MEDIUM,https://g1mart.in/product/g1-prod-179,,NEEDS_REVIEW,Product identity clear. Exact real Indian packaging photo pending review. Synthetic images purged.
180,HR MASALA PEANUTS 34G,HR MASALA PEANUTS 34G,Haldiram's,34G,34G,rice-dal-atta,,,VERIFIED,MEDIUM,https://g1mart.in/product/g1-prod-180,,NEEDS_REVIEW,Product identity clear. Exact real Indian packaging photo pending review. Synthetic images purged.
181,HR MOONG DAL 200G,HR MOONG DAL 200G,Haldiram's,200G,200G,rice-dal-atta,,,VERIFIED,MEDIUM,https://g1mart.in/product/g1-prod-181,,NEEDS_REVIEW,Product identity clear. Exact real Indian packaging photo pending review. Synthetic images purged.
182,HR MOONG DAL 35G,HR MOONG DAL 35G,Haldiram's,35G,35G,rice-dal-atta,,,VERIFIED,MEDIUM,https://g1mart.in/product/g1-prod-182,,NEEDS_REVIEW,Product identity clear. Exact real Indian packaging photo pending review. Synthetic images purged.
183,HR SOYA CHIPS 42G,HR SOYA CHIPS 42G,Haldiram's,42G,42G,snacks,,,VERIFIED,MEDIUM,https://g1mart.in/product/g1-prod-183,,NEEDS_REVIEW,Product identity clear. Exact real Indian packaging photo pending review. Synthetic images purged.
184,HR TASTY NUTS 38G,HR TASTY NUTS 38G,Haldiram's,38G,38G,snacks,,,VERIFIED,MEDIUM,https://g1mart.in/product/g1-prod-184,,NEEDS_REVIEW,Product identity clear. Exact real Indian packaging photo pending review. Synthetic images purged.
185,IMMUNITY BOOSTING,IMMUNITY BOOSTING,Immunity,Pieces,Pieces,groceries,,,VERIFIED,MEDIUM,https://g1mart.in/product/g1-prod-185,,NEEDS_REVIEW,Product identity clear. Exact real Indian packaging photo pending review. Synthetic images purged.
186,INDIA GATE 1KG,INDIA GATE 1KG,India Gate,1KG,1KG,rice-dal-atta,,,VERIFIED,MEDIUM,https://g1mart.in/product/g1-prod-186,,NEEDS_REVIEW,Product identity clear. Exact real Indian packaging photo pending review. Synthetic images purged.
187,ITC CHIKKIN MASALA 50G,ITC CHIKKIN MASALA 50G,ITC,50G,50G,rice-dal-atta,,,VERIFIED,MEDIUM,https://g1mart.in/product/g1-prod-187,,NEEDS_REVIEW,Product identity clear. Exact real Indian packaging photo pending review. Synthetic images purged.
188,ITC GARAM MASALA 50G,ITC GARAM MASALA 50G,ITC,50G,50G,rice-dal-atta,,,VERIFIED,MEDIUM,https://g1mart.in/product/g1-prod-188,,NEEDS_REVIEW,Product identity clear. Exact real Indian packaging photo pending review. Synthetic images purged.
189,JAGGERY 1KG,JAGGERY 1KG,Jaggery,1KG,1KG,rice-dal-atta,,,VERIFIED,MEDIUM,https://g1mart.in/product/g1-prod-189,,NEEDS_REVIEW,Product identity clear. Exact real Indian packaging photo pending review. Synthetic images purged.
190,JAGGERY 500G,JAGGERY 500G,Jaggery,500G,500G,rice-dal-atta,,,VERIFIED,MEDIUM,https://g1mart.in/product/g1-prod-190,,NEEDS_REVIEW,Product identity clear. Exact real Indian packaging photo pending review. Synthetic images purged.
191,JAM OJAM,JAM OJAM,Jam,Pieces,Pieces,groceries,,,VERIFIED,MEDIUM,https://g1mart.in/product/g1-prod-191,,NEEDS_REVIEW,Product identity clear. Exact real Indian packaging photo pending review. Synthetic images purged.
192,Jeedi Pappu 100g,Jeedi Pappu 100g,Jeedi,100g,100g,rice-dal-atta,,,VERIFIED,MEDIUM,https://g1mart.in/product/g1-prod-192,,NEEDS_REVIEW,Product identity clear. Exact real Indian packaging photo pending review. Synthetic images purged.
193,Jeedi Pappu 250g,Jeedi Pappu 250g,Jeedi,250g,250g,rice-dal-atta,,,VERIFIED,MEDIUM,https://g1mart.in/product/g1-prod-193,,NEEDS_REVIEW,Product identity clear. Exact real Indian packaging photo pending review. Synthetic images purged.
194,Jeedi Pappu 50g,Jeedi Pappu 50g,Jeedi,50g,50g,rice-dal-atta,,,VERIFIED,MEDIUM,https://g1mart.in/product/g1-prod-194,,NEEDS_REVIEW,Product identity clear. Exact real Indian packaging photo pending review. Synthetic images purged.
195,JEERA 100G,JEERA 100G,Jeera,100G,100G,rice-dal-atta,,,VERIFIED,MEDIUM,https://g1mart.in/product/g1-prod-195,,NEEDS_REVIEW,Product identity clear. Exact real Indian packaging photo pending review. Synthetic images purged.
196,JEERA 250G,JEERA 250G,Jeera,250G,250G,rice-dal-atta,,,VERIFIED,MEDIUM,https://g1mart.in/product/g1-prod-196,,NEEDS_REVIEW,Product identity clear. Exact real Indian packaging photo pending review. Synthetic images purged.
197,JEERA 50G,JEERA 50G,Jeera,50G,50G,rice-dal-atta,,,VERIFIED,MEDIUM,https://g1mart.in/product/g1-prod-197,,NEEDS_REVIEW,Product identity clear. Exact real Indian packaging photo pending review. Synthetic images purged.
198,JS OILE 800ML,JS OILE 800ML,,800ML,800ML,rice-dal-atta,,,VERIFIED,MEDIUM,https://g1mart.in/product/g1-prod-198,,NEEDS_REVIEW,Product identity clear. Exact real Indian packaging photo pending review. Synthetic images purged.
199,JS OILE DEEPAM 400ML,JS OILE DEEPAM 400ML,,400ML,400ML,rice-dal-atta,,,VERIFIED,MEDIUM,https://g1mart.in/product/g1-prod-199,,NEEDS_REVIEW,Product identity clear. Exact real Indian packaging photo pending review. Synthetic images purged.
200,JS OILS 180ML,JS OILS 180ML,,180ML,180ML,rice-dal-atta,,,VERIFIED,MEDIUM,https://g1mart.in/product/g1-prod-200,,NEEDS_REVIEW,Product identity clear. Exact real Indian packaging photo pending review. Synthetic images purged.
201,KALKANDA CANDY 250G,KALKANDA CANDY 250G,Kalkanda,250G,250G,snacks,,,VERIFIED,MEDIUM,https://g1mart.in/product/g1-prod-201,,NEEDS_REVIEW,Product identity clear. Exact real Indian packaging photo pending review. Synthetic images purged.
202,Kandipappu 1kg,Kandipappu 1kg,Kandipappu,1kg,1kg,rice-dal-atta,,,VERIFIED,MEDIUM,https://g1mart.in/product/g1-prod-202,,NEEDS_REVIEW,Product identity clear. Exact real Indian packaging photo pending review. Synthetic images purged.
203,Kandipappu 500g,Kandipappu 500g,Kandipappu,500g,500g,rice-dal-atta,,,VERIFIED,MEDIUM,https://g1mart.in/product/g1-prod-203,,NEEDS_REVIEW,Product identity clear. Exact real Indian packaging photo pending review. Synthetic images purged.
204,KASTURI APPALAM 40G,KASTURI APPALAM 40G,Kasturi,40G,40G,rice-dal-atta,,,VERIFIED,MEDIUM,https://g1mart.in/product/g1-prod-204,,NEEDS_REVIEW,Product identity clear. Exact real Indian packaging photo pending review. Synthetic images purged.
205,KASURI METHI 10G,KASURI METHI 10G,Kasuri,10G,10G,groceries,,,VERIFIED,MEDIUM,https://g1mart.in/product/g1-prod-205,,NEEDS_REVIEW,Product identity clear. Exact real Indian packaging photo pending review. Synthetic images purged.
206,KINDAR JOYS 25,KINDAR JOYS 25,Kinder Joy,Pieces,Pieces,groceries,,,VERIFIED,MEDIUM,https://g1mart.in/product/g1-prod-206,,NEEDS_REVIEW,Product identity clear. Exact real Indian packaging photo pending review. Synthetic images purged.
207,KINDER JOY (B),KINDER JOY (B),Kinder Joy,Pieces,Pieces,groceries,,,VERIFIED,MEDIUM,https://g1mart.in/product/g1-prod-207,,NEEDS_REVIEW,Product identity clear. Exact real Indian packaging photo pending review. Synthetic images purged.
208,KINLEY 500ML,KINLEY 500ML,Kinley,500ML,500ML,beverages,,,VERIFIED,MEDIUM,https://g1mart.in/product/g1-prod-208,,NEEDS_REVIEW,Product identity clear. Exact real Indian packaging photo pending review. Synthetic images purged.
209,KINLEY SALTY LEMON SODA,KINLEY SALTY LEMON SODA,Kinley,Pieces,Pieces,beverages,,,VERIFIED,MEDIUM,https://g1mart.in/product/g1-prod-209,,NEEDS_REVIEW,Product identity clear. Exact real Indian packaging photo pending review. Synthetic images purged.
210,KINLEYSTRONG SODA,KINLEYSTRONG SODA,Kinleystrong,Pieces,Pieces,beverages,,,VERIFIED,MEDIUM,https://g1mart.in/product/g1-prod-210,,NEEDS_REVIEW,Product identity clear. Exact real Indian packaging photo pending review. Synthetic images purged.
211,KISAN JAM,KISAN JAM,Kissan,Packs,Packs,groceries,,,VERIFIED,MEDIUM,https://g1mart.in/product/g1-prod-211,,NEEDS_REVIEW,Product identity clear. Exact real Indian packaging photo pending review. Synthetic images purged.
212,KISAN TOMOTA KETCHUP,KISAN TOMOTA KETCHUP,Kissan,Packs,Packs,groceries,,,VERIFIED,MEDIUM,https://g1mart.in/product/g1-prod-212,,NEEDS_REVIEW,Product identity clear. Exact real Indian packaging photo pending review. Synthetic images purged.
213,KISMIS 100G,KISMIS 100G,Kismis,100G,100G,rice-dal-atta,,,VERIFIED,MEDIUM,https://g1mart.in/product/g1-prod-213,,NEEDS_REVIEW,Product identity clear. Exact real Indian packaging photo pending review. Synthetic images purged.
214,KISMIS 50G,KISMIS 50G,Kismis,50G,50G,rice-dal-atta,,,VERIFIED,MEDIUM,https://g1mart.in/product/g1-prod-214,,NEEDS_REVIEW,Product identity clear. Exact real Indian packaging photo pending review. Synthetic images purged.
215,KITKAT,KITKAT,KitKat,Pieces,Pieces,snacks,,,NEEDS_REVIEW,LOW,https://g1mart.in/product/g1-prod-215,,NEEDS_REVIEW,Ambiguous shorthand 'KEERTHI'. Regional unstandardized brand entry.
216,KNORR CUP SOUP,KNORR CUP SOUP,Knorr,Pieces,Pieces,beverages,,,VERIFIED,MEDIUM,https://g1mart.in/product/g1-prod-216,,NEEDS_REVIEW,Product identity clear. Exact real Indian packaging photo pending review. Synthetic images purged.
217,KNORR DARK SOYA SAS,KNORR DARK SOYA SAS,Knorr,Pieces,Pieces,groceries,,,VERIFIED,MEDIUM,https://g1mart.in/product/g1-prod-217,,NEEDS_REVIEW,Product identity clear. Exact real Indian packaging photo pending review. Synthetic images purged.
218,KNORR RED CHILLI SAUCE 200G,KNORR RED CHILLI SAUCE 200G,Knorr,200G,200G,groceries,,,VERIFIED,MEDIUM,https://g1mart.in/product/g1-prod-218,,NEEDS_REVIEW,Product identity clear. Exact real Indian packaging photo pending review. Synthetic images purged.
219,KURNOOL RIC BAG 25KG,KURNOOL RIC BAG 25KG,Kurnool,25KG,25KG,rice-dal-atta,,,VERIFIED,MEDIUM,https://g1mart.in/product/g1-prod-219,,NEEDS_REVIEW,Product identity clear. Exact real Indian packaging photo pending review. Synthetic images purged.
220,Lakme 2in1,Lakme 2in1,Lakme,2in1,Pieces,personal-care,,,VERIFIED,MEDIUM,https://g1mart.in/product/g1-prod-220,,NEEDS_REVIEW,Product identity clear. Exact real Indian packaging photo pending review. Synthetic images purged.
221,Lalitha Idly Ravva 1kg,Lalitha Idly Ravva 1kg,Lalitha,1kg,1kg,rice-dal-atta,,,VERIFIED,MEDIUM,https://g1mart.in/product/g1-prod-221,,NEEDS_REVIEW,Product identity clear. Exact real Indian packaging photo pending review. Synthetic images purged.
222,Launch Plate,Launch Plate,Launch,Packs,Packs,groceries,,,VERIFIED,MEDIUM,https://g1mart.in/product/g1-prod-222,,NEEDS_REVIEW,Product identity clear. Exact real Indian packaging photo pending review. Synthetic images purged.
223,LAVENDER,LAVENDER,Lavender,Pieces,Pieces,groceries,,,VERIFIED,MEDIUM,https://g1mart.in/product/g1-prod-223,,NEEDS_REVIEW,Product identity clear. Exact real Indian packaging photo pending review. Synthetic images purged.
224,LG ENGIVA 50G,LG ENGIVA 50G,LG,50G,50G,rice-dal-atta,,,VERIFIED,MEDIUM,https://g1mart.in/product/g1-prod-224,,NEEDS_REVIEW,Product identity clear. Exact real Indian packaging photo pending review. Synthetic images purged.
225,LGV 10G,LGV 10G,LG,10G,10G,rice-dal-atta,,,VERIFIED,MEDIUM,https://g1mart.in/product/g1-prod-225,,NEEDS_REVIEW,Product identity clear. Exact real Indian packaging photo pending review. Synthetic images purged.
226,LIMCA 10RUPEES,LIMCA 10RUPEES,Limca,Pieces,Pieces,beverages,,,VERIFIED,MEDIUM,https://g1mart.in/product/g1-prod-226,,NEEDS_REVIEW,Product identity clear. Exact real Indian packaging photo pending review. Synthetic images purged.
227,LION HONEY 250G,LION HONEY 250G,Lion,250G,250G,rice-dal-atta,,,VERIFIED,MEDIUM,https://g1mart.in/product/g1-prod-227,,NEEDS_REVIEW,Product identity clear. Exact real Indian packaging photo pending review. Synthetic images purged.
228,LION HONEY SET 250G,LION HONEY SET 250G,Lion,250G,250G,rice-dal-atta,,,VERIFIED,MEDIUM,https://g1mart.in/product/g1-prod-228,,NEEDS_REVIEW,Product identity clear. Exact real Indian packaging photo pending review. Synthetic images purged.
229,LIRIL LIMEN,LIRIL LIMEN,Liril,Pieces,Pieces,personal-care,,,VERIFIED,MEDIUM,https://g1mart.in/product/g1-prod-229,,NEEDS_REVIEW,Product identity clear. Exact real Indian packaging photo pending review. Synthetic images purged.
230,LOTTE CHOCO PIE,LOTTE CHOCO PIE,Lotte,Pieces,Pieces,snacks,,,VERIFIED,MEDIUM,https://g1mart.in/product/g1-prod-230,,NEEDS_REVIEW,Product identity clear. Exact real Indian packaging photo pending review. Synthetic images purged.
231,LUX GLUTATHIONE,LUX GLUTATHIONE,Lux,Pieces,Pieces,personal-care,,,VERIFIED,MEDIUM,https://g1mart.in/product/g1-prod-231,,NEEDS_REVIEW,Product identity clear. Exact real Indian packaging photo pending review. Synthetic images purged.
232,LUX ROSE SCENT 545G,LUX ROSE SCENT 545G,Lux,545G,545G,personal-care,,,VERIFIED,MEDIUM,https://g1mart.in/product/g1-prod-232,,NEEDS_REVIEW,Product identity clear. Exact real Indian packaging photo pending review. Synthetic images purged.
233,MAAZA 250ML,MAAZA 250ML,Maaza,250ML,250ML,beverages,,,VERIFIED,MEDIUM,https://g1mart.in/product/g1-prod-233,,NEEDS_REVIEW,Product identity clear. Exact real Indian packaging photo pending review. Synthetic images purged.
234,MAGGI 140G,MAGGI 140G,Maggi,140G,140G,snacks,,,VERIFIED,MEDIUM,https://g1mart.in/product/g1-prod-234,,NEEDS_REVIEW,Product identity clear. Exact real Indian packaging photo pending review. Synthetic images purged.
235,MAGGI 15RS,MAGGI 15RS,Maggi,15RS,15RS,snacks,,,VERIFIED,MEDIUM,https://g1mart.in/product/g1-prod-235,,NEEDS_REVIEW,Product identity clear. Exact real Indian packaging photo pending review. Synthetic images purged.
236,Makhana SeaSalt&pepper 70g,Makhana SeaSalt&pepper 70g,Makhana,70g,70g,rice-dal-atta,,,VERIFIED,MEDIUM,https://g1mart.in/product/g1-prod-236,,NEEDS_REVIEW,Product identity clear. Exact real Indian packaging photo pending review. Synthetic images purged.
237,MALKIST,MALKIST,Malkist,Pieces,Pieces,snacks,,,VERIFIED,MEDIUM,https://g1mart.in/product/g1-prod-237,,NEEDS_REVIEW,Product identity clear. Exact real Indian packaging photo pending review. Synthetic images purged.
238,MALKIST CHEESE 144G,MALKIST CHEESE 144G,Malkist,144G,144G,snacks,,,VERIFIED,MEDIUM,https://g1mart.in/product/g1-prod-238,,NEEDS_REVIEW,Product identity clear. Exact real Indian packaging photo pending review. Synthetic images purged.
239,MALKIST CHEESE 72G,MALKIST CHEESE 72G,Malkist,72G,72G,snacks,,,VERIFIED,MEDIUM,https://g1mart.in/product/g1-prod-239,,NEEDS_REVIEW,Product identity clear. Exact real Indian packaging photo pending review. Synthetic images purged.
240,MALKIST DOUBLE CHOCOLATEY 144G,MALKIST DOUBLE CHOCOLATEY 144G,Malkist,144G,144G,snacks,,,NEEDS_REVIEW,LOW,https://g1mart.in/product/g1-prod-240,,NEEDS_REVIEW,Shorthand code 'LILLY'. Ambiguous agarbatti or detergent entry.
241,MALKIST DOUBLE CHOCOLATEY 72G,MALKIST DOUBLE CHOCOLATEY 72G,Malkist,72G,72G,snacks,,,NEEDS_REVIEW,LOW,https://g1mart.in/product/g1-prod-241,,NEEDS_REVIEW,Shorthand code 'LILLY 10'. Ambiguous packaging size.
242,MANGALDEEP 3IN1,MANGALDEEP 3IN1,Mangaldeep,3IN1,Pieces,groceries,,,VERIFIED,MEDIUM,https://g1mart.in/product/g1-prod-242,,NEEDS_REVIEW,Product identity clear. Exact real Indian packaging photo pending review. Synthetic images purged.
243,MANGALDEEP FLORA,MANGALDEEP FLORA,Mangaldeep,Pieces,Pieces,groceries,,,NEEDS_REVIEW,LOW,https://g1mart.in/product/g1-prod-243,,NEEDS_REVIEW,Shorthand code 'LION 10'. Ambiguous dates vs honey variant.
244,Mangaldeep Sambrani,Mangaldeep Sambrani,Mangaldeep,Pieces,Pieces,household,,,NEEDS_REVIEW,LOW,https://g1mart.in/product/g1-prod-244,,NEEDS_REVIEW,Shorthand code 'LION 50G'. Ambiguous dates vs honey variant.
245,Mangaldeep Samrani Cup 1 Box,Mangaldeep Samrani Cup 1 Box,Mangaldeep,1 Box,Packs,household,,,VERIFIED,MEDIUM,https://g1mart.in/product/g1-prod-245,,NEEDS_REVIEW,Product identity clear. Exact real Indian packaging photo pending review. Synthetic images purged.
246,MANGALDEEP SCENT 110G,MANGALDEEP SCENT 110G,Mangaldeep,110G,110G,groceries,,,VERIFIED,MEDIUM,https://g1mart.in/product/g1-prod-246,,NEEDS_REVIEW,Product identity clear. Exact real Indian packaging photo pending review. Synthetic images purged.
247,Mangaldeep Treya,Mangaldeep Treya,Mangaldeep,Pieces,Pieces,groceries,,,VERIFIED,MEDIUM,https://g1mart.in/product/g1-prod-247,,NEEDS_REVIEW,Product identity clear. Exact real Indian packaging photo pending review. Synthetic images purged.
248,MANGO FRUIT,MANGO FRUIT,Mango,Pieces,Pieces,groceries,,,VERIFIED,MEDIUM,https://g1mart.in/product/g1-prod-248,,NEEDS_REVIEW,Product identity clear. Exact real Indian packaging photo pending review. Synthetic images purged.
249,MARGO ORIGINAL 500G,MARGO ORIGINAL 500G,Margo,500G,500G,groceries,,,VERIFIED,MEDIUM,https://g1mart.in/product/g1-prod-249,,NEEDS_REVIEW,Product identity clear. Exact real Indian packaging photo pending review. Synthetic images purged.
250,MARIE LIGHT ACTIVE 140G,MARIE LIGHT ACTIVE 140G,Marie Light,140G,140G,groceries,,,VERIFIED,MEDIUM,https://g1mart.in/product/g1-prod-250,,NEEDS_REVIEW,Product identity clear. Exact real Indian packaging photo pending review. Synthetic images purged.
251,MARIE LIGHT ACTIVE 34G,MARIE LIGHT ACTIVE 34G,Marie Light,34G,34G,groceries,,,VERIFIED,MEDIUM,https://g1mart.in/product/g1-prod-251,,NEEDS_REVIEW,Product identity clear. Exact real Indian packaging photo pending review. Synthetic images purged.
252,Masala Noodles 200g,Masala Noodles 200g,Masala,200g,200g,rice-dal-atta,,,VERIFIED,MEDIUM,https://g1mart.in/product/g1-prod-252,,NEEDS_REVIEW,Product identity clear. Exact real Indian packaging photo pending review. Synthetic images purged.
253,MAYA AGARBATHI,MAYA AGARBATHI,Maya,Pieces,Pieces,household,,,VERIFIED,MEDIUM,https://g1mart.in/product/g1-prod-253,,NEEDS_REVIEW,Product identity clear. Exact real Indian packaging photo pending review. Synthetic images purged.
254,MEDIMIX CLASSIC SOP 75G,MEDIMIX CLASSIC SOP 75G,Medimix,75G,75G,personal-care,,,VERIFIED,MEDIUM,https://g1mart.in/product/g1-prod-254,,NEEDS_REVIEW,Product identity clear. Exact real Indian packaging photo pending review. Synthetic images purged.
255,MENTHULU 100G,MENTHULU 100G,Menthulu,100G,100G,rice-dal-atta,,,VERIFIED,MEDIUM,https://g1mart.in/product/g1-prod-255,,NEEDS_REVIEW,Product identity clear. Exact real Indian packaging photo pending review. Synthetic images purged.
256,MENTHULU 250G,MENTHULU 250G,Menthulu,250G,250G,rice-dal-atta,,,VERIFIED,MEDIUM,https://g1mart.in/product/g1-prod-256,,NEEDS_REVIEW,Product identity clear. Exact real Indian packaging photo pending review. Synthetic images purged.
257,MENTHULU 50G,MENTHULU 50G,Menthulu,50G,50G,rice-dal-atta,,,VERIFIED,MEDIUM,https://g1mart.in/product/g1-prod-257,,NEEDS_REVIEW,Product identity clear. Exact real Indian packaging photo pending review. Synthetic images purged.
258,MIKL RUSK 58G,MIKL RUSK 58G,Mikl,58G,58G,dairy-bakery,,,VERIFIED,MEDIUM,https://g1mart.in/product/g1-prod-258,,NEEDS_REVIEW,Product identity clear. Exact real Indian packaging photo pending review. Synthetic images purged.
259,MILK BIKIS,MILK BIKIS,Milk Bikis,Pieces,Pieces,dairy-bakery,,,VERIFIED,MEDIUM,https://g1mart.in/product/g1-prod-259,,NEEDS_REVIEW,Product identity clear. Exact real Indian packaging photo pending review. Synthetic images purged.
260,MILK RUSK 182G,MILK RUSK 182G,Milk,182G,182G,dairy-bakery,,,VERIFIED,MEDIUM,https://g1mart.in/product/g1-prod-260,,NEEDS_REVIEW,Product identity clear. Exact real Indian packaging photo pending review. Synthetic images purged.
261,MILKYBAR,MILKYBAR,Milkybar,Pieces,Pieces,snacks,,,VERIFIED,MEDIUM,https://g1mart.in/product/g1-prod-261,,NEEDS_REVIEW,Product identity clear. Exact real Indian packaging photo pending review. Synthetic images purged.
262,MILKYBAR CHOO,MILKYBAR CHOO,Milkybar,Pieces,Pieces,snacks,,,VERIFIED,MEDIUM,https://g1mart.in/product/g1-prod-262,,NEEDS_REVIEW,Product identity clear. Exact real Indian packaging photo pending review. Synthetic images purged.
263,MILKYBBAR SMAL BOX,MILKYBBAR SMAL BOX,Milkybar,Packs,Packs,snacks,,,VERIFIED,MEDIUM,https://g1mart.in/product/g1-prod-263,,NEEDS_REVIEW,Product identity clear. Exact real Indian packaging photo pending review. Synthetic images purged.
264,Minapappu 1kg,Minapappu 1kg,Minapappu,1kg,1kg,rice-dal-atta,,,VERIFIED,MEDIUM,https://g1mart.in/product/g1-prod-264,,NEEDS_REVIEW,Product identity clear. Exact real Indian packaging photo pending review. Synthetic images purged.
265,Minapapu 500g,Minapapu 500g,Minapapu,500g,500g,rice-dal-atta,,,VERIFIED,MEDIUM,https://g1mart.in/product/g1-prod-265,,NEEDS_REVIEW,Product identity clear. Exact real Indian packaging photo pending review. Synthetic images purged.
266,MINUTE MAID ORANGE,MINUTE MAID ORANGE,Minute Maid,Pieces,Pieces,beverages,,,VERIFIED,MEDIUM,https://g1mart.in/product/g1-prod-266,,NEEDS_REVIEW,Product identity clear. Exact real Indian packaging photo pending review. Synthetic images purged.
267,MIRIYALU 50G,MIRIYALU 50G,Miriyalu,50G,50G,rice-dal-atta,,,VERIFIED,MEDIUM,https://g1mart.in/product/g1-prod-267,,NEEDS_REVIEW,Product identity clear. Exact real Indian packaging photo pending review. Synthetic images purged.
268,MOMS MAGIC CASHEW& ALMOND,MOMS MAGIC CASHEW& ALMOND,Mom's Magic,Pieces,Pieces,rice-dal-atta,,,VERIFIED,MEDIUM,https://g1mart.in/product/g1-prod-268,,NEEDS_REVIEW,Product identity clear. Exact real Indian packaging photo pending review. Synthetic images purged.
269,MOMS MAGIC CASHEW&ALMOND 61G,MOMS MAGIC CASHEW&ALMOND 61G,Mom's Magic,61G,61G,rice-dal-atta,,,VERIFIED,MEDIUM,https://g1mart.in/product/g1-prod-269,,NEEDS_REVIEW,Product identity clear. Exact real Indian packaging photo pending review. Synthetic images purged.
270,MOMS MAGIC SHINES SHINIG BUTTER 126G,MOMS MAGIC SHINES SHINIG BUTTER 126G,Mom's Magic,126G,126G,groceries,,,VERIFIED,MEDIUM,https://g1mart.in/product/g1-prod-270,,NEEDS_REVIEW,Product identity clear. Exact real Indian packaging photo pending review. Synthetic images purged.
271,MOMS MAGIC SHINES SHINING BUTTER 44G,MOMS MAGIC SHINES SHINING BUTTER 44G,Mom's Magic,44G,44G,groceries,,,VERIFIED,MEDIUM,https://g1mart.in/product/g1-prod-271,,NEEDS_REVIEW,Product identity clear. Exact real Indian packaging photo pending review. Synthetic images purged.
272,MOON DAL 250G,MOON DAL 250G,Moon,250G,250G,rice-dal-atta,,,VERIFIED,MEDIUM,https://g1mart.in/product/g1-prod-272,,NEEDS_REVIEW,Product identity clear. Exact real Indian packaging photo pending review. Synthetic images purged.
273,MOON DAL 500G,MOON DAL 500G,Moon,500G,500G,rice-dal-atta,,,VERIFIED,MEDIUM,https://g1mart.in/product/g1-prod-273,,NEEDS_REVIEW,Product identity clear. Exact real Indian packaging photo pending review. Synthetic images purged.
274,MOONG DALL 120G,MOONG DALL 120G,Moong,120G,120G,rice-dal-atta,,,VERIFIED,MEDIUM,https://g1mart.in/product/g1-prod-274,,NEEDS_REVIEW,Product identity clear. Exact real Indian packaging photo pending review. Synthetic images purged.
275,MROW,MROW,Mrow,Pieces,Pieces,groceries,,,VERIFIED,MEDIUM,https://g1mart.in/product/g1-prod-275,,NEEDS_REVIEW,Product identity clear. Exact real Indian packaging photo pending review. Synthetic images purged.
276,MUNCH 5RS,MUNCH 5RS,Munch,5RS,5RS,snacks,,,VERIFIED,MEDIUM,https://g1mart.in/product/g1-prod-276,,NEEDS_REVIEW,Product identity clear. Exact real Indian packaging photo pending review. Synthetic images purged.
277,MUNG BEAN 500G,MUNG BEAN 500G,Mung,500G,500G,groceries,,,VERIFIED,MEDIUM,https://g1mart.in/product/g1-prod-277,,NEEDS_REVIEW,Product identity clear. Exact real Indian packaging photo pending review. Synthetic images purged.
278,MURALI VATHULU,MURALI VATHULU,Murali,Pieces,Pieces,household,,,VERIFIED,MEDIUM,https://g1mart.in/product/g1-prod-278,,NEEDS_REVIEW,Product identity clear. Exact real Indian packaging photo pending review. Synthetic images purged.
279,Muskmelon Seeds 100g,Muskmelon Seeds 100g,Muskmelon,100g,100g,rice-dal-atta,,,VERIFIED,MEDIUM,https://g1mart.in/product/g1-prod-279,,NEEDS_REVIEW,Product identity clear. Exact real Indian packaging photo pending review. Synthetic images purged.
280,MYSORE SANDAL 50G,MYSORE SANDAL 50G,Mysore Sandal,50G,50G,groceries,,,VERIFIED,MEDIUM,https://g1mart.in/product/g1-prod-280,,NEEDS_REVIEW,Product identity clear. Exact real Indian packaging photo pending review. Synthetic images purged.
281,Mysore Sandal Gold,Mysore Sandal Gold,Mysore Sandal,Pieces,Pieces,groceries,,,VERIFIED,MEDIUM,https://g1mart.in/product/g1-prod-281,,NEEDS_REVIEW,Product identity clear. Exact real Indian packaging photo pending review. Synthetic images purged.
282,MYSORE SANDAL SOAP 150G,MYSORE SANDAL SOAP 150G,Mysore Sandal,150G,150G,personal-care,,,VERIFIED,MEDIUM,https://g1mart.in/product/g1-prod-282,,NEEDS_REVIEW,Product identity clear. Exact real Indian packaging photo pending review. Synthetic images purged.
283,MYSORE SANDAL SOP 125G,MYSORE SANDAL SOP 125G,Mysore Sandal,125G,125G,personal-care,,,VERIFIED,MEDIUM,https://g1mart.in/product/g1-prod-283,,NEEDS_REVIEW,Product identity clear. Exact real Indian packaging photo pending review. Synthetic images purged.
284,MYSORE SANDALS FRESHNOL,MYSORE SANDALS FRESHNOL,Mysore Sandal,Pieces,Pieces,groceries,,,VERIFIED,MEDIUM,https://g1mart.in/product/g1-prod-284,,NEEDS_REVIEW,Product identity clear. Exact real Indian packaging photo pending review. Synthetic images purged.
285,NALLA KARAM PODI 150G,NALLA KARAM PODI 150G,Nalla,150G,150G,rice-dal-atta,,,NEEDS_REVIEW,LOW,https://g1mart.in/product/g1-prod-285,,NEEDS_REVIEW,Ambiguous entry 'MYSORE PACK'. Local sweet confection without manufacturer master.
286,NATURO,NATURO,Naturo,Pieces,Pieces,groceries,,,VERIFIED,MEDIUM,https://g1mart.in/product/g1-prod-286,,NEEDS_REVIEW,Product identity clear. Exact real Indian packaging photo pending review. Synthetic images purged.
287,NAVARATNA OIL 50ML,NAVARATNA OIL 50ML,Navaratna,50ML,50ML,personal-care,,,VERIFIED,MEDIUM,https://g1mart.in/product/g1-prod-287,,NEEDS_REVIEW,Product identity clear. Exact real Indian packaging photo pending review. Synthetic images purged.
288,NEEM NIMYLE 200ML,NEEM NIMYLE 200ML,Nimyle,200ML,200ML,household,,,VERIFIED,MEDIUM,https://g1mart.in/product/g1-prod-288,,NEEDS_REVIEW,Product identity clear. Exact real Indian packaging photo pending review. Synthetic images purged.
289,Nice Peanut Chikki,Nice Peanut Chikki,Nice,Pieces,Pieces,snacks,,,VERIFIED,MEDIUM,https://g1mart.in/product/g1-prod-289,,NEEDS_REVIEW,Product identity clear. Exact real Indian packaging photo pending review. Synthetic images purged.
290,NO 1 SOAP LEMON,NO 1 SOAP LEMON,,Pieces,Pieces,personal-care,,,VERIFIED,MEDIUM,https://g1mart.in/product/g1-prod-290,,NEEDS_REVIEW,Product identity clear. Exact real Indian packaging photo pending review. Synthetic images purged.
291,NSR,NSR,Nsr,Pieces,Pieces,groceries,,,VERIFIED,MEDIUM,https://g1mart.in/product/g1-prod-291,,NEEDS_REVIEW,Product identity clear. Exact real Indian packaging photo pending review. Synthetic images purged.
292,NUVVULU 250G,NUVVULU 250G,Nuvvulu,250G,250G,rice-dal-atta,,,VERIFIED,MEDIUM,https://g1mart.in/product/g1-prod-292,,NEEDS_REVIEW,Product identity clear. Exact real Indian packaging photo pending review. Synthetic images purged.
293,NYCIL GERM EXPERT 210G,NYCIL GERM EXPERT 210G,Nycil,210G,210G,personal-care,,,VERIFIED,MEDIUM,https://g1mart.in/product/g1-prod-293,,NEEDS_REVIEW,Product identity clear. Exact real Indian packaging photo pending review. Synthetic images purged.
294,NYCIL POWDER SMALL,NYCIL POWDER SMALL,Nycil,Pieces,Pieces,personal-care,,,VERIFIED,MEDIUM,https://g1mart.in/product/g1-prod-294,,NEEDS_REVIEW,Product identity clear. Exact real Indian packaging photo pending review. Synthetic images purged.
295,OATS 400G,OATS 400G,Oats,400G,400G,groceries,,,VERIFIED,MEDIUM,https://g1mart.in/product/g1-prod-295,,NEEDS_REVIEW,Product identity clear. Exact real Indian packaging photo pending review. Synthetic images purged.
296,OIONES 500G,OIONES 500G,Oiones,500G,500G,fruits-vegetables,,,VERIFIED,MEDIUM,https://g1mart.in/product/g1-prod-296,,NEEDS_REVIEW,Product identity clear. Exact real Indian packaging photo pending review. Synthetic images purged.
297,ONIONS 1KG,ONIONS 1KG,Onions,1KG,1KG,fruits-vegetables,,,VERIFIED,MEDIUM,https://g1mart.in/product/g1-prod-297,,NEEDS_REVIEW,Product identity clear. Exact real Indian packaging photo pending review. Synthetic images purged.
298,ORINGE CANDY 150G,ORINGE CANDY 150G,Oringe,150G,150G,snacks,,,VERIFIED,MEDIUM,https://g1mart.in/product/g1-prod-298,,NEEDS_REVIEW,Product identity clear. Exact real Indian packaging photo pending review. Synthetic images purged.
299,Osmania Bisc,Osmania Bisc,Osmania,Pieces,Pieces,snacks,,,VERIFIED,MEDIUM,https://g1mart.in/product/g1-prod-299,,NEEDS_REVIEW,Product identity clear. Exact real Indian packaging photo pending review. Synthetic images purged.
300,Pachisenaga Pappu 250g,Pachisenaga Pappu (Chana Dal) 250g,Pachisenaga,250g,250g,rice-dal-atta,,,VERIFIED,MEDIUM,https://g1mart.in/product/g1-prod-300,,NEEDS_REVIEW,Product identity clear. Exact real Indian packaging photo pending review. Synthetic images purged.
301,Pachisenagapappu 500g,Pachisenagapappu 500g,Pachisenagapappu,500g,500g,groceries,,,VERIFIED,MEDIUM,https://g1mart.in/product/g1-prod-301,,NEEDS_REVIEW,Product identity clear. Exact real Indian packaging photo pending review. Synthetic images purged.
302,PARACHUTE 175ML,PARACHUTE 175ML,Parachute,175ML,175ML,groceries,,,VERIFIED,MEDIUM,https://g1mart.in/product/g1-prod-302,,NEEDS_REVIEW,Product identity clear. Exact real Indian packaging photo pending review. Synthetic images purged.
303,Parachute Aloe Vera 250ml,Parachute Aloe Vera 250ml,Parachute,250ml,250ml,groceries,,,VERIFIED,MEDIUM,https://g1mart.in/product/g1-prod-303,,NEEDS_REVIEW,Product identity clear. Exact real Indian packaging photo pending review. Synthetic images purged.
304,PARACHUTEB 100ML,PARACHUTEB 100ML,Parachute,100ML,100ML,groceries,,,VERIFIED,MEDIUM,https://g1mart.in/product/g1-prod-304,,NEEDS_REVIEW,Product identity clear. Exact real Indian packaging photo pending review. Synthetic images purged.
305,PARK10RS,PARK10RS,,10RS,10RS,groceries,,,VERIFIED,MEDIUM,https://g1mart.in/product/g1-prod-305,,NEEDS_REVIEW,Product identity clear. Exact real Indian packaging photo pending review. Synthetic images purged.
306,PEARS PURE& GENTLE GLOW 52G,PEARS PURE& GENTLE GLOW 52G,Pears,52G,52G,personal-care,,,VERIFIED,MEDIUM,https://g1mart.in/product/g1-prod-306,,NEEDS_REVIEW,Product identity clear. Exact real Indian packaging photo pending review. Synthetic images purged.
307,PEARS WITH MINT 50G,PEARS WITH MINT 50G,Pears,50G,50G,personal-care,,,VERIFIED,MEDIUM,https://g1mart.in/product/g1-prod-307,,NEEDS_REVIEW,Product identity clear. Exact real Indian packaging photo pending review. Synthetic images purged.
308,Pepper 100g,Pepper 100g,Pepper,100g,100g,rice-dal-atta,,,VERIFIED,MEDIUM,https://g1mart.in/product/g1-prod-308,,NEEDS_REVIEW,Product identity clear. Exact real Indian packaging photo pending review. Synthetic images purged.
309,PEPPER BOLS 50G,PEPPER BOLS 50G,Pepper,50G,50G,rice-dal-atta,,,VERIFIED,MEDIUM,https://g1mart.in/product/g1-prod-309,,NEEDS_REVIEW,Product identity clear. Exact real Indian packaging photo pending review. Synthetic images purged.
310,PITAMBARI 20G,PITAMBARI 20G,Pitambari,20G,20G,household,,,VERIFIED,MEDIUM,https://g1mart.in/product/g1-prod-310,,NEEDS_REVIEW,Product identity clear. Exact real Indian packaging photo pending review. Synthetic images purged.
311,POND S 23G,POND S 23G,Pond's,23G,23G,personal-care,,,VERIFIED,MEDIUM,https://g1mart.in/product/g1-prod-311,,NEEDS_REVIEW,Product identity clear. Exact real Indian packaging photo pending review. Synthetic images purged.
312,PONDS BRICHT BEAUTY 15G,PONDS BRICHT BEAUTY 15G,Pond's,15G,15G,personal-care,,,VERIFIED,MEDIUM,https://g1mart.in/product/g1-prod-312,,NEEDS_REVIEW,Product identity clear. Exact real Indian packaging photo pending review. Synthetic images purged.
313,Ponds Cold Cream,Ponds Cold Cream,Pond's,Pieces,Pieces,personal-care,,,VERIFIED,MEDIUM,https://g1mart.in/product/g1-prod-313,,NEEDS_REVIEW,Product identity clear. Exact real Indian packaging photo pending review. Synthetic images purged.
314,POOJA GOLD OIL 800ML,POOJA GOLD OIL 800ML,Pooja,800ML,800ML,rice-dal-atta,,,VERIFIED,MEDIUM,https://g1mart.in/product/g1-prod-314,,NEEDS_REVIEW,Product identity clear. Exact real Indian packaging photo pending review. Synthetic images purged.
315,POOJA OIAL 800ML,POOJA OIAL 800ML,Pooja,800ML,800ML,groceries,,,VERIFIED,MEDIUM,https://g1mart.in/product/g1-prod-315,,NEEDS_REVIEW,Product identity clear. Exact real Indian packaging photo pending review. Synthetic images purged.
316,"POOJA POWDER 50 G,","POOJA POWDER 50 G,",Pooja,50 G,50 G,groceries,,,VERIFIED,MEDIUM,https://g1mart.in/product/g1-prod-316,,NEEDS_REVIEW,Product identity clear. Exact real Indian packaging photo pending review. Synthetic images purged.
317,POOJA POWDER B GANDAM,POOJA POWDER B GANDAM,Pooja,Pieces,Pieces,groceries,,,VERIFIED,MEDIUM,https://g1mart.in/product/g1-prod-317,,NEEDS_REVIEW,Product identity clear. Exact real Indian packaging photo pending review. Synthetic images purged.
318,POWER NATURAL SOAP,POWER NATURAL SOAP,Power,Pieces,Pieces,personal-care,,,VERIFIED,MEDIUM,https://g1mart.in/product/g1-prod-318,,NEEDS_REVIEW,Product identity clear. Exact real Indian packaging photo pending review. Synthetic images purged.
319,Priya Gold 500g,Priya Gold 500g,Priya,500g,500g,groceries,,,VERIFIED,MEDIUM,https://g1mart.in/product/g1-prod-319,,NEEDS_REVIEW,Product identity clear. Exact real Indian packaging photo pending review. Synthetic images purged.
320,PRIYA GOLD1KG,PRIYA GOLD1KG,Priya,1KG,1KG,groceries,,,VERIFIED,MEDIUM,https://g1mart.in/product/g1-prod-320,,NEEDS_REVIEW,Product identity clear. Exact real Indian packaging photo pending review. Synthetic images purged.
321,Pumpkin Seeds 100g,Pumpkin Seeds 100g,Pumpkin,100g,100g,rice-dal-atta,,,VERIFIED,MEDIUM,https://g1mart.in/product/g1-prod-321,,NEEDS_REVIEW,Product identity clear. Exact real Indian packaging photo pending review. Synthetic images purged.
322,REAL AAM 400G,REAL AAM 400G,Real,400G,400G,groceries,,,VERIFIED,MEDIUM,https://g1mart.in/product/g1-prod-322,,NEEDS_REVIEW,Product identity clear. Exact real Indian packaging photo pending review. Synthetic images purged.
323,RED CHILLI PICKEL 60G,RED CHILLI PICKEL 60G,Red,60G,60G,groceries,,,VERIFIED,MEDIUM,https://g1mart.in/product/g1-prod-323,,NEEDS_REVIEW,Product identity clear. Exact real Indian packaging photo pending review. Synthetic images purged.
324,RED LABUL NATURAL 100G,RED LABUL NATURAL 100G,Red Label,100G,100G,groceries,,,VERIFIED,MEDIUM,https://g1mart.in/product/g1-prod-324,,NEEDS_REVIEW,Product identity clear. Exact real Indian packaging photo pending review. Synthetic images purged.
325,RED LENTILS 500G,RED LENTILS 500G,Red,500G,500G,groceries,,,VERIFIED,MEDIUM,https://g1mart.in/product/g1-prod-325,,NEEDS_REVIEW,Product identity clear. Exact real Indian packaging photo pending review. Synthetic images purged.
326,RIMZIM JEERA,RIMZIM JEERA,Rimzim,Pieces,Pieces,rice-dal-atta,,,VERIFIED,MEDIUM,https://g1mart.in/product/g1-prod-326,,NEEDS_REVIEW,Product identity clear. Exact real Indian packaging photo pending review. Synthetic images purged.
327,RIN,RIN,Rin,Pieces,Pieces,household,,,VERIFIED,MEDIUM,https://g1mart.in/product/g1-prod-327,,NEEDS_REVIEW,Product identity clear. Exact real Indian packaging photo pending review. Synthetic images purged.
328,RIN ANTIBAV,RIN ANTIBAV,Rin,Pieces,Pieces,household,,,VERIFIED,MEDIUM,https://g1mart.in/product/g1-prod-328,,NEEDS_REVIEW,Product identity clear. Exact real Indian packaging photo pending review. Synthetic images purged.
329,RIN MATIC,RIN MATIC,Rin,Pieces,Pieces,household,,,VERIFIED,MEDIUM,https://g1mart.in/product/g1-prod-329,,NEEDS_REVIEW,Product identity clear. Exact real Indian packaging photo pending review. Synthetic images purged.
330,ROBAN CAKE 25G,ROBAN CAKE 25G,Roban,25G,25G,snacks,,,NEEDS_REVIEW,LOW,https://g1mart.in/product/g1-prod-330,,NEEDS_REVIEW,Rodenticide cake shorthand 'ROBAN CAKE 25G'.
331,RUCHI GOLD 750G,RUCHI GOLD 750G,Ruchi Gold,750G,750G,groceries,,,VERIFIED,MEDIUM,https://g1mart.in/product/g1-prod-331,,NEEDS_REVIEW,Product identity clear. Exact real Indian packaging photo pending review. Synthetic images purged.
332,Ruchigold 1kg,Ruchigold 1kg,Ruchi Gold,1kg,1kg,groceries,,,VERIFIED,MEDIUM,https://g1mart.in/product/g1-prod-332,,NEEDS_REVIEW,Product identity clear. Exact real Indian packaging photo pending review. Synthetic images purged.
333,SAGGUBIYYAM 250G,SAGGUBIYYAM 250G,Saggubiyyam,250G,250G,rice-dal-atta,,,VERIFIED,MEDIUM,https://g1mart.in/product/g1-prod-333,,NEEDS_REVIEW,Product identity clear. Exact real Indian packaging photo pending review. Synthetic images purged.
334,SAI BANSI RAVVA 500G,SAI BANSI RAVVA 500G,Sai,500G,500G,rice-dal-atta,,,VERIFIED,MEDIUM,https://g1mart.in/product/g1-prod-334,,NEEDS_REVIEW,Product identity clear. Exact real Indian packaging photo pending review. Synthetic images purged.
335,SALT MIRCHI 250G,SALT MIRCHI 250G,Salt,250G,250G,rice-dal-atta,,,VERIFIED,MEDIUM,https://g1mart.in/product/g1-prod-335,,NEEDS_REVIEW,Product identity clear. Exact real Indian packaging photo pending review. Synthetic images purged.
336,SANTOOR,SANTOOR,Santoor,Pieces,Pieces,personal-care,,,VERIFIED,MEDIUM,https://g1mart.in/product/g1-prod-336,,NEEDS_REVIEW,Product identity clear. Exact real Indian packaging photo pending review. Synthetic images purged.
337,SANTOOR 150G,SANTOOR 150G,Santoor,150G,150G,personal-care,,,VERIFIED,MEDIUM,https://g1mart.in/product/g1-prod-337,,NEEDS_REVIEW,Product identity clear. Exact real Indian packaging photo pending review. Synthetic images purged.
338,SANTOOR FRESH SKIN,SANTOOR FRESH SKIN,Santoor,Pieces,Pieces,personal-care,,,VERIFIED,MEDIUM,https://g1mart.in/product/g1-prod-338,,NEEDS_REVIEW,Product identity clear. Exact real Indian packaging photo pending review. Synthetic images purged.
339,SANTOOR SOAP BIG SET,SANTOOR SOAP BIG SET,Santoor,BIG SET,Pieces,personal-care,,,NEEDS_REVIEW,LOW,https://g1mart.in/product/g1-prod-339,,NEEDS_REVIEW,Ambiguous shorthand 'PUDINA'. Requires fresh vs spice check.
340,Savlon Handwash 375 Ml,Savlon Handwash 375 Ml,Savlon,375 Ml,375 Ml,personal-care,,,VERIFIED,MEDIUM,https://g1mart.in/product/g1-prod-340,,NEEDS_REVIEW,Product identity clear. Exact real Indian packaging photo pending review. Synthetic images purged.
341,SCISSORS 10INCH,SCISSORS 10INCH,Scissors,10INCH,Pieces,groceries,,,VERIFIED,MEDIUM,https://g1mart.in/product/g1-prod-341,,NEEDS_REVIEW,Product identity clear. Exact real Indian packaging photo pending review. Synthetic images purged.
342,Sensodyne Bresh,Sensodyne Bresh,Sensodyne,Pieces,Pieces,personal-care,,,VERIFIED,MEDIUM,https://g1mart.in/product/g1-prod-342,,NEEDS_REVIEW,Product identity clear. Exact real Indian packaging photo pending review. Synthetic images purged.
343,SENSORA PASTE 80G,Sensora Sensitive Toothpaste 80G,Sensora,80G,80G,personal-care,,,VERIFIED,MEDIUM,https://g1mart.in/product/g1-prod-343,,NEEDS_REVIEW,Product identity clear. Exact real Indian packaging photo pending review. Synthetic images purged.
344,SHINK BRASHS,SHINK BRASHS,Shink,Pieces,Pieces,groceries,,,NEEDS_REVIEW,LOW,https://g1mart.in/product/g1-prod-344,,NEEDS_REVIEW,Typo entry 'SHINK BRASHS'. Requires physical tool review.
345,SMART MOP,SMART MOP,Smart,Pairs,Pairs,household,,,NEEDS_REVIEW,LOW,https://g1mart.in/product/g1-prod-345,,NEEDS_REVIEW,Cleaning hardware item 'SMART MOP'.
346,SOANPAPDI,SOANPAPDI,Soanpapdi,Pieces,Pieces,snacks,,,VERIFIED,MEDIUM,https://g1mart.in/product/g1-prod-346,,NEEDS_REVIEW,Product identity clear. Exact real Indian packaging photo pending review. Synthetic images purged.
347,SOLO FRESH 100G,SOLO FRESH 100G,Solo,100G,100G,groceries,,,NEEDS_REVIEW,LOW,https://g1mart.in/product/g1-prod-347,,NEEDS_REVIEW,Local air freshener / soap bar 'SOLO FRESH 100G'.
348,SOMPU 50G,SOMPU 50G,Sompu,50G,50G,rice-dal-atta,,,VERIFIED,MEDIUM,https://g1mart.in/product/g1-prod-348,,NEEDS_REVIEW,Product identity clear. Exact real Indian packaging photo pending review. Synthetic images purged.
349,SOMPU100G,SOMPU100G,,100G,100G,groceries,,,VERIFIED,MEDIUM,https://g1mart.in/product/g1-prod-349,,NEEDS_REVIEW,Product identity clear. Exact real Indian packaging photo pending review. Synthetic images purged.
350,SORGHUM500G,SORGHUM500G,,500G,500G,groceries,,,VERIFIED,MEDIUM,https://g1mart.in/product/g1-prod-350,,NEEDS_REVIEW,Product identity clear. Exact real Indian packaging photo pending review. Synthetic images purged.
351,SOYA BIG 100G,SOYA BIG 100G,Soya,100G,100G,groceries,,,VERIFIED,MEDIUM,https://g1mart.in/product/g1-prod-351,,NEEDS_REVIEW,Product identity clear. Exact real Indian packaging photo pending review. Synthetic images purged.
352,SOYA CHUNKS 42G,SOYA CHUNKS 42G,Soya,42G,42G,groceries,,,VERIFIED,MEDIUM,https://g1mart.in/product/g1-prod-352,,NEEDS_REVIEW,Product identity clear. Exact real Indian packaging photo pending review. Synthetic images purged.
353,SOYA SMALL 100G,SOYA SMALL 100G,Soya,100G,100G,groceries,,,VERIFIED,MEDIUM,https://g1mart.in/product/g1-prod-353,,NEEDS_REVIEW,Product identity clear. Exact real Indian packaging photo pending review. Synthetic images purged.
354,SOYA SMALL 50G,SOYA SMALL 50G,Soya,50G,50G,groceries,,,VERIFIED,MEDIUM,https://g1mart.in/product/g1-prod-354,,NEEDS_REVIEW,Product identity clear. Exact real Indian packaging photo pending review. Synthetic images purged.
355,SP CHOCOLATE 200G,SP CHOCOLATE 200G,,200G,200G,snacks,,,NEEDS_REVIEW,LOW,https://g1mart.in/product/g1-prod-355,,NEEDS_REVIEW,Ambiguous shorthand 'SP CHOCOLATE 200G'. Local bakery confectionery pack.
356,SP DUET 200G,SP DUET 200G,,200G,200G,groceries,,,NEEDS_REVIEW,LOW,https://g1mart.in/product/g1-prod-356,,NEEDS_REVIEW,Ambiguous shorthand 'SP DUET 200G'. Local bakery confectionery pack.
357,SPINZ BB FACE POWDER 10G,SPINZ BB FACE POWDER 10G,Spinz,10G,10G,personal-care,,,VERIFIED,MEDIUM,https://g1mart.in/product/g1-prod-357,,NEEDS_REVIEW,Product identity clear. Exact real Indian packaging photo pending review. Synthetic images purged.
358,SPINZ BBCREAM15G,SPINZ BBCREAM15G,Spinz,15G,15G,personal-care,,,VERIFIED,MEDIUM,https://g1mart.in/product/g1-prod-358,,NEEDS_REVIEW,Product identity clear. Exact real Indian packaging photo pending review. Synthetic images purged.
359,SPINZ BBPOWDER20G,SPINZ BBPOWDER20G,Spinz,20G,20G,personal-care,,,VERIFIED,MEDIUM,https://g1mart.in/product/g1-prod-359,,NEEDS_REVIEW,Product identity clear. Exact real Indian packaging photo pending review. Synthetic images purged.
360,SPRITE 1L,SPRITE 1L,Sprite,1L,1L,beverages,,,VERIFIED,MEDIUM,https://g1mart.in/product/g1-prod-360,,NEEDS_REVIEW,Product identity clear. Exact real Indian packaging photo pending review. Synthetic images purged.
361,SRI DURGA CHILLI POWDER 100G,SRI DURGA CHILLI POWDER 100G,Sri Durga,100G,100G,groceries,,,VERIFIED,MEDIUM,https://g1mart.in/product/g1-prod-361,,NEEDS_REVIEW,Product identity clear. Exact real Indian packaging photo pending review. Synthetic images purged.
362,SRI DURGA CORIANDER 100G,SRI DURGA CORIANDER 100G,Sri Durga,100G,100G,rice-dal-atta,,,VERIFIED,MEDIUM,https://g1mart.in/product/g1-prod-362,,NEEDS_REVIEW,Product identity clear. Exact real Indian packaging photo pending review. Synthetic images purged.
363,SRI DURGA DANIA POWDER 50G,SRI DURGA DANIA POWDER 50G,Sri Durga,50G,50G,groceries,,,VERIFIED,MEDIUM,https://g1mart.in/product/g1-prod-363,,NEEDS_REVIEW,Product identity clear. Exact real Indian packaging photo pending review. Synthetic images purged.
364,Sri Durga Green Tamarind Pickleb 200g,Sri Durga Green Tamarind Pickleb 200g,Sri Durga,200g,200g,rice-dal-atta,,,VERIFIED,MEDIUM,https://g1mart.in/product/g1-prod-364,,NEEDS_REVIEW,Product identity clear. Exact real Indian packaging photo pending review. Synthetic images purged.
365,SRI DURGA MANGO AVAKAI 200G,SRI DURGA MANGO AVAKAI 200G,Sri Durga,200G,200G,groceries,,,VERIFIED,MEDIUM,https://g1mart.in/product/g1-prod-365,,NEEDS_REVIEW,Product identity clear. Exact real Indian packaging photo pending review. Synthetic images purged.
366,SRI DURGA PAPULA PODI150G,SRI DURGA PAPULA PODI150G,Sri Durga,150G,150G,groceries,,,VERIFIED,MEDIUM,https://g1mart.in/product/g1-prod-366,,NEEDS_REVIEW,Product identity clear. Exact real Indian packaging photo pending review. Synthetic images purged.
367,SRI DURGA SINGER GARLIC,SRI DURGA SINGER GARLIC,Sri Durga,Pieces,Pieces,groceries,,,VERIFIED,MEDIUM,https://g1mart.in/product/g1-prod-367,,NEEDS_REVIEW,Product identity clear. Exact real Indian packaging photo pending review. Synthetic images purged.
368,SRI DURGA TARMARIK 50G,SRI DURGA TARMARIK 50G,Sri Durga,50G,50G,rice-dal-atta,,,VERIFIED,MEDIUM,https://g1mart.in/product/g1-prod-368,,NEEDS_REVIEW,Product identity clear. Exact real Indian packaging photo pending review. Synthetic images purged.
369,SRI DURGA TOMATO PICKLE 200G,SRI DURGA TOMATO PICKLE 200G,Sri Durga,200G,200G,rice-dal-atta,,,VERIFIED,MEDIUM,https://g1mart.in/product/g1-prod-369,,NEEDS_REVIEW,Product identity clear. Exact real Indian packaging photo pending review. Synthetic images purged.
370,SRI DURGA TOMATO PICKLE 500G,SRI DURGA TOMATO PICKLE 500G,Sri Durga,500G,500G,rice-dal-atta,,,VERIFIED,MEDIUM,https://g1mart.in/product/g1-prod-370,,NEEDS_REVIEW,Product identity clear. Exact real Indian packaging photo pending review. Synthetic images purged.
371,SRI PAPADS 100G,SRI PAPADS 100G,Sri,100G,100G,rice-dal-atta,,,VERIFIED,MEDIUM,https://g1mart.in/product/g1-prod-371,,NEEDS_REVIEW,Product identity clear. Exact real Indian packaging photo pending review. Synthetic images purged.
372,SS ROD,SS ROD,,Packs,Packs,groceries,,,NEEDS_REVIEW,LOW,https://g1mart.in/product/g1-prod-372,,NEEDS_REVIEW,Stainless steel hardware item 'SS ROD'.
373,SSCG3,SSCG3,,Pieces,Pieces,groceries,,,NEEDS_REVIEW,LOW,https://g1mart.in/product/g1-prod-373,,NEEDS_REVIEW,Shorthand hardware code 'SSCG3'.
374,SSCG4S,SSCG4S,,Pieces,Pieces,groceries,,,NEEDS_REVIEW,LOW,https://g1mart.in/product/g1-prod-374,,NEEDS_REVIEW,Shorthand hardware code 'SSCG4S'.
375,STARFREE XL,STARFREE XL,Starfree,XL,Packs,personal-care,,,NEEDS_REVIEW,LOW,https://g1mart.in/product/g1-prod-375,,NEEDS_REVIEW,Regional sanitary pad SKU 'STARFREE XL'.
376,STRABERRY CANDYB 135G,STRABERRY CANDYB 135G,Straberry,135G,135G,snacks,,,NEEDS_REVIEW,LOW,https://g1mart.in/product/g1-prod-376,,NEEDS_REVIEW,Unbranded loose/pouch candy 'STRABERRY CANDYB 135G'.
377,Subha Lakshmi Turmeric 100,Subha Lakshmi Turmeric 100,Subha,Pieces,Pieces,rice-dal-atta,,,VERIFIED,MEDIUM,https://g1mart.in/product/g1-prod-377,,NEEDS_REVIEW,Product identity clear. Exact real Indian packaging photo pending review. Synthetic images purged.
378,Sugar 1Kg,Sugar 1Kg,Sugar,1Kg,1Kg,rice-dal-atta,,,VERIFIED,MEDIUM,https://g1mart.in/product/g1-prod-378,,NEEDS_REVIEW,Product identity clear. Exact real Indian packaging photo pending review. Synthetic images purged.
379,Sugar 500g,Sugar 500g,Sugar,500g,500g,rice-dal-atta,,,VERIFIED,MEDIUM,https://g1mart.in/product/g1-prod-379,,NEEDS_REVIEW,Product identity clear. Exact real Indian packaging photo pending review. Synthetic images purged.
380,SUN GOLD SOAP 25,SUN GOLD SOAP 25,Sun Gold,Pieces,Pieces,personal-care,,,VERIFIED,MEDIUM,https://g1mart.in/product/g1-prod-380,,NEEDS_REVIEW,Product identity clear. Exact real Indian packaging photo pending review. Synthetic images purged.
381,SUNFEAST BOUNCE 28G,SUNFEAST BOUNCE 28G,Sunfeast,28G,28G,groceries,,,VERIFIED,MEDIUM,https://g1mart.in/product/g1-prod-381,,NEEDS_REVIEW,Product identity clear. Exact real Indian packaging photo pending review. Synthetic images purged.
382,SUNFEAST FANTASTIK CHOCO ALMOND,SUNFEAST FANTASTIK CHOCO ALMOND,Sunfeast,Pieces,Pieces,groceries,,,VERIFIED,MEDIUM,https://g1mart.in/product/g1-prod-382,,NEEDS_REVIEW,Product identity clear. Exact real Indian packaging photo pending review. Synthetic images purged.
383,SUNFEAST FANTASTIK FRUIT &NUT,SUNFEAST FANTASTIK FRUIT &NUT,Sunfeast,Pieces,Pieces,groceries,,,VERIFIED,MEDIUM,https://g1mart.in/product/g1-prod-383,,NEEDS_REVIEW,Product identity clear. Exact real Indian packaging photo pending review. Synthetic images purged.
384,SUNFEAST GLICOSE 24G,SUNFEAST GLICOSE 24G,Sunfeast,24G,24G,groceries,,,VERIFIED,MEDIUM,https://g1mart.in/product/g1-prod-384,,NEEDS_REVIEW,Product identity clear. Exact real Indian packaging photo pending review. Synthetic images purged.
385,SUNFEAST SUPERMILK 31G,SUNFEAST SUPERMILK 31G,Sunfeast,31G,31G,groceries,,,VERIFIED,MEDIUM,https://g1mart.in/product/g1-prod-385,,NEEDS_REVIEW,Product identity clear. Exact real Indian packaging photo pending review. Synthetic images purged.
386,SUNFEAST SUPERMILK 72G,SUNFEAST SUPERMILK 72G,Sunfeast,72G,72G,groceries,,,VERIFIED,MEDIUM,https://g1mart.in/product/g1-prod-386,,NEEDS_REVIEW,Product identity clear. Exact real Indian packaging photo pending review. Synthetic images purged.
387,SUNFEAST SWEET&SALTY 68G,SUNFEAST SWEET&SALTY 68G,Sunfeast,68G,68G,groceries,,,VERIFIED,MEDIUM,https://g1mart.in/product/g1-prod-387,,NEEDS_REVIEW,Product identity clear. Exact real Indian packaging photo pending review. Synthetic images purged.
388,Sunflower Seeds 100g,Sunflower Seeds 100g,Sunflower,100g,100g,rice-dal-atta,,,VERIFIED,MEDIUM,https://g1mart.in/product/g1-prod-388,,NEEDS_REVIEW,Product identity clear. Exact real Indian packaging photo pending review. Synthetic images purged.
389,SUPER MOP,SUPER MOP,Super,Pieces,Pieces,household,,,VERIFIED,MEDIUM,https://g1mart.in/product/g1-prod-389,,NEEDS_REVIEW,Product identity clear. Exact real Indian packaging photo pending review. Synthetic images purged.
390,SURF EXCEL 10,SURF EXCEL 10,Surf Excel,Pieces,Pieces,household,,,VERIFIED,MEDIUM,https://g1mart.in/product/g1-prod-390,,NEEDS_REVIEW,Product identity clear. Exact real Indian packaging photo pending review. Synthetic images purged.
391,SURF EXCEL 65G,SURF EXCEL 65G,Surf Excel,65G,65G,household,,,VERIFIED,MEDIUM,https://g1mart.in/product/g1-prod-391,,NEEDS_REVIEW,Product identity clear. Exact real Indian packaging photo pending review. Synthetic images purged.
392,SURF EXCEL 84 G,SURF EXCEL 84 G,Surf Excel,84 G,84 G,household,,,VERIFIED,MEDIUM,https://g1mart.in/product/g1-prod-392,,NEEDS_REVIEW,Product identity clear. Exact real Indian packaging photo pending review. Synthetic images purged.
393,Surf Excel Bar 250g,Surf Excel Bar 250g,Surf Excel,250g,250g,household,,,VERIFIED,MEDIUM,https://g1mart.in/product/g1-prod-393,,NEEDS_REVIEW,Product identity clear. Exact real Indian packaging photo pending review. Synthetic images purged.
394,SURF EXCEL MATIC 70G,SURF EXCEL MATIC 70G,Surf Excel,70G,70G,household,,,VERIFIED,MEDIUM,https://g1mart.in/product/g1-prod-394,,NEEDS_REVIEW,Product identity clear. Exact real Indian packaging photo pending review. Synthetic images purged.
395,SURFEXEL SOPE,Surf Excel Detergent Bar,Surf Excel,Pieces,Pieces,household,,,VERIFIED,MEDIUM,https://g1mart.in/product/g1-prod-395,,NEEDS_REVIEW,Product identity clear. Exact real Indian packaging photo pending review. Synthetic images purged.
396,SURYA DEVA,SURYA DEVA,Surya Deva,Pieces,Pieces,groceries,,,VERIFIED,MEDIUM,https://g1mart.in/product/g1-prod-396,,NEEDS_REVIEW,Product identity clear. Exact real Indian packaging photo pending review. Synthetic images purged.
397,Swastiks Mango Pickle200g,Swastiks Mango Pickle200g,Swastiks,200g,200g,groceries,,,VERIFIED,MEDIUM,https://g1mart.in/product/g1-prod-397,,NEEDS_REVIEW,Product identity clear. Exact real Indian packaging photo pending review. Synthetic images purged.
398,SWASTIKS RED CHILLI PICKLE 500G,SWASTIKS RED CHILLI PICKLE 500G,Swastiks,500G,500G,rice-dal-atta,,,VERIFIED,MEDIUM,https://g1mart.in/product/g1-prod-398,,NEEDS_REVIEW,Product identity clear. Exact real Indian packaging photo pending review. Synthetic images purged.
399,SWD GARLIC MIXTUR,SWD GARLIC MIXTUR,Swd,Pieces,Pieces,snacks,,,VERIFIED,MEDIUM,https://g1mart.in/product/g1-prod-399,,NEEDS_REVIEW,Product identity clear. Exact real Indian packaging photo pending review. Synthetic images purged.
400,SWD SPICY NUTS 25G,SWD SPICY NUTS 25G,Swd,25G,25G,groceries,,,VERIFIED,MEDIUM,https://g1mart.in/product/g1-prod-400,,NEEDS_REVIEW,Product identity clear. Exact real Indian packaging photo pending review. Synthetic images purged.
401,SWEEPER,SWEEPER,Sweeper,Pieces,Pieces,household,,,VERIFIED,MEDIUM,https://g1mart.in/product/g1-prod-401,,NEEDS_REVIEW,Product identity clear. Exact real Indian packaging photo pending review. Synthetic images purged.
402,TAJ MAHAL 250G,TAJ MAHAL 250G,Taj Mahal,250G,250G,beverages,,,VERIFIED,MEDIUM,https://g1mart.in/product/g1-prod-402,,NEEDS_REVIEW,Product identity clear. Exact real Indian packaging photo pending review. Synthetic images purged.
403,TAMARIND250G,TAMARIND250G,,250G,250G,groceries,,,VERIFIED,MEDIUM,https://g1mart.in/product/g1-prod-403,,NEEDS_REVIEW,Product identity clear. Exact real Indian packaging photo pending review. Synthetic images purged.
404,TAMARIND500G,TAMARIND500G,,500G,500G,groceries,,,VERIFIED,MEDIUM,https://g1mart.in/product/g1-prod-404,,NEEDS_REVIEW,Product identity clear. Exact real Indian packaging photo pending review. Synthetic images purged.
405,TANGY IMLI 350G,TANGY IMLI 350G,Tangy,350G,350G,rice-dal-atta,,,VERIFIED,MEDIUM,https://g1mart.in/product/g1-prod-405,,NEEDS_REVIEW,Product identity clear. Exact real Indian packaging photo pending review. Synthetic images purged.
406,TASTY NUTS 100G,TASTY NUTS 100G,Tasty,100G,100G,snacks,,,VERIFIED,MEDIUM,https://g1mart.in/product/g1-prod-406,,NEEDS_REVIEW,Product identity clear. Exact real Indian packaging photo pending review. Synthetic images purged.
407,TATA RA SALT,Tata Salt Vacuum Evaporated Iodised Salt 1kg,Tata,1kg Pouch,Pieces,rice-dal-atta,28.0,,VERIFIED,HIGH,https://g1mart.in/product/g1-prod-407,https://pzrigfczxwscpzxkykvf.supabase.co/storage/v1/object/public/product-images/g1-prod-407/primary.jpg,VERIFIED,Verified authentic Indian FMCG packaging. Deterministic Supabase Storage path.
408,Telagadalu 100G,Telagadalu 100G,Telagadalu,100G,100G,rice-dal-atta,,,VERIFIED,MEDIUM,https://g1mart.in/product/g1-prod-408,,NEEDS_REVIEW,Product identity clear. Exact real Indian packaging photo pending review. Synthetic images purged.
409,Telagadalu 250G,Telagadalu 250G,Telagadalu,250G,250G,rice-dal-atta,,,VERIFIED,MEDIUM,https://g1mart.in/product/g1-prod-409,,NEEDS_REVIEW,Product identity clear. Exact real Indian packaging photo pending review. Synthetic images purged.
410,Telagadalu 500g,Telagadalu 500g,Telagadalu,500g,500g,rice-dal-atta,,,VERIFIED,MEDIUM,https://g1mart.in/product/g1-prod-410,,NEEDS_REVIEW,Product identity clear. Exact real Indian packaging photo pending review. Synthetic images purged.
411,TERMERIC POWDER 100G,Pure Turmeric Powder (Pasupu) 100G,Termeric,100G,100G,rice-dal-atta,,,VERIFIED,MEDIUM,https://g1mart.in/product/g1-prod-411,,NEEDS_REVIEW,Product identity clear. Exact real Indian packaging photo pending review. Synthetic images purged.
412,TERMERIC POWDER 500G,Pure Turmeric Powder (Pasupu) 500G,Termeric,500G,500G,rice-dal-atta,,,VERIFIED,MEDIUM,https://g1mart.in/product/g1-prod-412,,NEEDS_REVIEW,Product identity clear. Exact real Indian packaging photo pending review. Synthetic images purged.
413,TERMERIC POWDER 50G,Pure Turmeric Powder (Pasupu) 50G,Termeric,50G,50G,rice-dal-atta,,,VERIFIED,MEDIUM,https://g1mart.in/product/g1-prod-413,,NEEDS_REVIEW,Product identity clear. Exact real Indian packaging photo pending review. Synthetic images purged.
414,Thumsup,Thumsup,Thums Up,Pieces,Pieces,beverages,,,VERIFIED,MEDIUM,https://g1mart.in/product/g1-prod-414,,NEEDS_REVIEW,Product identity clear. Exact real Indian packaging photo pending review. Synthetic images purged.
415,THUMSUP 1L,THUMSUP 1L,Thums Up,1L,1L,beverages,,,VERIFIED,MEDIUM,https://g1mart.in/product/g1-prod-415,,NEEDS_REVIEW,Product identity clear. Exact real Indian packaging photo pending review. Synthetic images purged.
416,THUMSUP 2.25L,THUMSUP 2.25L,Thums Up,2.25L,2.25L,beverages,,,VERIFIED,MEDIUM,https://g1mart.in/product/g1-prod-416,,NEEDS_REVIEW,Product identity clear. Exact real Indian packaging photo pending review. Synthetic images purged.
417,TOMATO SOUP,TOMATO SOUP,Tomato,Pieces,Pieces,beverages,,,VERIFIED,MEDIUM,https://g1mart.in/product/g1-prod-417,,NEEDS_REVIEW,Product identity clear. Exact real Indian packaging photo pending review. Synthetic images purged.
418,TRESEMME 180ML,TRESEMME 180ML,Tresemme,180ML,180ML,personal-care,,,VERIFIED,MEDIUM,https://g1mart.in/product/g1-prod-418,,NEEDS_REVIEW,Product identity clear. Exact real Indian packaging photo pending review. Synthetic images purged.
419,TULIPS COTTON SWABS,TULIPS COTTON SWABS,Tulips,Pieces,Pieces,personal-care,,,VERIFIED,MEDIUM,https://g1mart.in/product/g1-prod-419,,NEEDS_REVIEW,Product identity clear. Exact real Indian packaging photo pending review. Synthetic images purged.
420,UINIBIC CASEW BADAM,Unibic CASEW BADAM,Unibic,Pieces,Pieces,rice-dal-atta,,,VERIFIED,MEDIUM,https://g1mart.in/product/g1-prod-420,,NEEDS_REVIEW,Product identity clear. Exact real Indian packaging photo pending review. Synthetic images purged.
421,UINIBIC CHOCO CHIP,Unibic CHOCO CHIP,Unibic,Pieces,Pieces,groceries,,,VERIFIED,MEDIUM,https://g1mart.in/product/g1-prod-421,,NEEDS_REVIEW,Product identity clear. Exact real Indian packaging photo pending review. Synthetic images purged.
422,UINIBIC CHOCO RIPPLE,Unibic CHOCO RIPPLE,Unibic,Pieces,Pieces,groceries,,,VERIFIED,MEDIUM,https://g1mart.in/product/g1-prod-422,,NEEDS_REVIEW,Product identity clear. Exact real Indian packaging photo pending review. Synthetic images purged.
423,UINIBIC ORANGE SPLASH,Unibic ORANGE SPLASH,Unibic,Pieces,Pieces,groceries,,,VERIFIED,MEDIUM,https://g1mart.in/product/g1-prod-423,,NEEDS_REVIEW,Product identity clear. Exact real Indian packaging photo pending review. Synthetic images purged.
424,UJALA 30ML,UJALA 30ML,Ujala,30ML,30ML,groceries,,,VERIFIED,MEDIUM,https://g1mart.in/product/g1-prod-424,,NEEDS_REVIEW,Product identity clear. Exact real Indian packaging photo pending review. Synthetic images purged.
425,Ujala 75ml,Ujala 75ml,Ujala,75ml,75ml,groceries,,,VERIFIED,MEDIUM,https://g1mart.in/product/g1-prod-425,,NEEDS_REVIEW,Product identity clear. Exact real Indian packaging photo pending review. Synthetic images purged.
426,ULTIMATE POWER LIQUID DETERGENT,ULTIMATE POWER LIQUID DETERGENT,Ultimate,Pieces,Pieces,household,,,VERIFIED,MEDIUM,https://g1mart.in/product/g1-prod-426,,NEEDS_REVIEW,Product identity clear. Exact real Indian packaging photo pending review. Synthetic images purged.
427,ULTRA FLOOR CLEAN,ULTRA FLOOR CLEAN,Ultra,Pieces,Pieces,groceries,,,VERIFIED,MEDIUM,https://g1mart.in/product/g1-prod-427,,NEEDS_REVIEW,Product identity clear. Exact real Indian packaging photo pending review. Synthetic images purged.
428,ULTRA SOFT BRUSH,ULTRA SOFT BRUSH,Ultra,Pieces,Pieces,household,,,VERIFIED,MEDIUM,https://g1mart.in/product/g1-prod-428,,NEEDS_REVIEW,Product identity clear. Exact real Indian packaging photo pending review. Synthetic images purged.
429,UNIBIC BUTTER,UNIBIC BUTTER,Unibic,Pieces,Pieces,groceries,,,VERIFIED,MEDIUM,https://g1mart.in/product/g1-prod-429,,NEEDS_REVIEW,Product identity clear. Exact real Indian packaging photo pending review. Synthetic images purged.
430,UNIBIC CASHEW,UNIBIC CASHEW,Unibic,Pieces,Pieces,rice-dal-atta,,,VERIFIED,MEDIUM,https://g1mart.in/product/g1-prod-430,,NEEDS_REVIEW,Product identity clear. Exact real Indian packaging photo pending review. Synthetic images purged.
431,UNIBIC CASHEW BADAM,UNIBIC CASHEW BADAM,Unibic,Pieces,Pieces,rice-dal-atta,,,VERIFIED,MEDIUM,https://g1mart.in/product/g1-prod-431,,NEEDS_REVIEW,Product identity clear. Exact real Indian packaging photo pending review. Synthetic images purged.
432,UNIBIC CHOCO CHIP,UNIBIC CHOCO CHIP,Unibic,Pieces,Pieces,groceries,,,VERIFIED,MEDIUM,https://g1mart.in/product/g1-prod-432,,NEEDS_REVIEW,Product identity clear. Exact real Indian packaging photo pending review. Synthetic images purged.
433,UNIBIC CHOCO NUT,UNIBIC CHOCO NUT,Unibic,Pieces,Pieces,groceries,,,VERIFIED,MEDIUM,https://g1mart.in/product/g1-prod-433,,NEEDS_REVIEW,Product identity clear. Exact real Indian packaging photo pending review. Synthetic images purged.
434,UNIBIC CHOCO RIPPLE,UNIBIC CHOCO RIPPLE,Unibic,Pieces,Pieces,groceries,,,VERIFIED,MEDIUM,https://g1mart.in/product/g1-prod-434,,NEEDS_REVIEW,Product identity clear. Exact real Indian packaging photo pending review. Synthetic images purged.
435,UNIBIC CHOCOLATE WAFER,UNIBIC CHOCOLATE WAFER,Unibic,Pieces,Pieces,snacks,,,VERIFIED,MEDIUM,https://g1mart.in/product/g1-prod-435,,NEEDS_REVIEW,Product identity clear. Exact real Indian packaging photo pending review. Synthetic images purged.
436,UNIBIC COCONUT,UNIBIC COCONUT,Unibic,Pieces,Pieces,fruits-vegetables,,,VERIFIED,MEDIUM,https://g1mart.in/product/g1-prod-436,,NEEDS_REVIEW,Product identity clear. Exact real Indian packaging photo pending review. Synthetic images purged.
437,UNIBIC DANISH COCONUT,UNIBIC DANISH COCONUT,Unibic,Pieces,Pieces,fruits-vegetables,,,VERIFIED,MEDIUM,https://g1mart.in/product/g1-prod-437,,NEEDS_REVIEW,Product identity clear. Exact real Indian packaging photo pending review. Synthetic images purged.
438,UNIBIC FRUIT & NUT,UNIBIC FRUIT & NUT,Unibic,Pieces,Pieces,groceries,,,VERIFIED,MEDIUM,https://g1mart.in/product/g1-prod-438,,NEEDS_REVIEW,Product identity clear. Exact real Indian packaging photo pending review. Synthetic images purged.
439,UNIBIC OATS,UNIBIC OATS,Unibic,Pieces,Pieces,groceries,,,VERIFIED,MEDIUM,https://g1mart.in/product/g1-prod-439,,NEEDS_REVIEW,Product identity clear. Exact real Indian packaging photo pending review. Synthetic images purged.
440,UNIBIC ORANGE SPLASH,UNIBIC ORANGE SPLASH,Unibic,Pieces,Pieces,groceries,,,VERIFIED,MEDIUM,https://g1mart.in/product/g1-prod-440,,NEEDS_REVIEW,Product identity clear. Exact real Indian packaging photo pending review. Synthetic images purged.
441,UNIBIC PISTA BADAM,UNIBIC PISTA BADAM,Unibic,Pieces,Pieces,rice-dal-atta,,,VERIFIED,MEDIUM,https://g1mart.in/product/g1-prod-441,,NEEDS_REVIEW,Product identity clear. Exact real Indian packaging photo pending review. Synthetic images purged.
442,UNIBIC RICH CHOCOLATE WAFER,UNIBIC RICH CHOCOLATE WAFER,Unibic,Pieces,Pieces,snacks,,,VERIFIED,MEDIUM,https://g1mart.in/product/g1-prod-442,,NEEDS_REVIEW,Product identity clear. Exact real Indian packaging photo pending review. Synthetic images purged.
443,UNIBIC STRABERRY WAFER,UNIBIC STRABERRY WAFER,Unibic,Pieces,Pieces,snacks,,,VERIFIED,MEDIUM,https://g1mart.in/product/g1-prod-443,,NEEDS_REVIEW,Product identity clear. Exact real Indian packaging photo pending review. Synthetic images purged.
444,VAM 50G,VAM 50G,Vam,50G,50G,groceries,,,VERIFIED,MEDIUM,https://g1mart.in/product/g1-prod-444,,NEEDS_REVIEW,Product identity clear. Exact real Indian packaging photo pending review. Synthetic images purged.
445,VASELINE 5.5G,VASELINE 5.5G,Vaseline,5.5G,5.5G,personal-care,,,VERIFIED,MEDIUM,https://g1mart.in/product/g1-prod-445,,NEEDS_REVIEW,Product identity clear. Exact real Indian packaging photo pending review. Synthetic images purged.
446,Vermicilli Bambino1kg,Vermicilli Bambino1kg,Vermicilli,1kg,1kg,rice-dal-atta,,,VERIFIED,MEDIUM,https://g1mart.in/product/g1-prod-446,,NEEDS_REVIEW,Product identity clear. Exact real Indian packaging photo pending review. Synthetic images purged.
447,Vermicilli Payasam Mix,Vermicilli Payasam Mix,Vermicilli,Pieces,Pieces,rice-dal-atta,,,VERIFIED,MEDIUM,https://g1mart.in/product/g1-prod-447,,NEEDS_REVIEW,Product identity clear. Exact real Indian packaging photo pending review. Synthetic images purged.
448,Verusenaga Pappu 1kg,Verusenaga Pappu (Raw Groundnuts / Peanuts) 1kg,Verusenaga,1kg,1kg,rice-dal-atta,,,VERIFIED,MEDIUM,https://g1mart.in/product/g1-prod-448,,NEEDS_REVIEW,Product identity clear. Exact real Indian packaging photo pending review. Synthetic images purged.
449,Verusenaga Pappu 500g,Verusenaga Pappu (Raw Groundnuts / Peanuts) 500g,Verusenaga,500g,500g,rice-dal-atta,,,VERIFIED,MEDIUM,https://g1mart.in/product/g1-prod-449,,NEEDS_REVIEW,Product identity clear. Exact real Indian packaging photo pending review. Synthetic images purged.
450,VIJAYA GROUNDNUT OIL 1L,VIJAYA GROUNDNUT OIL 1L,Vijaya,1L,1L,rice-dal-atta,,,VERIFIED,MEDIUM,https://g1mart.in/product/g1-prod-450,,NEEDS_REVIEW,Product identity clear. Exact real Indian packaging photo pending review. Synthetic images purged.
451,Vim 10g,Vim 10g,Vim,10g,10g,household,,,VERIFIED,MEDIUM,https://g1mart.in/product/g1-prod-451,,NEEDS_REVIEW,Product identity clear. Exact real Indian packaging photo pending review. Synthetic images purged.
452,Vim 126g,Vim 126g,Vim,126g,126g,household,,,VERIFIED,MEDIUM,https://g1mart.in/product/g1-prod-452,,NEEDS_REVIEW,Product identity clear. Exact real Indian packaging photo pending review. Synthetic images purged.
453,VIM 190ML,VIM 190ML,Vim,190ML,190ML,household,,,VERIFIED,MEDIUM,https://g1mart.in/product/g1-prod-453,,NEEDS_REVIEW,Product identity clear. Exact real Indian packaging photo pending review. Synthetic images purged.
454,VIM 250ML,VIM 250ML,Vim,250ML,250ML,household,,,VERIFIED,MEDIUM,https://g1mart.in/product/g1-prod-454,,NEEDS_REVIEW,Product identity clear. Exact real Indian packaging photo pending review. Synthetic images purged.
455,Vim 480g,Vim 480g,Vim,480g,480g,household,,,VERIFIED,MEDIUM,https://g1mart.in/product/g1-prod-455,,NEEDS_REVIEW,Product identity clear. Exact real Indian packaging photo pending review. Synthetic images purged.
456,Vim 5rs Bar,Vim 5rs Bar,Vim,5rs,5rs,household,,,VERIFIED,MEDIUM,https://g1mart.in/product/g1-prod-456,,NEEDS_REVIEW,Product identity clear. Exact real Indian packaging photo pending review. Synthetic images purged.
457,Vim Sop,Vim Dishwash Bar,Vim,Pieces,Pieces,household,,,VERIFIED,MEDIUM,https://g1mart.in/product/g1-prod-457,,NEEDS_REVIEW,Product identity clear. Exact real Indian packaging photo pending review. Synthetic images purged.
458,Vt Avalu 100g,Vt Mustard Seeds (Avalu) 100g,,100g,100g,rice-dal-atta,,,VERIFIED,MEDIUM,https://g1mart.in/product/g1-prod-458,,NEEDS_REVIEW,Product identity clear. Exact real Indian packaging photo pending review. Synthetic images purged.
459,WAGH BAKRI TEA 100G,WAGH BAKRI TEA 100G,Wagh Bakri,100G,100G,beverages,,,VERIFIED,MEDIUM,https://g1mart.in/product/g1-prod-459,,NEEDS_REVIEW,Product identity clear. Exact real Indian packaging photo pending review. Synthetic images purged.
460,WAGH BAKRI250G,Wagh Bakri Tea 250g,Wagh Bakri,Premium Leaf,250G,beverages,160.0,,VERIFIED,HIGH,https://g1mart.in/product/g1-prod-460,https://pzrigfczxwscpzxkykvf.supabase.co/storage/v1/object/public/product-images/g1-prod-460/primary.jpg,VERIFIED,Verified authentic Indian FMCG packaging. Deterministic Supabase Storage path.
461,WAGHB BAKRI ELAICHI 100G,WAGHB BAKRI ELAICHI 100G,Wagh Bakri,100G,100G,beverages,,,VERIFIED,MEDIUM,https://g1mart.in/product/g1-prod-461,,NEEDS_REVIEW,Product identity clear. Exact real Indian packaging photo pending review. Synthetic images purged.
462,WALL STICK,WALL STICK,Wall,Pieces,Pieces,groceries,,,NEEDS_REVIEW,LOW,https://g1mart.in/product/g1-prod-462,,NEEDS_REVIEW,Wall hook hardware item 'WALL STICK'.
463,Watermelon Seeds 100g,Watermelon Seeds 100g,Watermelon,100g,100g,rice-dal-atta,,,VERIFIED,MEDIUM,https://g1mart.in/product/g1-prod-463,,NEEDS_REVIEW,Product identity clear. Exact real Indian packaging photo pending review. Synthetic images purged.
464,WHISPER XXL,WHISPER XXL,Whisper,XXL,Pieces,personal-care,,,VERIFIED,MEDIUM,https://g1mart.in/product/g1-prod-464,,NEEDS_REVIEW,Product identity clear. Exact real Indian packaging photo pending review. Synthetic images purged.
465,WHITE URAD DAL 500G,WHITE URAD DAL 500G,White,500G,500G,rice-dal-atta,,,VERIFIED,MEDIUM,https://g1mart.in/product/g1-prod-465,,NEEDS_REVIEW,Product identity clear. Exact real Indian packaging photo pending review. Synthetic images purged.
466,WHITE URAD DAL250g,WHITE URAD DAL250g,White,250g,250g,rice-dal-atta,,,VERIFIED,MEDIUM,https://g1mart.in/product/g1-prod-466,,NEEDS_REVIEW,Product identity clear. Exact real Indian packaging photo pending review. Synthetic images purged.
467,WIPPER STICK,WIPPER STICK,Wipper,Pieces,Pieces,groceries,,,NEEDS_REVIEW,LOW,https://g1mart.in/product/g1-prod-467,,NEEDS_REVIEW,Cleaning hardware 'WIPPER STICK'.
468,WOMENS PLUS,WOMENS PLUS,Womens,Pieces,Pieces,groceries,,,VERIFIED,MEDIUM,https://g1mart.in/product/g1-prod-468,,NEEDS_REVIEW,Product identity clear. Exact real Indian packaging photo pending review. Synthetic images purged.
469,Yendu Kobbari 250g,Yendu Kobbari (Dry Coconut) 250g,Yendu,250g,250g,rice-dal-atta,,,VERIFIED,MEDIUM,https://g1mart.in/product/g1-prod-469,,NEEDS_REVIEW,Product identity clear. Exact real Indian packaging photo pending review. Synthetic images purged.
470,YIPPEE NOODLES 280G,YIPPEE NOODLES 280G,Yippee,280G,280G,snacks,,,VERIFIED,MEDIUM,https://g1mart.in/product/g1-prod-470,,NEEDS_REVIEW,Product identity clear. Exact real Indian packaging photo pending review. Synthetic images purged.
471,YIPPEE NOODLES MAGIC MASALA,YIPPEE NOODLES MAGIC MASALA,Yippee,Pieces,Pieces,rice-dal-atta,,,VERIFIED,MEDIUM,https://g1mart.in/product/g1-prod-471,,NEEDS_REVIEW,Product identity clear. Exact real Indian packaging photo pending review. Synthetic images purged.
472,YIPPEE WOW MASALA,YIPPEE WOW MASALA,Yippee,Pieces,Pieces,rice-dal-atta,,,VERIFIED,MEDIUM,https://g1mart.in/product/g1-prod-472,,NEEDS_REVIEW,Product identity clear. Exact real Indian packaging photo pending review. Synthetic images purged.
