product_id,product_name,brand,category,original_image_url,flag_reasons,action_taken
g1-100,Pepper Powder 6G,G1 Mart Fresh,personal-care,/products/packshots/santoor-soap.jpg,"IMAGE_MISMATCH (image filename 'santoor-soap.jpg' belongs to 'santoor', but product is 'Pepper Powder 6G')",Assigned neutral placeholder: /products/placeholder.svg
g1-1002,Glow & Lovely 9G,Glow & Lovely,personal-care,/products/placeholder.svg,MISSING_OR_PLACEHOLDER_IMAGE,Assigned neutral placeholder: /products/placeholder.svg
g1-1009,Nirmala Sweet Betek NUT Packet,G1 Mart Fresh,snacks-beverages,/products/placeholder.svg,MISSING_OR_PLACEHOLDER_IMAGE,Assigned neutral placeholder: /products/placeholder.svg
g1-1010,Continental Xtra,Continental,snacks-beverages,/products/packshots/red-label-tea.jpg,"IMAGE_MISMATCH (image filename 'red-label-tea.jpg' belongs to 'red label', but product is 'Continental Xtra')",Assigned neutral placeholder: /products/placeholder.svg
g1-1011,3 Roses Elaichi 250g,3 Roses,snacks-beverages,/products/packshots/red-label-tea.jpg,"IMAGE_MISMATCH (image filename 'red-label-tea.jpg' belongs to 'red label', but product is '3 Roses Elaichi 250g')",Assigned neutral placeholder: /products/placeholder.svg
g1-1013,HIT Chalk 15G,G1 Mart Fresh,household-cleaning,/products/placeholder.svg,MISSING_OR_PLACEHOLDER_IMAGE,Assigned neutral placeholder: /products/placeholder.svg
g1-1014,Aachi Ginger Garlic Paste,Aachi,grocery-staples,/products/placeholder.svg,MISSING_OR_PLACEHOLDER_IMAGE,Assigned neutral placeholder: /products/placeholder.svg
g1-1015,Johnsonis Baby Powder G50,G1 Mart Fresh,personal-care,/products/placeholder.svg,MISSING_OR_PLACEHOLDER_IMAGE,Assigned neutral placeholder: /products/placeholder.svg
g1-1016,Himalaya Baby Powder 100g,Himalaya,personal-care,/products/placeholder.svg,MISSING_OR_PLACEHOLDER_IMAGE,Assigned neutral placeholder: /products/placeholder.svg
g1-1017,Hatsun Curd,Hatsun,snacks-beverages,/products/packshots/arun-donut.jpg,"CORRUPT_OR_UNREADABLE (setting an array element with a sequence. The requested array has an inhomogeneous shape after 1 dimensions. The detected shape was (4,) + inhomogeneous part.)",Assigned neutral placeholder: /products/placeholder.svg
g1-1022,Tata RA Salt,Tata,grocery-staples,/products/packshots/aashirvaad-salt.jpg,"IMAGE_MISMATCH (image filename 'aashirvaad-salt.jpg' belongs to 'aashirvaad', but product is 'Tata RA Salt')",Assigned neutral placeholder: /products/placeholder.svg
g1-1024,High Power,G1 Mart Fresh,personal-care,/products/placeholder.svg,MISSING_OR_PLACEHOLDER_IMAGE,Assigned neutral placeholder: /products/placeholder.svg
g1-1025,Happy Happy,G1 Mart Fresh,personal-care,/products/placeholder.svg,MISSING_OR_PLACEHOLDER_IMAGE,Assigned neutral placeholder: /products/placeholder.svg
g1-1026,Arun Icecream 500ml,Arun Icecreams,personal-care,/products/packshots/arun-donut.jpg,"CORRUPT_OR_UNREADABLE (setting an array element with a sequence. The requested array has an inhomogeneous shape after 1 dimensions. The detected shape was (4,) + inhomogeneous part.)",Assigned neutral placeholder: /products/placeholder.svg
g1-1028,Arun Toffee CON,Arun Icecreams,snacks-beverages,/products/packshots/arun-donut.jpg,"CORRUPT_OR_UNREADABLE (setting an array element with a sequence. The requested array has an inhomogeneous shape after 1 dimensions. The detected shape was (4,) + inhomogeneous part.)",Assigned neutral placeholder: /products/placeholder.svg
g1-1029,Arun Bites,Arun Icecreams,snacks-beverages,/products/packshots/arun-donut.jpg,"CORRUPT_OR_UNREADABLE (setting an array element with a sequence. The requested array has an inhomogeneous shape after 1 dimensions. The detected shape was (4,) + inhomogeneous part.)",Assigned neutral placeholder: /products/placeholder.svg
g1-1030,Arun Popitos,Arun Icecreams,snacks-beverages,/products/packshots/arun-donut.jpg,"CORRUPT_OR_UNREADABLE (setting an array element with a sequence. The requested array has an inhomogeneous shape after 1 dimensions. The detected shape was (4,) + inhomogeneous part.)",Assigned neutral placeholder: /products/placeholder.svg
g1-1031,Arun Sunny Sil,Arun Icecreams,snacks-beverages,/products/packshots/arun-donut.jpg,"CORRUPT_OR_UNREADABLE (setting an array element with a sequence. The requested array has an inhomogeneous shape after 1 dimensions. The detected shape was (4,) + inhomogeneous part.)",Assigned neutral placeholder: /products/placeholder.svg
g1-1033,Arun Likstick ICE,Arun Icecreams,snacks-beverages,/products/packshots/arun-donut.jpg,"CORRUPT_OR_UNREADABLE (setting an array element with a sequence. The requested array has an inhomogeneous shape after 1 dimensions. The detected shape was (4,) + inhomogeneous part.)",Assigned neutral placeholder: /products/placeholder.svg
g1-1034,DRY Nuts BOL,G1 Mart Fresh,snacks-beverages,/products/placeholder.svg,MISSING_OR_PLACEHOLDER_IMAGE,Assigned neutral placeholder: /products/placeholder.svg
g1-1035,Elachi,G1 Mart Fresh,personal-care,/products/placeholder.svg,MISSING_OR_PLACEHOLDER_IMAGE,Assigned neutral placeholder: /products/placeholder.svg
g1-1036,Arun Donut,Arun Icecreams,snacks-beverages,/products/packshots/arun-donut.jpg,"CORRUPT_OR_UNREADABLE (setting an array element with a sequence. The requested array has an inhomogeneous shape after 1 dimensions. The detected shape was (4,) + inhomogeneous part.)",Assigned neutral placeholder: /products/placeholder.svg
g1-1037,Arun Whaie,Arun Icecreams,snacks-beverages,/products/packshots/arun-donut.jpg,"CORRUPT_OR_UNREADABLE (setting an array element with a sequence. The requested array has an inhomogeneous shape after 1 dimensions. The detected shape was (4,) + inhomogeneous part.)",Assigned neutral placeholder: /products/placeholder.svg
g1-1038,Arun Ibar,Arun Icecreams,snacks-beverages,/products/packshots/arun-donut.jpg,"CORRUPT_OR_UNREADABLE (setting an array element with a sequence. The requested array has an inhomogeneous shape after 1 dimensions. The detected shape was (4,) + inhomogeneous part.)",Assigned neutral placeholder: /products/placeholder.svg
g1-1039,Arun Double,Arun Icecreams,snacks-beverages,/products/packshots/arun-donut.jpg,"CORRUPT_OR_UNREADABLE (setting an array element with a sequence. The requested array has an inhomogeneous shape after 1 dimensions. The detected shape was (4,) + inhomogeneous part.)",Assigned neutral placeholder: /products/placeholder.svg
g1-104,707 Soap,G1 Mart Fresh,personal-care,/products/packshots/santoor-soap.jpg,"IMAGE_MISMATCH (image filename 'santoor-soap.jpg' belongs to 'santoor', but product is '707 Soap')",Assigned neutral placeholder: /products/placeholder.svg
g1-1040,Arokya Milk,G1 Mart Fresh,snacks-beverages,/products/packshots/arun-donut.jpg,"CORRUPT_OR_UNREADABLE (setting an array element with a sequence. The requested array has an inhomogeneous shape after 1 dimensions. The detected shape was (4,) + inhomogeneous part.)",Assigned neutral placeholder: /products/placeholder.svg
g1-1041,Lock 60mm,G1 Mart Fresh,personal-care,/products/placeholder.svg,MISSING_OR_PLACEHOLDER_IMAGE,Assigned neutral placeholder: /products/placeholder.svg
g1-1042,Lock 35mm,G1 Mart Fresh,snacks-beverages,/products/placeholder.svg,MISSING_OR_PLACEHOLDER_IMAGE,Assigned neutral placeholder: /products/placeholder.svg
g1-1043,Arun Milky Fantasy,Arun Icecreams,snacks-beverages,/products/packshots/arun-donut.jpg,"CORRUPT_OR_UNREADABLE (setting an array element with a sequence. The requested array has an inhomogeneous shape after 1 dimensions. The detected shape was (4,) + inhomogeneous part.)",Assigned neutral placeholder: /products/placeholder.svg
g1-1044,Arun Bites,Arun Icecreams,snacks-beverages,/products/packshots/arun-donut.jpg,"CORRUPT_OR_UNREADABLE (setting an array element with a sequence. The requested array has an inhomogeneous shape after 1 dimensions. The detected shape was (4,) + inhomogeneous part.)",Assigned neutral placeholder: /products/placeholder.svg
g1-1045,Curd,G1 Mart Fresh,snacks-beverages,/products/packshots/arun-donut.jpg,"CORRUPT_OR_UNREADABLE (setting an array element with a sequence. The requested array has an inhomogeneous shape after 1 dimensions. The detected shape was (4,) + inhomogeneous part.)",Assigned neutral placeholder: /products/placeholder.svg
g1-1046,RIN Matic,Rin,household-cleaning,/products/packshots/surf-excel.jpg,"IMAGE_MISMATCH (image filename 'surf-excel.jpg' belongs to 'surf excel', but product is 'RIN Matic')",Assigned neutral placeholder: /products/placeholder.svg
g1-1047,EXO Powder 5600g,Exo,personal-care,/products/packshots/exo-scrubber.jpg,"WRONG_ASPECT_RATIO (400x267, ratio 1.50) | CORRUPT_OR_UNREADABLE (setting an array element with a sequence. The requested array has an inhomogeneous shape after 1 dimensions. The detected shape was (4,) + inhomogeneous part.)",Assigned neutral placeholder: /products/placeholder.svg
g1-1048,Domex Powder,Domex,personal-care,/products/placeholder.svg,MISSING_OR_PLACEHOLDER_IMAGE,Assigned neutral placeholder: /products/placeholder.svg
g1-1049,Rin Fabric,Rin,household-cleaning,/products/placeholder.svg,MISSING_OR_PLACEHOLDER_IMAGE,Assigned neutral placeholder: /products/placeholder.svg
g1-105,SUN Gold Soap 25,G1 Mart Fresh,personal-care,/products/packshots/santoor-soap.jpg,"IMAGE_MISMATCH (image filename 'santoor-soap.jpg' belongs to 'santoor', but product is 'SUN Gold Soap 25')",Assigned neutral placeholder: /products/placeholder.svg
g1-1051,Arun Sandwich,Arun Icecreams,snacks-beverages,/products/packshots/arun-donut.jpg,"CORRUPT_OR_UNREADABLE (setting an array element with a sequence. The requested array has an inhomogeneous shape after 1 dimensions. The detected shape was (4,) + inhomogeneous part.)",Assigned neutral placeholder: /products/placeholder.svg
g1-1052,Moms Magic,Sunfeast,snacks-beverages,/products/packshots/good-day.jpg,"IMAGE_MISMATCH (image filename 'good-day.jpg' belongs to 'good day', but product is 'Moms Magic')",Assigned neutral placeholder: /products/placeholder.svg
g1-1053,Good DAY,Britannia,snacks-beverages,/products/packshots/good-day.jpg,"IMAGE_MISMATCH (image filename 'good-day.jpg' belongs to 'good day', but product is 'Good DAY')",Assigned neutral placeholder: /products/placeholder.svg
g1-1055,Rice Flour,G1 Mart Fresh,grocery-staples,/products/placeholder.svg,MISSING_OR_PLACEHOLDER_IMAGE,Assigned neutral placeholder: /products/placeholder.svg
g1-1056,MTR Rasam 100g,G1 Mart Fresh,personal-care,/products/placeholder.svg,MISSING_OR_PLACEHOLDER_IMAGE,Assigned neutral placeholder: /products/placeholder.svg
g1-1057,MTR Sambar 100g,G1 Mart Fresh,personal-care,/products/placeholder.svg,MISSING_OR_PLACEHOLDER_IMAGE,Assigned neutral placeholder: /products/placeholder.svg
g1-1058,Aachi Rasam 50G,Aachi,grocery-staples,/products/placeholder.svg,MISSING_OR_PLACEHOLDER_IMAGE,Assigned neutral placeholder: /products/placeholder.svg
g1-1059,Aachi Rasam 10rs,Aachi,grocery-staples,/products/placeholder.svg,MISSING_OR_PLACEHOLDER_IMAGE,Assigned neutral placeholder: /products/placeholder.svg
g1-106,Power Soap 10,G1 Mart Fresh,personal-care,/products/packshots/santoor-soap.jpg,"IMAGE_MISMATCH (image filename 'santoor-soap.jpg' belongs to 'santoor', but product is 'Power Soap 10')",Assigned neutral placeholder: /products/placeholder.svg
g1-1060,Aacsi Chaat Masale 10rs,G1 Mart Fresh,personal-care,/products/placeholder.svg,MISSING_OR_PLACEHOLDER_IMAGE,Assigned neutral placeholder: /products/placeholder.svg
g1-1061,Aachi Mutton 5 RS,Aachi,grocery-staples,/products/placeholder.svg,MISSING_OR_PLACEHOLDER_IMAGE,Assigned neutral placeholder: /products/placeholder.svg
g1-1062,Aachi Biryani,Aachi,grocery-staples,/products/placeholder.svg,MISSING_OR_PLACEHOLDER_IMAGE,Assigned neutral placeholder: /products/placeholder.svg
g1-1063,Aachi Fish Masala,Aachi,grocery-staples,/products/placeholder.svg,MISSING_OR_PLACEHOLDER_IMAGE,Assigned neutral placeholder: /products/placeholder.svg
g1-1064,Aachi Muttan Masala 50G,Aachi,grocery-staples,/products/placeholder.svg,MISSING_OR_PLACEHOLDER_IMAGE,Assigned neutral placeholder: /products/placeholder.svg
g1-1067,Aachi Garam Masala 50G,Aachi,grocery-staples,/products/placeholder.svg,MISSING_OR_PLACEHOLDER_IMAGE,Assigned neutral placeholder: /products/placeholder.svg
g1-1068,Endu Kharjuram 100g,G1 Mart Fresh,personal-care,/products/placeholder.svg,MISSING_OR_PLACEHOLDER_IMAGE,Assigned neutral placeholder: /products/placeholder.svg
g1-1069,Arun Kulfi,Arun Icecreams,snacks-beverages,/products/packshots/arun-donut.jpg,"CORRUPT_OR_UNREADABLE (setting an array element with a sequence. The requested array has an inhomogeneous shape after 1 dimensions. The detected shape was (4,) + inhomogeneous part.)",Assigned neutral placeholder: /products/placeholder.svg
g1-1070,Korralu 500g,G1 Mart Fresh,personal-care,/products/placeholder.svg,MISSING_OR_PLACEHOLDER_IMAGE,Assigned neutral placeholder: /products/placeholder.svg
g1-1072,Rajma Seds 250g,G1 Mart Fresh,personal-care,/products/placeholder.svg,MISSING_OR_PLACEHOLDER_IMAGE,Assigned neutral placeholder: /products/placeholder.svg
g1-1073,Odonil AIR Fresh,G1 Mart Fresh,personal-care,/products/placeholder.svg,MISSING_OR_PLACEHOLDER_IMAGE,Assigned neutral placeholder: /products/placeholder.svg
g1-1074,ZED Black,G1 Mart Fresh,personal-care,/products/placeholder.svg,MISSING_OR_PLACEHOLDER_IMAGE,Assigned neutral placeholder: /products/placeholder.svg
g1-1075,LIA Cones,G1 Mart Fresh,personal-care,/products/placeholder.svg,MISSING_OR_PLACEHOLDER_IMAGE,Assigned neutral placeholder: /products/placeholder.svg
g1-1076,Arun Ibar Mini,Arun Icecreams,snacks-beverages,/products/packshots/arun-donut.jpg,"CORRUPT_OR_UNREADABLE (setting an array element with a sequence. The requested array has an inhomogeneous shape after 1 dimensions. The detected shape was (4,) + inhomogeneous part.)",Assigned neutral placeholder: /products/placeholder.svg
g1-1077,Arun Butterscotch,Arun Icecreams,household-cleaning,/products/packshots/arun-donut.jpg,"CORRUPT_OR_UNREADABLE (setting an array element with a sequence. The requested array has an inhomogeneous shape after 1 dimensions. The detected shape was (4,) + inhomogeneous part.)",Assigned neutral placeholder: /products/placeholder.svg
g1-1079,Dettal Soap,G1 Mart Fresh,personal-care,/products/placeholder.svg,MISSING_OR_PLACEHOLDER_IMAGE,Assigned neutral placeholder: /products/placeholder.svg
g1-108,Stay Free Regular,G1 Mart Fresh,personal-care,/products/packshots/santoor-soap.jpg,"IMAGE_MISMATCH (image filename 'santoor-soap.jpg' belongs to 'santoor', but product is 'Stay Free Regular')",Assigned neutral placeholder: /products/placeholder.svg
g1-1081,TAJ Mahal 100g,G1 Mart Fresh,personal-care,/products/packshots/red-label-tea.jpg,"IMAGE_MISMATCH (image filename 'red-label-tea.jpg' belongs to 'red label', but product is 'TAJ Mahal 100g')",Assigned neutral placeholder: /products/placeholder.svg
g1-1082,Borugulu 500g,G1 Mart Fresh,snacks-beverages,/products/placeholder.svg,MISSING_OR_PLACEHOLDER_IMAGE,Assigned neutral placeholder: /products/placeholder.svg
g1-1083,Arun Sandwich,Arun Icecreams,snacks-beverages,/products/packshots/arun-donut.jpg,"CORRUPT_OR_UNREADABLE (setting an array element with a sequence. The requested array has an inhomogeneous shape after 1 dimensions. The detected shape was (4,) + inhomogeneous part.)",Assigned neutral placeholder: /products/placeholder.svg
g1-1085,Gasagasaalu 10rs,G1 Mart Fresh,personal-care,/products/placeholder.svg,MISSING_OR_PLACEHOLDER_IMAGE,Assigned neutral placeholder: /products/placeholder.svg
g1-1086,Nalla Karam 200g,G1 Mart Fresh,personal-care,/products/placeholder.svg,MISSING_OR_PLACEHOLDER_IMAGE,Assigned neutral placeholder: /products/placeholder.svg
g1-1087,Tresemme 180ml,G1 Mart Fresh,personal-care,/products/packshots/santoor-soap.jpg,"IMAGE_MISMATCH (image filename 'santoor-soap.jpg' belongs to 'santoor', but product is 'Tresemme 180ml')",Assigned neutral placeholder: /products/placeholder.svg
g1-1088,Domex 500ml,Domex,household-cleaning,/products/placeholder.svg,MISSING_OR_PLACEHOLDER_IMAGE,Assigned neutral placeholder: /products/placeholder.svg
g1-109,Stay Free Extra,G1 Mart Fresh,personal-care,/products/packshots/santoor-soap.jpg,"IMAGE_MISMATCH (image filename 'santoor-soap.jpg' belongs to 'santoor', but product is 'Stay Free Extra')",Assigned neutral placeholder: /products/placeholder.svg
g1-1093,Arun Venilla Black,Arun Icecreams,snacks-beverages,/products/packshots/arun-donut.jpg,"CORRUPT_OR_UNREADABLE (setting an array element with a sequence. The requested array has an inhomogeneous shape after 1 dimensions. The detected shape was (4,) + inhomogeneous part.)",Assigned neutral placeholder: /products/placeholder.svg
g1-1094,Dabur Rose Water 250ml,Dabur,personal-care,/products/placeholder.svg,MISSING_OR_PLACEHOLDER_IMAGE,Assigned neutral placeholder: /products/placeholder.svg
g1-1095,Dabur Rose Water 120ml,Dabur,personal-care,/products/placeholder.svg,MISSING_OR_PLACEHOLDER_IMAGE,Assigned neutral placeholder: /products/placeholder.svg
g1-1096,Huggies XL,G1 Mart Fresh,personal-care,/products/placeholder.svg,MISSING_OR_PLACEHOLDER_IMAGE,Assigned neutral placeholder: /products/placeholder.svg
g1-1097,Huggies L,G1 Mart Fresh,personal-care,/products/placeholder.svg,MISSING_OR_PLACEHOLDER_IMAGE,Assigned neutral placeholder: /products/placeholder.svg
g1-1098,Huggies M,G1 Mart Fresh,personal-care,/products/placeholder.svg,MISSING_OR_PLACEHOLDER_IMAGE,Assigned neutral placeholder: /products/placeholder.svg
g1-1099,Huggies S,G1 Mart Fresh,personal-care,/products/placeholder.svg,MISSING_OR_PLACEHOLDER_IMAGE,Assigned neutral placeholder: /products/placeholder.svg
g1-110,Milky BAR,G1 Mart Fresh,snacks-beverages,/products/packshots/arun-donut.jpg,"CORRUPT_OR_UNREADABLE (setting an array element with a sequence. The requested array has an inhomogeneous shape after 1 dimensions. The detected shape was (4,) + inhomogeneous part.)",Assigned neutral placeholder: /products/placeholder.svg
g1-1100,Huggies M,G1 Mart Fresh,personal-care,/products/placeholder.svg,MISSING_OR_PLACEHOLDER_IMAGE,Assigned neutral placeholder: /products/placeholder.svg
g1-1101,Hugges S,G1 Mart Fresh,personal-care,/products/placeholder.svg,MISSING_OR_PLACEHOLDER_IMAGE,Assigned neutral placeholder: /products/placeholder.svg
g1-1102,Huggies XL,G1 Mart Fresh,personal-care,/products/placeholder.svg,MISSING_OR_PLACEHOLDER_IMAGE,Assigned neutral placeholder: /products/placeholder.svg
g1-1103,Huggies,G1 Mart Fresh,personal-care,/products/placeholder.svg,MISSING_OR_PLACEHOLDER_IMAGE,Assigned neutral placeholder: /products/placeholder.svg
g1-1104,Tide Powder,Tide,household-cleaning,/products/placeholder.svg,MISSING_OR_PLACEHOLDER_IMAGE,Assigned neutral placeholder: /products/placeholder.svg
g1-1105,Hanobar,G1 Mart Fresh,snacks-beverages,/products/placeholder.svg,MISSING_OR_PLACEHOLDER_IMAGE,Assigned neutral placeholder: /products/placeholder.svg
g1-1106,Hanobar,G1 Mart Fresh,snacks-beverages,/products/placeholder.svg,MISSING_OR_PLACEHOLDER_IMAGE,Assigned neutral placeholder: /products/placeholder.svg
g1-1107,Power LLQ 50ml,G1 Mart Fresh,personal-care,/products/placeholder.svg,MISSING_OR_PLACEHOLDER_IMAGE,Assigned neutral placeholder: /products/placeholder.svg
g1-1108,Royal Mirage Body Spray,G1 Mart Fresh,personal-care,/products/placeholder.svg,MISSING_OR_PLACEHOLDER_IMAGE,Assigned neutral placeholder: /products/placeholder.svg
g1-111,Milky BAR BIG BOX,G1 Mart Fresh,snacks-beverages,/products/packshots/arun-donut.jpg,"CORRUPT_OR_UNREADABLE (setting an array element with a sequence. The requested array has an inhomogeneous shape after 1 dimensions. The detected shape was (4,) + inhomogeneous part.)",Assigned neutral placeholder: /products/placeholder.svg
g1-1112,Lipton Green TEA 100g,G1 Mart Fresh,snacks-beverages,/products/packshots/red-label-tea.jpg,"IMAGE_MISMATCH (image filename 'red-label-tea.jpg' belongs to 'red label', but product is 'Lipton Green TEA 100g')",Assigned neutral placeholder: /products/placeholder.svg
g1-1118,Zinda Tilismath 5ML,G1 Mart Fresh,personal-care,/products/placeholder.svg,MISSING_OR_PLACEHOLDER_IMAGE,Assigned neutral placeholder: /products/placeholder.svg
g1-1119,Saphala Soap,G1 Mart Fresh,personal-care,/products/placeholder.svg,MISSING_OR_PLACEHOLDER_IMAGE,Assigned neutral placeholder: /products/placeholder.svg
g1-1120,Himalaya Baby Soap,Himalaya,personal-care,/products/placeholder.svg,MISSING_OR_PLACEHOLDER_IMAGE,Assigned neutral placeholder: /products/placeholder.svg
g1-1121,Johnsunis Babu Soap,G1 Mart Fresh,personal-care,/products/placeholder.svg,MISSING_OR_PLACEHOLDER_IMAGE,Assigned neutral placeholder: /products/placeholder.svg
g1-1123,Yardley RED Roses,G1 Mart Fresh,personal-care,/products/placeholder.svg,MISSING_OR_PLACEHOLDER_IMAGE,Assigned neutral placeholder: /products/placeholder.svg
g1-1124,Yardley Gold,G1 Mart Fresh,personal-care,/products/placeholder.svg,MISSING_OR_PLACEHOLDER_IMAGE,Assigned neutral placeholder: /products/placeholder.svg
g1-1126,Yardley Jasmine,G1 Mart Fresh,personal-care,/products/placeholder.svg,MISSING_OR_PLACEHOLDER_IMAGE,Assigned neutral placeholder: /products/placeholder.svg
g1-1127,Yardley Morning DEW,G1 Mart Fresh,personal-care,/products/placeholder.svg,MISSING_OR_PLACEHOLDER_IMAGE,Assigned neutral placeholder: /products/placeholder.svg
g1-1128,Fairever Face Cream,G1 Mart Fresh,personal-care,/products/placeholder.svg,MISSING_OR_PLACEHOLDER_IMAGE,Assigned neutral placeholder: /products/placeholder.svg
g1-113,NO 1 Soap Lemon,G1 Mart Fresh,personal-care,/products/packshots/santoor-soap.jpg,"IMAGE_MISMATCH (image filename 'santoor-soap.jpg' belongs to 'santoor', but product is 'NO 1 Soap Lemon')",Assigned neutral placeholder: /products/placeholder.svg
g1-1130,Dabur Honey 100g,Dabur,personal-care,/products/placeholder.svg,MISSING_OR_PLACEHOLDER_IMAGE,Assigned neutral placeholder: /products/placeholder.svg
g1-1132,Himalaya LIP Balm,Himalaya,personal-care,/products/placeholder.svg,MISSING_OR_PLACEHOLDER_IMAGE,Assigned neutral placeholder: /products/placeholder.svg
g1-1133,Garnier Bright Complete,G1 Mart Fresh,personal-care,/products/placeholder.svg,MISSING_OR_PLACEHOLDER_IMAGE,Assigned neutral placeholder: /products/placeholder.svg
g1-1134,Aswini Subhra Bath Powder,G1 Mart Fresh,personal-care,/products/placeholder.svg,MISSING_OR_PLACEHOLDER_IMAGE,Assigned neutral placeholder: /products/placeholder.svg
g1-1135,Henna 100g,G1 Mart Fresh,personal-care,/products/placeholder.svg,MISSING_OR_PLACEHOLDER_IMAGE,Assigned neutral placeholder: /products/placeholder.svg
g1-1136,Continental Strong,Continental,snacks-beverages,/products/packshots/red-label-tea.jpg,"IMAGE_MISMATCH (image filename 'red-label-tea.jpg' belongs to 'red label', but product is 'Continental Strong')",Assigned neutral placeholder: /products/placeholder.svg
g1-1137,Puresprk,G1 Mart Fresh,personal-care,/products/placeholder.svg,MISSING_OR_PLACEHOLDER_IMAGE,Assigned neutral placeholder: /products/placeholder.svg
g1-1138,AER Power Pocket,G1 Mart Fresh,personal-care,/products/placeholder.svg,MISSING_OR_PLACEHOLDER_IMAGE,Assigned neutral placeholder: /products/placeholder.svg
g1-1139,Godreg AER Rose Bathroom Fresh,G1 Mart Fresh,personal-care,/products/placeholder.svg,MISSING_OR_PLACEHOLDER_IMAGE,Assigned neutral placeholder: /products/placeholder.svg
g1-114,NO 1 BIG,G1 Mart Fresh,personal-care,/products/packshots/santoor-soap.jpg,"IMAGE_MISMATCH (image filename 'santoor-soap.jpg' belongs to 'santoor', but product is 'NO 1 BIG')",Assigned neutral placeholder: /products/placeholder.svg
g1-1140,Godreg AER Lavender Bathroom Fresh,G1 Mart Fresh,personal-care,/products/placeholder.svg,MISSING_OR_PLACEHOLDER_IMAGE,Assigned neutral placeholder: /products/placeholder.svg
g1-1141,Godreg AER Lemon Bathroom Fresh,G1 Mart Fresh,personal-care,/products/placeholder.svg,MISSING_OR_PLACEHOLDER_IMAGE,Assigned neutral placeholder: /products/placeholder.svg
g1-1142,IFB Descal,G1 Mart Fresh,personal-care,/products/placeholder.svg,MISSING_OR_PLACEHOLDER_IMAGE,Assigned neutral placeholder: /products/placeholder.svg
g1-1143,Pitambari Rooperi,G1 Mart Fresh,personal-care,/products/placeholder.svg,MISSING_OR_PLACEHOLDER_IMAGE,Assigned neutral placeholder: /products/placeholder.svg
g1-1144,Tongue Cleaner,G1 Mart Fresh,household-cleaning,/products/placeholder.svg,MISSING_OR_PLACEHOLDER_IMAGE,Assigned neutral placeholder: /products/placeholder.svg
g1-1145,Tongue Cleaner 18rs,G1 Mart Fresh,household-cleaning,/products/placeholder.svg,MISSING_OR_PLACEHOLDER_IMAGE,Assigned neutral placeholder: /products/placeholder.svg
g1-1146,RIN 1 KG,Rin,household-cleaning,/products/placeholder.svg,MISSING_OR_PLACEHOLDER_IMAGE,Assigned neutral placeholder: /products/placeholder.svg
g1-1147,SUN Gold,G1 Mart Fresh,personal-care,/products/placeholder.svg,MISSING_OR_PLACEHOLDER_IMAGE,Assigned neutral placeholder: /products/placeholder.svg
g1-1148,Tcon Pops,G1 Mart Fresh,snacks-beverages,/products/placeholder.svg,MISSING_OR_PLACEHOLDER_IMAGE,Assigned neutral placeholder: /products/placeholder.svg
g1-1149,Arun Chocobar,Arun Icecreams,snacks-beverages,/products/packshots/arun-donut.jpg,"CORRUPT_OR_UNREADABLE (setting an array element with a sequence. The requested array has an inhomogeneous shape after 1 dimensions. The detected shape was (4,) + inhomogeneous part.)",Assigned neutral placeholder: /products/placeholder.svg
g1-1150,Real Salt 1KG,G1 Mart Fresh,grocery-staples,/products/packshots/aashirvaad-salt.jpg,"IMAGE_MISMATCH (image filename 'aashirvaad-salt.jpg' belongs to 'aashirvaad', but product is 'Real Salt 1KG')",Assigned neutral placeholder: /products/placeholder.svg
g1-1152,Hanobar Dark,G1 Mart Fresh,snacks-beverages,/products/placeholder.svg,MISSING_OR_PLACEHOLDER_IMAGE,Assigned neutral placeholder: /products/placeholder.svg
g1-1154,Hatsun Malai Lassi,Hatsun,snacks-beverages,/products/packshots/arun-donut.jpg,"CORRUPT_OR_UNREADABLE (setting an array element with a sequence. The requested array has an inhomogeneous shape after 1 dimensions. The detected shape was (4,) + inhomogeneous part.)",Assigned neutral placeholder: /products/placeholder.svg
g1-1155,Hatsun Paneer 500g,Hatsun,snacks-beverages,/products/packshots/arun-donut.jpg,"CORRUPT_OR_UNREADABLE (setting an array element with a sequence. The requested array has an inhomogeneous shape after 1 dimensions. The detected shape was (4,) + inhomogeneous part.)",Assigned neutral placeholder: /products/placeholder.svg
g1-1156,Ruchi Gold 15kg,G1 Mart Fresh,personal-care,/products/placeholder.svg,MISSING_OR_PLACEHOLDER_IMAGE,Assigned neutral placeholder: /products/placeholder.svg
g1-1157,Arun FUN Wheel,Wheel,household-cleaning,/products/packshots/arun-donut.jpg,"CORRUPT_OR_UNREADABLE (setting an array element with a sequence. The requested array has an inhomogeneous shape after 1 dimensions. The detected shape was (4,) + inhomogeneous part.)",Assigned neutral placeholder: /products/placeholder.svg
g1-1158,Polo,G1 Mart Fresh,snacks-beverages,/products/placeholder.svg,MISSING_OR_PLACEHOLDER_IMAGE,Assigned neutral placeholder: /products/placeholder.svg
g1-1159,Ambica Agarbathi 35G,G1 Mart Fresh,personal-care,/products/placeholder.svg,MISSING_OR_PLACEHOLDER_IMAGE,Assigned neutral placeholder: /products/placeholder.svg
g1-1161,Center Fresh,G1 Mart Fresh,snacks-beverages,/products/placeholder.svg,MISSING_OR_PLACEHOLDER_IMAGE,Assigned neutral placeholder: /products/placeholder.svg
g1-1164,Rexona 100g,G1 Mart Fresh,household-cleaning,/products/placeholder.svg,MISSING_OR_PLACEHOLDER_IMAGE,Assigned neutral placeholder: /products/placeholder.svg
g1-1165,Oreo 116g,G1 Mart Fresh,snacks-beverages,/products/placeholder.svg,MISSING_OR_PLACEHOLDER_IMAGE,Assigned neutral placeholder: /products/placeholder.svg
g1-1166,Milk Bikis,Britannia,snacks-beverages,/products/packshots/good-day.jpg,"IMAGE_MISMATCH (image filename 'good-day.jpg' belongs to 'good day', but product is 'Milk Bikis')",Assigned neutral placeholder: /products/placeholder.svg
g1-1167,Crane 40G,G1 Mart Fresh,personal-care,/products/placeholder.svg,MISSING_OR_PLACEHOLDER_IMAGE,Assigned neutral placeholder: /products/placeholder.svg
g1-1168,Britannia Rusk 200g,Britannia,snacks-beverages,/products/packshots/good-day.jpg,"IMAGE_MISMATCH (image filename 'good-day.jpg' belongs to 'good day', but product is 'Britannia Rusk 200g')",Assigned neutral placeholder: /products/placeholder.svg
g1-1169,Marie Gold 250g,Britannia,snacks-beverages,/products/packshots/good-day.jpg,"IMAGE_MISMATCH (image filename 'good-day.jpg' belongs to 'good day', but product is 'Marie Gold 250g')",Assigned neutral placeholder: /products/placeholder.svg
g1-117,Power Natural Soap,G1 Mart Fresh,personal-care,/products/packshots/santoor-soap.jpg,"IMAGE_MISMATCH (image filename 'santoor-soap.jpg' belongs to 'santoor', but product is 'Power Natural Soap')",Assigned neutral placeholder: /products/placeholder.svg
g1-1170,Limca 250ml,G1 Mart Fresh,snacks-beverages,/products/packshots/thums-up.jpg,"IMAGE_MISMATCH (image filename 'thums-up.jpg' belongs to 'thums up', but product is 'Limca 250ml')",Assigned neutral placeholder: /products/placeholder.svg
g1-1172,Endu Kharjuram 500g,G1 Mart Fresh,personal-care,/products/placeholder.svg,MISSING_OR_PLACEHOLDER_IMAGE,Assigned neutral placeholder: /products/placeholder.svg
g1-1173,Endu Kharjuram 1KG,G1 Mart Fresh,personal-care,/products/placeholder.svg,MISSING_OR_PLACEHOLDER_IMAGE,Assigned neutral placeholder: /products/placeholder.svg
g1-1174,Javva Wheat Ravva 500g,G1 Mart Fresh,grocery-staples,/products/placeholder.svg,MISSING_OR_PLACEHOLDER_IMAGE,Assigned neutral placeholder: /products/placeholder.svg
g1-1175,Nuvvulu 100g,G1 Mart Fresh,personal-care,/products/placeholder.svg,MISSING_OR_PLACEHOLDER_IMAGE,Assigned neutral placeholder: /products/placeholder.svg
g1-1176,Thati Bellam (natural Sweet Jaggery) 500g,G1 Mart Fresh,grocery-staples,/products/packshots/aashirvaad-salt.jpg,"IMAGE_MISMATCH (image filename 'aashirvaad-salt.jpg' belongs to 'aashirvaad', but product is 'Thati Bellam (natural Sweet Jaggery) 500g')",Assigned neutral placeholder: /products/placeholder.svg
g1-1177,Maya Agarbathi,G1 Mart Fresh,personal-care,/products/packshots/santoor-soap.jpg,"IMAGE_MISMATCH (image filename 'santoor-soap.jpg' belongs to 'santoor', but product is 'Maya Agarbathi')",Assigned neutral placeholder: /products/placeholder.svg
g1-1178,Hamam Neem &tulsi,Hamam,personal-care,/products/placeholder.svg,MISSING_OR_PLACEHOLDER_IMAGE,Assigned neutral placeholder: /products/placeholder.svg
g1-1179,Maya Rose,G1 Mart Fresh,personal-care,/products/placeholder.svg,MISSING_OR_PLACEHOLDER_IMAGE,Assigned neutral placeholder: /products/placeholder.svg
g1-1180,Kabuli Senagalu 500g,G1 Mart Fresh,personal-care,/products/placeholder.svg,MISSING_OR_PLACEHOLDER_IMAGE,Assigned neutral placeholder: /products/placeholder.svg
g1-1181,Nalla Senagalu 500g,G1 Mart Fresh,personal-care,/products/placeholder.svg,MISSING_OR_PLACEHOLDER_IMAGE,Assigned neutral placeholder: /products/placeholder.svg
g1-1182,Oral B,G1 Mart Fresh,personal-care,/products/placeholder.svg,MISSING_OR_PLACEHOLDER_IMAGE,Assigned neutral placeholder: /products/placeholder.svg
g1-1183,Vaseline 20G,G1 Mart Fresh,personal-care,/products/placeholder.svg,MISSING_OR_PLACEHOLDER_IMAGE,Assigned neutral placeholder: /products/placeholder.svg
g1-1184,Arun Butterscotcg 1L,Arun Icecreams,snacks-beverages,/products/packshots/arun-donut.jpg,"CORRUPT_OR_UNREADABLE (setting an array element with a sequence. The requested array has an inhomogeneous shape after 1 dimensions. The detected shape was (4,) + inhomogeneous part.)",Assigned neutral placeholder: /products/placeholder.svg
g1-1185,Tella Bataneelu 500g,G1 Mart Fresh,personal-care,/products/placeholder.svg,MISSING_OR_PLACEHOLDER_IMAGE,Assigned neutral placeholder: /products/placeholder.svg
g1-1186,Bansi Ravva 500g,G1 Mart Fresh,grocery-staples,/products/placeholder.svg,MISSING_OR_PLACEHOLDER_IMAGE,Assigned neutral placeholder: /products/placeholder.svg
g1-1187,Dharani Corn Flour 500g,G1 Mart Fresh,grocery-staples,/products/placeholder.svg,MISSING_OR_PLACEHOLDER_IMAGE,Assigned neutral placeholder: /products/placeholder.svg
g1-1188,Dharani Atta 1KG,G1 Mart Fresh,grocery-staples,/products/placeholder.svg,MISSING_OR_PLACEHOLDER_IMAGE,Assigned neutral placeholder: /products/placeholder.svg
g1-1189,Dharani Atta 5KG,G1 Mart Fresh,grocery-staples,/products/placeholder.svg,MISSING_OR_PLACEHOLDER_IMAGE,Assigned neutral placeholder: /products/placeholder.svg
g1-119,Munch,Nestle,snacks-beverages,/products/packshots/nestle-munch.jpg,"WRONG_ASPECT_RATIO (400x208, ratio 1.92) | CORRUPT_OR_UNREADABLE (setting an array element with a sequence. The requested array has an inhomogeneous shape after 1 dimensions. The detected shape was (4,) + inhomogeneous part.)",Assigned neutral placeholder: /products/placeholder.svg
g1-1190,Rock Salt,G1 Mart Fresh,grocery-staples,/products/packshots/aashirvaad-salt.jpg,"IMAGE_MISMATCH (image filename 'aashirvaad-salt.jpg' belongs to 'aashirvaad', but product is 'Rock Salt')",Assigned neutral placeholder: /products/placeholder.svg
g1-1191,Clinic Plus 175ml,G1 Mart Fresh,personal-care,/products/placeholder.svg,MISSING_OR_PLACEHOLDER_IMAGE,Assigned neutral placeholder: /products/placeholder.svg
g1-1192,Tata Salt,Tata Salt,grocery-staples,/products/packshots/aashirvaad-salt.jpg,"IMAGE_MISMATCH (image filename 'aashirvaad-salt.jpg' belongs to 'aashirvaad', but product is 'Tata Salt')",Assigned neutral placeholder: /products/placeholder.svg
g1-1193,Sajjalu 500g,G1 Mart Fresh,personal-care,/products/placeholder.svg,MISSING_OR_PLACEHOLDER_IMAGE,Assigned neutral placeholder: /products/placeholder.svg
g1-1194,Pasta 250g,G1 Mart Fresh,personal-care,/products/placeholder.svg,MISSING_OR_PLACEHOLDER_IMAGE,Assigned neutral placeholder: /products/placeholder.svg
g1-1195,Gottalu 250g,G1 Mart Fresh,personal-care,/products/placeholder.svg,MISSING_OR_PLACEHOLDER_IMAGE,Assigned neutral placeholder: /products/placeholder.svg
g1-1196,Idil Rava 1KG,G1 Mart Fresh,grocery-staples,/products/placeholder.svg,MISSING_OR_PLACEHOLDER_IMAGE,Assigned neutral placeholder: /products/placeholder.svg
g1-1197,Pani Puri Papad 250g,G1 Mart Fresh,snacks-beverages,/products/placeholder.svg,MISSING_OR_PLACEHOLDER_IMAGE,Assigned neutral placeholder: /products/placeholder.svg
g1-1198,Lavian Brownie,G1 Mart Fresh,snacks-beverages,/products/placeholder.svg,MISSING_OR_PLACEHOLDER_IMAGE,Assigned neutral placeholder: /products/placeholder.svg
g1-120,Kitkat,Nestle,snacks-beverages,/products/packshots/good-day.jpg,"IMAGE_MISMATCH (image filename 'good-day.jpg' belongs to 'good day', but product is 'Kitkat')",Assigned neutral placeholder: /products/placeholder.svg
g1-1200,Harpic 200ml,Harpic,household-cleaning,/products/placeholder.svg,MISSING_OR_PLACEHOLDER_IMAGE,Assigned neutral placeholder: /products/placeholder.svg
g1-1201,Unbic Wafer,G1 Mart Fresh,snacks-beverages,/products/placeholder.svg,MISSING_OR_PLACEHOLDER_IMAGE,Assigned neutral placeholder: /products/placeholder.svg
g1-1202,Arun Tringo,Arun Icecreams,household-cleaning,/products/packshots/arun-donut.jpg,"CORRUPT_OR_UNREADABLE (setting an array element with a sequence. The requested array has an inhomogeneous shape after 1 dimensions. The detected shape was (4,) + inhomogeneous part.)",Assigned neutral placeholder: /products/placeholder.svg
g1-1203,Butter Milk,G1 Mart Fresh,snacks-beverages,/products/packshots/arun-donut.jpg,"CORRUPT_OR_UNREADABLE (setting an array element with a sequence. The requested array has an inhomogeneous shape after 1 dimensions. The detected shape was (4,) + inhomogeneous part.)",Assigned neutral placeholder: /products/placeholder.svg
g1-1204,Active Wheel 1KG,Wheel,household-cleaning,/products/placeholder.svg,MISSING_OR_PLACEHOLDER_IMAGE,Assigned neutral placeholder: /products/placeholder.svg
g1-1205,Arun 60ml,Arun Icecreams,snacks-beverages,/products/packshots/arun-donut.jpg,"CORRUPT_OR_UNREADABLE (setting an array element with a sequence. The requested array has an inhomogeneous shape after 1 dimensions. The detected shape was (4,) + inhomogeneous part.)",Assigned neutral placeholder: /products/placeholder.svg
g1-1206,EXO Round,Exo,household-cleaning,/products/placeholder.svg,MISSING_OR_PLACEHOLDER_IMAGE,Assigned neutral placeholder: /products/placeholder.svg
g1-1207,Glow & Lovely,Glow & Lovely,personal-care,/products/placeholder.svg,MISSING_OR_PLACEHOLDER_IMAGE,Assigned neutral placeholder: /products/placeholder.svg
g1-1208,Rice 1kg,G1 Mart Fresh,grocery-staples,/products/placeholder.svg,MISSING_OR_PLACEHOLDER_IMAGE,Assigned neutral placeholder: /products/placeholder.svg
g1-1209,Lizol 200ml,Lizol,household-cleaning,/products/placeholder.svg,MISSING_OR_PLACEHOLDER_IMAGE,Assigned neutral placeholder: /products/placeholder.svg
g1-121,Kitkat BOX,Nestle,snacks-beverages,/products/packshots/good-day.jpg,"IMAGE_MISMATCH (image filename 'good-day.jpg' belongs to 'good day', but product is 'Kitkat BOX')",Assigned neutral placeholder: /products/placeholder.svg
g1-1210,Whisper XL,G1 Mart Fresh,personal-care,/products/placeholder.svg,MISSING_OR_PLACEHOLDER_IMAGE,Assigned neutral placeholder: /products/placeholder.svg
g1-1211,Salt Rice 1KG,G1 Mart Fresh,grocery-staples,/products/packshots/aashirvaad-salt.jpg,"IMAGE_MISMATCH (image filename 'aashirvaad-salt.jpg' belongs to 'aashirvaad', but product is 'Salt Rice 1KG')",Assigned neutral placeholder: /products/placeholder.svg
g1-1212,Bheerm Brooom,G1 Mart Fresh,personal-care,/products/placeholder.svg,MISSING_OR_PLACEHOLDER_IMAGE,Assigned neutral placeholder: /products/placeholder.svg
g1-1213,Steei Broom,G1 Mart Fresh,personal-care,/products/placeholder.svg,MISSING_OR_PLACEHOLDER_IMAGE,Assigned neutral placeholder: /products/placeholder.svg
g1-1214,Five Finger Broom,G1 Mart Fresh,personal-care,/products/placeholder.svg,MISSING_OR_PLACEHOLDER_IMAGE,Assigned neutral placeholder: /products/placeholder.svg
g1-1216,5G Steel Broom,G1 Mart Fresh,personal-care,/products/placeholder.svg,MISSING_OR_PLACEHOLDER_IMAGE,Assigned neutral placeholder: /products/placeholder.svg
g1-1217,Prince Broom,G1 Mart Fresh,household-cleaning,/products/placeholder.svg,MISSING_OR_PLACEHOLDER_IMAGE,Assigned neutral placeholder: /products/placeholder.svg
g1-1218,Wiper SML 14 Inch,G1 Mart Fresh,personal-care,/products/placeholder.svg,MISSING_OR_PLACEHOLDER_IMAGE,Assigned neutral placeholder: /products/placeholder.svg
g1-122,ZED Black Aggarbathi,G1 Mart Fresh,personal-care,/products/packshots/santoor-soap.jpg,"IMAGE_MISMATCH (image filename 'santoor-soap.jpg' belongs to 'santoor', but product is 'ZED Black Aggarbathi')",Assigned neutral placeholder: /products/placeholder.svg
g1-1220,Galaxy Steel Round MOP,G1 Mart Fresh,household-cleaning,/products/placeholder.svg,MISSING_OR_PLACEHOLDER_IMAGE,Assigned neutral placeholder: /products/placeholder.svg
g1-1221,Smile MOP,G1 Mart Fresh,personal-care,/products/placeholder.svg,MISSING_OR_PLACEHOLDER_IMAGE,Assigned neutral placeholder: /products/placeholder.svg
g1-1222,Twist MOP Color,G1 Mart Fresh,personal-care,/products/placeholder.svg,MISSING_OR_PLACEHOLDER_IMAGE,Assigned neutral placeholder: /products/placeholder.svg
g1-1223,Twist MOP White,G1 Mart Fresh,personal-care,/products/placeholder.svg,MISSING_OR_PLACEHOLDER_IMAGE,Assigned neutral placeholder: /products/placeholder.svg
g1-1224,Arun Sandwich,Arun Icecreams,snacks-beverages,/products/packshots/arun-donut.jpg,"CORRUPT_OR_UNREADABLE (setting an array element with a sequence. The requested array has an inhomogeneous shape after 1 dimensions. The detected shape was (4,) + inhomogeneous part.)",Assigned neutral placeholder: /products/placeholder.svg
g1-1225,Onions 500g,G1 Mart Fresh,personal-care,/products/placeholder.svg,MISSING_OR_PLACEHOLDER_IMAGE,Assigned neutral placeholder: /products/placeholder.svg
g1-1226,Arun Vanilla 500ml,Arun Icecreams,snacks-beverages,/products/packshots/arun-donut.jpg,"CORRUPT_OR_UNREADABLE (setting an array element with a sequence. The requested array has an inhomogeneous shape after 1 dimensions. The detected shape was (4,) + inhomogeneous part.)",Assigned neutral placeholder: /products/placeholder.svg
g1-1228,EXO 250g,Exo,household-cleaning,/products/placeholder.svg,MISSING_OR_PLACEHOLDER_IMAGE,Assigned neutral placeholder: /products/placeholder.svg
g1-123,Dazzy Chocolate,G1 Mart Fresh,snacks-beverages,/products/packshots/exo-scrubber.jpg,"WRONG_ASPECT_RATIO (400x267, ratio 1.50) | CORRUPT_OR_UNREADABLE (setting an array element with a sequence. The requested array has an inhomogeneous shape after 1 dimensions. The detected shape was (4,) + inhomogeneous part.)",Assigned neutral placeholder: /products/placeholder.svg
g1-1230,MY- Melody,G1 Mart Fresh,snacks-beverages,/products/placeholder.svg,MISSING_OR_PLACEHOLDER_IMAGE,Assigned neutral placeholder: /products/placeholder.svg
g1-1231,Kopiko,G1 Mart Fresh,snacks-beverages,/products/packshots/cadbury-5-star.jpg,"IMAGE_MISMATCH (image filename 'cadbury-5-star.jpg' belongs to 'cadbury', but product is 'Kopiko')",Assigned neutral placeholder: /products/placeholder.svg
g1-1232,Dazzy Fruit Bonbon,G1 Mart Fresh,snacks-beverages,/products/placeholder.svg,MISSING_OR_PLACEHOLDER_IMAGE,Assigned neutral placeholder: /products/placeholder.svg
g1-1233,Kacche AAM,G1 Mart Fresh,snacks-beverages,/products/placeholder.svg,MISSING_OR_PLACEHOLDER_IMAGE,Assigned neutral placeholder: /products/placeholder.svg
g1-1234,Eclairs Choco,G1 Mart Fresh,snacks-beverages,/products/placeholder.svg,MISSING_OR_PLACEHOLDER_IMAGE,Assigned neutral placeholder: /products/placeholder.svg
g1-124,Dazzy Rich Gold,G1 Mart Fresh,personal-care,/products/packshots/exo-scrubber.jpg,"WRONG_ASPECT_RATIO (400x267, ratio 1.50) | CORRUPT_OR_UNREADABLE (setting an array element with a sequence. The requested array has an inhomogeneous shape after 1 dimensions. The detected shape was (4,) + inhomogeneous part.)",Assigned neutral placeholder: /products/placeholder.svg
g1-125,Chocolate PKT,G1 Mart Fresh,snacks-beverages,/products/packshots/good-day.jpg,"IMAGE_MISMATCH (image filename 'good-day.jpg' belongs to 'good day', but product is 'Chocolate PKT')",Assigned neutral placeholder: /products/placeholder.svg
g1-126,Sensora Paste 80G,G1 Mart Fresh,personal-care,/products/packshots/santoor-soap.jpg,"IMAGE_MISMATCH (image filename 'santoor-soap.jpg' belongs to 'santoor', but product is 'Sensora Paste 80G')",Assigned neutral placeholder: /products/placeholder.svg
g1-127,Allout Matchs,G1 Mart Fresh,personal-care,/products/packshots/santoor-soap.jpg,"IMAGE_MISMATCH (image filename 'santoor-soap.jpg' belongs to 'santoor', but product is 'Allout Matchs')",Assigned neutral placeholder: /products/placeholder.svg
g1-128,Dabur RED 50G,Dabur,personal-care,/products/packshots/santoor-soap.jpg,"IMAGE_MISMATCH (image filename 'santoor-soap.jpg' belongs to 'santoor', but product is 'Dabur RED 50G')",Assigned neutral placeholder: /products/placeholder.svg
g1-129,GN Gold Match,G1 Mart Fresh,personal-care,/products/packshots/santoor-soap.jpg,"IMAGE_MISMATCH (image filename 'santoor-soap.jpg' belongs to 'santoor', but product is 'GN Gold Match')",Assigned neutral placeholder: /products/placeholder.svg
g1-130,Odonil,G1 Mart Fresh,personal-care,/products/packshots/santoor-soap.jpg,"IMAGE_MISMATCH (image filename 'santoor-soap.jpg' belongs to 'santoor', but product is 'Odonil')",Assigned neutral placeholder: /products/placeholder.svg
g1-131,GN Gold Liquid,G1 Mart Fresh,personal-care,/products/packshots/santoor-soap.jpg,"IMAGE_MISMATCH (image filename 'santoor-soap.jpg' belongs to 'santoor', but product is 'GN Gold Liquid')",Assigned neutral placeholder: /products/placeholder.svg
g1-132,Dabur RED 100g,Dabur,personal-care,/products/packshots/santoor-soap.jpg,"IMAGE_MISMATCH (image filename 'santoor-soap.jpg' belongs to 'santoor', but product is 'Dabur RED 100g')",Assigned neutral placeholder: /products/placeholder.svg
g1-133,Dabur RED 300g,Dabur,personal-care,/products/packshots/santoor-soap.jpg,"IMAGE_MISMATCH (image filename 'santoor-soap.jpg' belongs to 'santoor', but product is 'Dabur RED 300g')",Assigned neutral placeholder: /products/placeholder.svg
g1-1335,Derby Eclairs Coconut,G1 Mart Fresh,snacks-beverages,/products/placeholder.svg,MISSING_OR_PLACEHOLDER_IMAGE,Assigned neutral placeholder: /products/placeholder.svg
g1-1336,Lotte Coconut Punch,G1 Mart Fresh,snacks-beverages,/products/placeholder.svg,MISSING_OR_PLACEHOLDER_IMAGE,Assigned neutral placeholder: /products/placeholder.svg
g1-1337,Tcon Heart Tino,G1 Mart Fresh,snacks-beverages,/products/placeholder.svg,MISSING_OR_PLACEHOLDER_IMAGE,Assigned neutral placeholder: /products/placeholder.svg
g1-1338,Lotte Lacto King,G1 Mart Fresh,snacks-beverages,/products/placeholder.svg,MISSING_OR_PLACEHOLDER_IMAGE,Assigned neutral placeholder: /products/placeholder.svg
g1-1339,Dazzy Eclairs,G1 Mart Fresh,snacks-beverages,/products/placeholder.svg,MISSING_OR_PLACEHOLDER_IMAGE,Assigned neutral placeholder: /products/placeholder.svg
g1-134,Garnier F . W,G1 Mart Fresh,personal-care,/products/packshots/sunflower-oil.jpg,"IMAGE_MISMATCH (image filename 'sunflower-oil.jpg' belongs to 'fortune', but product is 'Garnier F . W')",Assigned neutral placeholder: /products/placeholder.svg
g1-1340,Nyra Original,G1 Mart Fresh,snacks-beverages,/products/placeholder.svg,MISSING_OR_PLACEHOLDER_IMAGE,Assigned neutral placeholder: /products/placeholder.svg
g1-1342,Dazzy Mango,G1 Mart Fresh,snacks-beverages,/products/placeholder.svg,MISSING_OR_PLACEHOLDER_IMAGE,Assigned neutral placeholder: /products/placeholder.svg
g1-1343,Mentos Rainboe,G1 Mart Fresh,snacks-beverages,/products/placeholder.svg,MISSING_OR_PLACEHOLDER_IMAGE,Assigned neutral placeholder: /products/placeholder.svg
g1-1344,Mentos Mint,G1 Mart Fresh,snacks-beverages,/products/placeholder.svg,MISSING_OR_PLACEHOLDER_IMAGE,Assigned neutral placeholder: /products/placeholder.svg
g1-1345,Alpenliebe,G1 Mart Fresh,snacks-beverages,/products/placeholder.svg,MISSING_OR_PLACEHOLDER_IMAGE,Assigned neutral placeholder: /products/placeholder.svg
g1-1346,Meera Oile250g,G1 Mart Fresh,grocery-staples,/products/packshots/sunflower-oil.jpg,"IMAGE_MISMATCH (image filename 'sunflower-oil.jpg' belongs to 'fortune', but product is 'Meera Oile250g')",Assigned neutral placeholder: /products/placeholder.svg
g1-1347,Continental Xtra,Continental,snacks-beverages,/products/packshots/red-label-tea.jpg,"IMAGE_MISMATCH (image filename 'red-label-tea.jpg' belongs to 'red label', but product is 'Continental Xtra')",Assigned neutral placeholder: /products/placeholder.svg
g1-135,HIM F.W .50ml,G1 Mart Fresh,personal-care,/products/packshots/sunflower-oil.jpg,"IMAGE_MISMATCH (image filename 'sunflower-oil.jpg' belongs to 'fortune', but product is 'HIM F.W .50ml')",Assigned neutral placeholder: /products/placeholder.svg
g1-1350,Daory Milk,G1 Mart Fresh,snacks-beverages,/products/packshots/arun-donut.jpg,"CORRUPT_OR_UNREADABLE (setting an array element with a sequence. The requested array has an inhomogeneous shape after 1 dimensions. The detected shape was (4,) + inhomogeneous part.)",Assigned neutral placeholder: /products/placeholder.svg
g1-1351,Maggi 48G,Nestle,personal-care,/products/placeholder.svg,MISSING_OR_PLACEHOLDER_IMAGE,Assigned neutral placeholder: /products/placeholder.svg
g1-1352,Gloe&handsome MEN 50G,G1 Mart Fresh,personal-care,/products/placeholder.svg,MISSING_OR_PLACEHOLDER_IMAGE,Assigned neutral placeholder: /products/placeholder.svg
g1-1353,Jelly TOS,G1 Mart Fresh,snacks-beverages,/products/placeholder.svg,MISSING_OR_PLACEHOLDER_IMAGE,Assigned neutral placeholder: /products/placeholder.svg
g1-1354,Colin,G1 Mart Fresh,personal-care,/products/placeholder.svg,MISSING_OR_PLACEHOLDER_IMAGE,Assigned neutral placeholder: /products/placeholder.svg
g1-1356,Gopuram K,G1 Mart Fresh,personal-care,/products/placeholder.svg,MISSING_OR_PLACEHOLDER_IMAGE,Assigned neutral placeholder: /products/placeholder.svg
g1-1357,Hatsun Ghee 200g,Hatsun,grocery-staples,/products/packshots/arun-donut.jpg,"CORRUPT_OR_UNREADABLE (setting an array element with a sequence. The requested array has an inhomogeneous shape after 1 dimensions. The detected shape was (4,) + inhomogeneous part.)",Assigned neutral placeholder: /products/placeholder.svg
g1-1358,Lavangalu10g,G1 Mart Fresh,grocery-staples,/products/placeholder.svg,MISSING_OR_PLACEHOLDER_IMAGE,Assigned neutral placeholder: /products/placeholder.svg
g1-1359,Arun Chocolate Ball,Arun Icecreams,snacks-beverages,/products/packshots/arun-donut.jpg,"CORRUPT_OR_UNREADABLE (setting an array element with a sequence. The requested array has an inhomogeneous shape after 1 dimensions. The detected shape was (4,) + inhomogeneous part.)",Assigned neutral placeholder: /products/placeholder.svg
g1-136,Cycle Agarbati 5,G1 Mart Fresh,personal-care,/products/packshots/sunflower-oil.jpg,"IMAGE_MISMATCH (image filename 'sunflower-oil.jpg' belongs to 'fortune', but product is 'Cycle Agarbati 5')",Assigned neutral placeholder: /products/placeholder.svg
g1-1360,Kichen Knife,G1 Mart Fresh,personal-care,/products/placeholder.svg,MISSING_OR_PLACEHOLDER_IMAGE,Assigned neutral placeholder: /products/placeholder.svg
g1-1361,Gloe&handsome,G1 Mart Fresh,personal-care,/products/placeholder.svg,MISSING_OR_PLACEHOLDER_IMAGE,Assigned neutral placeholder: /products/placeholder.svg
g1-1362,Cheeta Matches,G1 Mart Fresh,personal-care,/products/placeholder.svg,MISSING_OR_PLACEHOLDER_IMAGE,Assigned neutral placeholder: /products/placeholder.svg
g1-1363,Vamu Wather,G1 Mart Fresh,personal-care,/products/placeholder.svg,MISSING_OR_PLACEHOLDER_IMAGE,Assigned neutral placeholder: /products/placeholder.svg
g1-1364,RB Soda,G1 Mart Fresh,personal-care,/products/placeholder.svg,MISSING_OR_PLACEHOLDER_IMAGE,Assigned neutral placeholder: /products/placeholder.svg
g1-1365,LIA,G1 Mart Fresh,personal-care,/products/placeholder.svg,MISSING_OR_PLACEHOLDER_IMAGE,Assigned neutral placeholder: /products/placeholder.svg
g1-1367,Endu Marchi 250g,G1 Mart Fresh,personal-care,/products/placeholder.svg,MISSING_OR_PLACEHOLDER_IMAGE,Assigned neutral placeholder: /products/placeholder.svg
g1-1368,Munch 10rs,Nestle,snacks-beverages,/products/packshots/nestle-munch.jpg,"WRONG_ASPECT_RATIO (400x208, ratio 1.92) | CORRUPT_OR_UNREADABLE (setting an array element with a sequence. The requested array has an inhomogeneous shape after 1 dimensions. The detected shape was (4,) + inhomogeneous part.)",Assigned neutral placeholder: /products/placeholder.svg
g1-1369,Ponds Bricht Beauy12g,G1 Mart Fresh,household-cleaning,/products/placeholder.svg,MISSING_OR_PLACEHOLDER_IMAGE,Assigned neutral placeholder: /products/placeholder.svg
g1-137,HIM F.W .50ml,G1 Mart Fresh,personal-care,/products/packshots/sunflower-oil.jpg,"IMAGE_MISMATCH (image filename 'sunflower-oil.jpg' belongs to 'fortune', but product is 'HIM F.W .50ml')",Assigned neutral placeholder: /products/placeholder.svg
g1-1370,Kisan Mixedfruit 2RS,G1 Mart Fresh,snacks-beverages,/products/placeholder.svg,MISSING_OR_PLACEHOLDER_IMAGE,Assigned neutral placeholder: /products/placeholder.svg
g1-1371,Vaseline 85ml,G1 Mart Fresh,personal-care,/products/placeholder.svg,MISSING_OR_PLACEHOLDER_IMAGE,Assigned neutral placeholder: /products/placeholder.svg
g1-1372,Vaseline LIP Carem 5G,G1 Mart Fresh,personal-care,/products/placeholder.svg,MISSING_OR_PLACEHOLDER_IMAGE,Assigned neutral placeholder: /products/placeholder.svg
g1-1373,Badam A1 250g,G1 Mart Fresh,grocery-staples,/products/placeholder.svg,MISSING_OR_PLACEHOLDER_IMAGE,Assigned neutral placeholder: /products/placeholder.svg
g1-1374,Nycil 40g,G1 Mart Fresh,personal-care,/products/placeholder.svg,MISSING_OR_PLACEHOLDER_IMAGE,Assigned neutral placeholder: /products/placeholder.svg
g1-1375,Clinic Egg 175ml,G1 Mart Fresh,personal-care,/products/placeholder.svg,MISSING_OR_PLACEHOLDER_IMAGE,Assigned neutral placeholder: /products/placeholder.svg
g1-1376,Ultra Power,G1 Mart Fresh,personal-care,/products/placeholder.svg,MISSING_OR_PLACEHOLDER_IMAGE,Assigned neutral placeholder: /products/placeholder.svg
g1-1378,Crayons,G1 Mart Fresh,personal-care,/products/placeholder.svg,MISSING_OR_PLACEHOLDER_IMAGE,Assigned neutral placeholder: /products/placeholder.svg
g1-138,Gayathari Sambrani Stick,G1 Mart Fresh,personal-care,/products/packshots/santoor-soap.jpg,"IMAGE_MISMATCH (image filename 'santoor-soap.jpg' belongs to 'santoor', but product is 'Gayathari Sambrani Stick')",Assigned neutral placeholder: /products/placeholder.svg
g1-1380,Surf Excvel Matic1.8kg,G1 Mart Fresh,household-cleaning,/products/placeholder.svg,MISSING_OR_PLACEHOLDER_IMAGE,Assigned neutral placeholder: /products/placeholder.svg
g1-1386,Hellmanns Mayonnaise 85G,G1 Mart Fresh,personal-care,/products/placeholder.svg,MISSING_OR_PLACEHOLDER_IMAGE,Assigned neutral placeholder: /products/placeholder.svg
g1-1387,Kissam Tomato Ketchup 500g,G1 Mart Fresh,personal-care,/products/placeholder.svg,MISSING_OR_PLACEHOLDER_IMAGE,Assigned neutral placeholder: /products/placeholder.svg
g1-1388,Kissan Tomato Ketchup 200g,G1 Mart Fresh,personal-care,/products/placeholder.svg,MISSING_OR_PLACEHOLDER_IMAGE,Assigned neutral placeholder: /products/placeholder.svg
g1-1389,Kissan Sweet&spicy 200g,G1 Mart Fresh,snacks-beverages,/products/placeholder.svg,MISSING_OR_PLACEHOLDER_IMAGE,Assigned neutral placeholder: /products/placeholder.svg
g1-139,Boro Plus Powder Small,G1 Mart Fresh,personal-care,/products/packshots/santoor-soap.jpg,"IMAGE_MISMATCH (image filename 'santoor-soap.jpg' belongs to 'santoor', but product is 'Boro Plus Powder Small')",Assigned neutral placeholder: /products/placeholder.svg
g1-1390,Kissan Tomaato Ketchup 415g,G1 Mart Fresh,personal-care,/products/placeholder.svg,MISSING_OR_PLACEHOLDER_IMAGE,Assigned neutral placeholder: /products/placeholder.svg
g1-1392,Kissan Peanut Butter Creamy,G1 Mart Fresh,personal-care,/products/placeholder.svg,MISSING_OR_PLACEHOLDER_IMAGE,Assigned neutral placeholder: /products/placeholder.svg
g1-1394,Lifeduoy Cools Skin,G1 Mart Fresh,personal-care,/products/placeholder.svg,MISSING_OR_PLACEHOLDER_IMAGE,Assigned neutral placeholder: /products/placeholder.svg
g1-1395,Lifeduoy Neem,G1 Mart Fresh,personal-care,/products/placeholder.svg,MISSING_OR_PLACEHOLDER_IMAGE,Assigned neutral placeholder: /products/placeholder.svg
g1-1396,Hamam Neem &tulsi,Hamam,personal-care,/products/placeholder.svg,MISSING_OR_PLACEHOLDER_IMAGE,Assigned neutral placeholder: /products/placeholder.svg
g1-1397,Fair &lovely,Glow & Lovely,personal-care,/products/placeholder.svg,MISSING_OR_PLACEHOLDER_IMAGE,Assigned neutral placeholder: /products/placeholder.svg
g1-1398,Rexona Deorant MEN 50ml,G1 Mart Fresh,household-cleaning,/products/placeholder.svg,MISSING_OR_PLACEHOLDER_IMAGE,Assigned neutral placeholder: /products/placeholder.svg
g1-1399,Rexona Aloe Vera,G1 Mart Fresh,household-cleaning,/products/placeholder.svg,MISSING_OR_PLACEHOLDER_IMAGE,Assigned neutral placeholder: /products/placeholder.svg
g1-140,Nycil Powder Small,G1 Mart Fresh,personal-care,/products/packshots/santoor-soap.jpg,"IMAGE_MISMATCH (image filename 'santoor-soap.jpg' belongs to 'santoor', but product is 'Nycil Powder Small')",Assigned neutral placeholder: /products/placeholder.svg
g1-1400,Rexona Aloe Vera 25ml,G1 Mart Fresh,household-cleaning,/products/placeholder.svg,MISSING_OR_PLACEHOLDER_IMAGE,Assigned neutral placeholder: /products/placeholder.svg
g1-1401,Rexona Dpowder DRY 50ml,G1 Mart Fresh,personal-care,/products/packshots/exo-scrubber.jpg,"WRONG_ASPECT_RATIO (400x267, ratio 1.50) | CORRUPT_OR_UNREADABLE (setting an array element with a sequence. The requested array has an inhomogeneous shape after 1 dimensions. The detected shape was (4,) + inhomogeneous part.)",Assigned neutral placeholder: /products/placeholder.svg
g1-1402,Rexona Dpowder DRY 25ml,G1 Mart Fresh,personal-care,/products/packshots/exo-scrubber.jpg,"WRONG_ASPECT_RATIO (400x267, ratio 1.50) | CORRUPT_OR_UNREADABLE (setting an array element with a sequence. The requested array has an inhomogeneous shape after 1 dimensions. The detected shape was (4,) + inhomogeneous part.)",Assigned neutral placeholder: /products/placeholder.svg
g1-1403,Rexona Dpowdert Shower Fresh 50ml,G1 Mart Fresh,personal-care,/products/packshots/exo-scrubber.jpg,"WRONG_ASPECT_RATIO (400x267, ratio 1.50) | CORRUPT_OR_UNREADABLE (setting an array element with a sequence. The requested array has an inhomogeneous shape after 1 dimensions. The detected shape was (4,) + inhomogeneous part.)",Assigned neutral placeholder: /products/placeholder.svg
g1-1404,Rexona Dpowdert Shower Fresh 25ml,G1 Mart Fresh,personal-care,/products/packshots/exo-scrubber.jpg,"WRONG_ASPECT_RATIO (400x267, ratio 1.50) | CORRUPT_OR_UNREADABLE (setting an array element with a sequence. The requested array has an inhomogeneous shape after 1 dimensions. The detected shape was (4,) + inhomogeneous part.)",Assigned neutral placeholder: /products/placeholder.svg
g1-1406,Arun Kulfi,Arun Icecreams,snacks-beverages,/products/packshots/arun-donut.jpg,"CORRUPT_OR_UNREADABLE (setting an array element with a sequence. The requested array has an inhomogeneous shape after 1 dimensions. The detected shape was (4,) + inhomogeneous part.)",Assigned neutral placeholder: /products/placeholder.svg
g1-141,Boro Plus BIG,G1 Mart Fresh,personal-care,/products/packshots/santoor-soap.jpg,"IMAGE_MISMATCH (image filename 'santoor-soap.jpg' belongs to 'santoor', but product is 'Boro Plus BIG')",Assigned neutral placeholder: /products/placeholder.svg
g1-1411,Hatsun Ghee 1L,Hatsun,grocery-staples,/products/packshots/arun-donut.jpg,"CORRUPT_OR_UNREADABLE (setting an array element with a sequence. The requested array has an inhomogeneous shape after 1 dimensions. The detected shape was (4,) + inhomogeneous part.)",Assigned neutral placeholder: /products/placeholder.svg
g1-1412,Hatsun Ghee 500g,Hatsun,grocery-staples,/products/packshots/arun-donut.jpg,"CORRUPT_OR_UNREADABLE (setting an array element with a sequence. The requested array has an inhomogeneous shape after 1 dimensions. The detected shape was (4,) + inhomogeneous part.)",Assigned neutral placeholder: /products/placeholder.svg
g1-1413,Hatsun Jeera (cumin Seeds) Buttermilk,Hatsun,grocery-staples,/products/packshots/arun-donut.jpg,"CORRUPT_OR_UNREADABLE (setting an array element with a sequence. The requested array has an inhomogeneous shape after 1 dimensions. The detected shape was (4,) + inhomogeneous part.)",Assigned neutral placeholder: /products/placeholder.svg
g1-1414,Hatsun Mango Lassi,Hatsun,snacks-beverages,/products/packshots/arun-donut.jpg,"CORRUPT_OR_UNREADABLE (setting an array element with a sequence. The requested array has an inhomogeneous shape after 1 dimensions. The detected shape was (4,) + inhomogeneous part.)",Assigned neutral placeholder: /products/placeholder.svg
g1-1415,Aniva Orange Drink,G1 Mart Fresh,household-cleaning,/products/placeholder.svg,MISSING_OR_PLACEHOLDER_IMAGE,Assigned neutral placeholder: /products/placeholder.svg
g1-1416,Hatsun Curd 400g,Hatsun,snacks-beverages,/products/packshots/arun-donut.jpg,"CORRUPT_OR_UNREADABLE (setting an array element with a sequence. The requested array has an inhomogeneous shape after 1 dimensions. The detected shape was (4,) + inhomogeneous part.)",Assigned neutral placeholder: /products/placeholder.svg
g1-1417,Jilakara 10rupees,G1 Mart Fresh,personal-care,/products/placeholder.svg,MISSING_OR_PLACEHOLDER_IMAGE,Assigned neutral placeholder: /products/placeholder.svg
g1-1418,Anasa Puvvu 10rupees,G1 Mart Fresh,grocery-staples,/products/placeholder.svg,MISSING_OR_PLACEHOLDER_IMAGE,Assigned neutral placeholder: /products/placeholder.svg
g1-1419,Jathipatri 10rupees,G1 Mart Fresh,grocery-staples,/products/placeholder.svg,MISSING_OR_PLACEHOLDER_IMAGE,Assigned neutral placeholder: /products/placeholder.svg
g1-142,Nycil Powder Small,G1 Mart Fresh,personal-care,/products/packshots/santoor-soap.jpg,"IMAGE_MISMATCH (image filename 'santoor-soap.jpg' belongs to 'santoor', but product is 'Nycil Powder Small')",Assigned neutral placeholder: /products/placeholder.svg
g1-1420,Marathi Mogga 10rupees,G1 Mart Fresh,grocery-staples,/products/placeholder.svg,MISSING_OR_PLACEHOLDER_IMAGE,Assigned neutral placeholder: /products/placeholder.svg
g1-1421,Endu Draksha 10rupees,G1 Mart Fresh,grocery-staples,/products/placeholder.svg,MISSING_OR_PLACEHOLDER_IMAGE,Assigned neutral placeholder: /products/placeholder.svg
g1-1422,Lavangalu (whole Cloves) 10rupees,G1 Mart Fresh,grocery-staples,/products/placeholder.svg,MISSING_OR_PLACEHOLDER_IMAGE,Assigned neutral placeholder: /products/placeholder.svg
g1-1423,Miriyalu10rupees,G1 Mart Fresh,grocery-staples,/products/placeholder.svg,MISSING_OR_PLACEHOLDER_IMAGE,Assigned neutral placeholder: /products/placeholder.svg
g1-1425,Rangoli,G1 Mart Fresh,personal-care,/products/placeholder.svg,MISSING_OR_PLACEHOLDER_IMAGE,Assigned neutral placeholder: /products/placeholder.svg
g1-1426,Endu Draksha 250g,G1 Mart Fresh,grocery-staples,/products/placeholder.svg,MISSING_OR_PLACEHOLDER_IMAGE,Assigned neutral placeholder: /products/placeholder.svg
g1-1428,Ujala Fresh,G1 Mart Fresh,personal-care,/products/placeholder.svg,MISSING_OR_PLACEHOLDER_IMAGE,Assigned neutral placeholder: /products/placeholder.svg
g1-1429,Kinley Soda 750ml,G1 Mart Fresh,snacks-beverages,/products/placeholder.svg,MISSING_OR_PLACEHOLDER_IMAGE,Assigned neutral placeholder: /products/placeholder.svg
g1-143,Spinz BB Cream BIG,G1 Mart Fresh,personal-care,/products/packshots/santoor-soap.jpg,"IMAGE_MISMATCH (image filename 'santoor-soap.jpg' belongs to 'santoor', but product is 'Spinz BB Cream BIG')",Assigned neutral placeholder: /products/placeholder.svg
g1-1431,Hatsun Paneer 200 G,Hatsun,snacks-beverages,/products/packshots/arun-donut.jpg,"CORRUPT_OR_UNREADABLE (setting an array element with a sequence. The requested array has an inhomogeneous shape after 1 dimensions. The detected shape was (4,) + inhomogeneous part.)",Assigned neutral placeholder: /products/placeholder.svg
g1-1432,Patikan Bellam (natural Sweet Jaggery) 100g,G1 Mart Fresh,grocery-staples,/products/packshots/aashirvaad-salt.jpg,"IMAGE_MISMATCH (image filename 'aashirvaad-salt.jpg' belongs to 'aashirvaad', but product is 'Patikan Bellam (natural Sweet Jaggery) 100g')",Assigned neutral placeholder: /products/placeholder.svg
g1-1433,Dark Fantasy Yumfills PIE,Sunfeast,snacks-beverages,/products/packshots/good-day.jpg,"IMAGE_MISMATCH (image filename 'good-day.jpg' belongs to 'good day', but product is 'Dark Fantasy Yumfills PIE')",Assigned neutral placeholder: /products/placeholder.svg
g1-144,Nycil Powder BIG,G1 Mart Fresh,personal-care,/products/packshots/santoor-soap.jpg,"IMAGE_MISMATCH (image filename 'santoor-soap.jpg' belongs to 'santoor', but product is 'Nycil Powder BIG')",Assigned neutral placeholder: /products/placeholder.svg
g1-145,Fogg Body Spary,G1 Mart Fresh,personal-care,/products/packshots/santoor-soap.jpg,"IMAGE_MISMATCH (image filename 'santoor-soap.jpg' belongs to 'santoor', but product is 'Fogg Body Spary')",Assigned neutral placeholder: /products/placeholder.svg
g1-146,Denver Body Spray,G1 Mart Fresh,personal-care,/products/packshots/santoor-soap.jpg,"IMAGE_MISMATCH (image filename 'santoor-soap.jpg' belongs to 'santoor', but product is 'Denver Body Spray')",Assigned neutral placeholder: /products/placeholder.svg
g1-147,Indica Easy BIG,G1 Mart Fresh,personal-care,/products/packshots/santoor-soap.jpg,"IMAGE_MISMATCH (image filename 'santoor-soap.jpg' belongs to 'santoor', but product is 'Indica Easy BIG')",Assigned neutral placeholder: /products/placeholder.svg
g1-148,Indica Easy Small,G1 Mart Fresh,personal-care,/products/packshots/santoor-soap.jpg,"IMAGE_MISMATCH (image filename 'santoor-soap.jpg' belongs to 'santoor', but product is 'Indica Easy Small')",Assigned neutral placeholder: /products/placeholder.svg
g1-149,Pitambari 20G,G1 Mart Fresh,personal-care,/products/packshots/santoor-soap.jpg,"IMAGE_MISMATCH (image filename 'santoor-soap.jpg' belongs to 'santoor', but product is 'Pitambari 20G')",Assigned neutral placeholder: /products/placeholder.svg
g1-150,Pitambari 30G,G1 Mart Fresh,personal-care,/products/packshots/santoor-soap.jpg,"IMAGE_MISMATCH (image filename 'santoor-soap.jpg' belongs to 'santoor', but product is 'Pitambari 30G')",Assigned neutral placeholder: /products/placeholder.svg
g1-151,Pitambari 50G,G1 Mart Fresh,personal-care,/products/packshots/santoor-soap.jpg,"IMAGE_MISMATCH (image filename 'santoor-soap.jpg' belongs to 'santoor', but product is 'Pitambari 50G')",Assigned neutral placeholder: /products/placeholder.svg
g1-152,Sensodyne Fresh GEL 75G,G1 Mart Fresh,personal-care,/products/packshots/santoor-soap.jpg,"IMAGE_MISMATCH (image filename 'santoor-soap.jpg' belongs to 'santoor', but product is 'Sensodyne Fresh GEL 75G')",Assigned neutral placeholder: /products/placeholder.svg
g1-153,Lock 50mm,G1 Mart Fresh,personal-care,/products/packshots/santoor-soap.jpg,"IMAGE_MISMATCH (image filename 'santoor-soap.jpg' belongs to 'santoor', but product is 'Lock 50mm')",Assigned neutral placeholder: /products/placeholder.svg
g1-154,Lock 32mm,G1 Mart Fresh,personal-care,/products/packshots/santoor-soap.jpg,"IMAGE_MISMATCH (image filename 'santoor-soap.jpg' belongs to 'santoor', but product is 'Lock 32mm')",Assigned neutral placeholder: /products/placeholder.svg
g1-155,Lock 38mm,G1 Mart Fresh,personal-care,/products/packshots/santoor-soap.jpg,"IMAGE_MISMATCH (image filename 'santoor-soap.jpg' belongs to 'santoor', but product is 'Lock 38mm')",Assigned neutral placeholder: /products/placeholder.svg
g1-156,Tulip 150ml,G1 Mart Fresh,personal-care,/products/packshots/santoor-soap.jpg,"IMAGE_MISMATCH (image filename 'santoor-soap.jpg' belongs to 'santoor', but product is 'Tulip 150ml')",Assigned neutral placeholder: /products/placeholder.svg
g1-157,Magnet 100ml,G1 Mart Fresh,personal-care,/products/packshots/santoor-soap.jpg,"IMAGE_MISMATCH (image filename 'santoor-soap.jpg' belongs to 'santoor', but product is 'Magnet 100ml')",Assigned neutral placeholder: /products/placeholder.svg
g1-158,Melody 100ml,G1 Mart Fresh,personal-care,/products/packshots/santoor-soap.jpg,"IMAGE_MISMATCH (image filename 'santoor-soap.jpg' belongs to 'santoor', but product is 'Melody 100ml')",Assigned neutral placeholder: /products/placeholder.svg
g1-159,Something Something 60ml,G1 Mart Fresh,personal-care,/products/packshots/santoor-soap.jpg,"IMAGE_MISMATCH (image filename 'santoor-soap.jpg' belongs to 'santoor', but product is 'Something Something 60ml')",Assigned neutral placeholder: /products/placeholder.svg
g1-160,Kiss ME 40ml,G1 Mart Fresh,personal-care,/products/packshots/santoor-soap.jpg,"IMAGE_MISMATCH (image filename 'santoor-soap.jpg' belongs to 'santoor', but product is 'Kiss ME 40ml')",Assigned neutral placeholder: /products/placeholder.svg
g1-161,ZX 60ml Spray,G1 Mart Fresh,personal-care,/products/packshots/santoor-soap.jpg,"IMAGE_MISMATCH (image filename 'santoor-soap.jpg' belongs to 'santoor', but product is 'ZX 60ml Spray')",Assigned neutral placeholder: /products/placeholder.svg
g1-162,First Love 30ml,G1 Mart Fresh,personal-care,/products/packshots/santoor-soap.jpg,"IMAGE_MISMATCH (image filename 'santoor-soap.jpg' belongs to 'santoor', but product is 'First Love 30ml')",Assigned neutral placeholder: /products/placeholder.svg
g1-163,OSR Girl 40ml,G1 Mart Fresh,personal-care,/products/packshots/santoor-soap.jpg,"IMAGE_MISMATCH (image filename 'santoor-soap.jpg' belongs to 'santoor', but product is 'OSR Girl 40ml')",Assigned neutral placeholder: /products/placeholder.svg
g1-166,Gokul Powder 300g,G1 Mart Fresh,personal-care,/products/packshots/santoor-soap.jpg,"IMAGE_MISMATCH (image filename 'santoor-soap.jpg' belongs to 'santoor', but product is 'Gokul Powder 300g')",Assigned neutral placeholder: /products/placeholder.svg
g1-167,Gokul PDR 70G,G1 Mart Fresh,personal-care,/products/packshots/santoor-soap.jpg,"IMAGE_MISMATCH (image filename 'santoor-soap.jpg' belongs to 'santoor', but product is 'Gokul PDR 70G')",Assigned neutral placeholder: /products/placeholder.svg
g1-168,Gokul PDR 70G,G1 Mart Fresh,personal-care,/products/packshots/santoor-soap.jpg,"IMAGE_MISMATCH (image filename 'santoor-soap.jpg' belongs to 'santoor', but product is 'Gokul PDR 70G')",Assigned neutral placeholder: /products/placeholder.svg
g1-169,Sugar 50kgs Bag,G1 Mart Fresh,grocery-staples,/products/packshots/aashirvaad-salt.jpg,"IMAGE_MISMATCH (image filename 'aashirvaad-salt.jpg' belongs to 'aashirvaad', but product is 'Sugar 50kgs Bag')",Assigned neutral placeholder: /products/placeholder.svg
g1-170,Sugar 500g,G1 Mart Fresh,grocery-staples,/products/packshots/aashirvaad-salt.jpg,"IMAGE_MISMATCH (image filename 'aashirvaad-salt.jpg' belongs to 'aashirvaad', but product is 'Sugar 500g')",Assigned neutral placeholder: /products/placeholder.svg
g1-171,Sugar 250g,G1 Mart Fresh,grocery-staples,/products/packshots/aashirvaad-salt.jpg,"IMAGE_MISMATCH (image filename 'aashirvaad-salt.jpg' belongs to 'aashirvaad', but product is 'Sugar 250g')",Assigned neutral placeholder: /products/placeholder.svg
g1-172,Sugar 1kg,G1 Mart Fresh,grocery-staples,/products/packshots/aashirvaad-salt.jpg,"IMAGE_MISMATCH (image filename 'aashirvaad-salt.jpg' belongs to 'aashirvaad', but product is 'Sugar 1kg')",Assigned neutral placeholder: /products/placeholder.svg
g1-195,Gokulam Dates,G1 Mart Fresh,personal-care,/products/packshots/santoor-soap.jpg,"IMAGE_MISMATCH (image filename 'santoor-soap.jpg' belongs to 'santoor', but product is 'Gokulam Dates')",Assigned neutral placeholder: /products/placeholder.svg
g1-198,BAT Papad 250g,G1 Mart Fresh,snacks-beverages,/products/packshots/good-day.jpg,"IMAGE_MISMATCH (image filename 'good-day.jpg' belongs to 'good day', but product is 'BAT Papad 250g')",Assigned neutral placeholder: /products/placeholder.svg
g1-199,Colour Papad 250g,G1 Mart Fresh,snacks-beverages,/products/packshots/good-day.jpg,"IMAGE_MISMATCH (image filename 'good-day.jpg' belongs to 'good day', but product is 'Colour Papad 250g')",Assigned neutral placeholder: /products/placeholder.svg
g1-201,Jaggery 500g,G1 Mart Fresh,grocery-staples,/products/packshots/aashirvaad-salt.jpg,"IMAGE_MISMATCH (image filename 'aashirvaad-salt.jpg' belongs to 'aashirvaad', but product is 'Jaggery 500g')",Assigned neutral placeholder: /products/placeholder.svg
g1-202,Jaggery 1KG,G1 Mart Fresh,grocery-staples,/products/packshots/aashirvaad-salt.jpg,"IMAGE_MISMATCH (image filename 'aashirvaad-salt.jpg' belongs to 'aashirvaad', but product is 'Jaggery 1KG')",Assigned neutral placeholder: /products/placeholder.svg
g1-203,Tamarind500g,G1 Mart Fresh,household-cleaning,/products/packshots/surf-excel.jpg,"IMAGE_MISMATCH (image filename 'surf-excel.jpg' belongs to 'surf excel', but product is 'Tamarind500g')",Assigned neutral placeholder: /products/placeholder.svg
g1-204,Tamarind250g,G1 Mart Fresh,household-cleaning,/products/packshots/surf-excel.jpg,"IMAGE_MISMATCH (image filename 'surf-excel.jpg' belongs to 'surf excel', but product is 'Tamarind250g')",Assigned neutral placeholder: /products/placeholder.svg
g1-205,RED Lentils 500g,G1 Mart Fresh,personal-care,/products/packshots/santoor-soap.jpg,"IMAGE_MISMATCH (image filename 'santoor-soap.jpg' belongs to 'santoor', but product is 'RED Lentils 500g')",Assigned neutral placeholder: /products/placeholder.svg
g1-206,Wheat 500g,G1 Mart Fresh,personal-care,/products/packshots/santoor-soap.jpg,"IMAGE_MISMATCH (image filename 'santoor-soap.jpg' belongs to 'santoor', but product is 'Wheat 500g')",Assigned neutral placeholder: /products/placeholder.svg
g1-207,Sorghum500g,G1 Mart Fresh,personal-care,/products/packshots/santoor-soap.jpg,"IMAGE_MISMATCH (image filename 'santoor-soap.jpg' belongs to 'santoor', but product is 'Sorghum500g')",Assigned neutral placeholder: /products/placeholder.svg
g1-208,Mung Bean 500g,G1 Mart Fresh,personal-care,/products/packshots/santoor-soap.jpg,"IMAGE_MISMATCH (image filename 'santoor-soap.jpg' belongs to 'santoor', but product is 'Mung Bean 500g')",Assigned neutral placeholder: /products/placeholder.svg
g1-209,Finger Millet 500g,G1 Mart Fresh,personal-care,/products/packshots/santoor-soap.jpg,"IMAGE_MISMATCH (image filename 'santoor-soap.jpg' belongs to 'santoor', but product is 'Finger Millet 500g')",Assigned neutral placeholder: /products/placeholder.svg
g1-217,Soya Small 100g,G1 Mart Fresh,personal-care,/products/packshots/santoor-soap.jpg,"IMAGE_MISMATCH (image filename 'santoor-soap.jpg' belongs to 'santoor', but product is 'Soya Small 100g')",Assigned neutral placeholder: /products/placeholder.svg
g1-218,Soya Small 50G,G1 Mart Fresh,personal-care,/products/packshots/santoor-soap.jpg,"IMAGE_MISMATCH (image filename 'santoor-soap.jpg' belongs to 'santoor', but product is 'Soya Small 50G')",Assigned neutral placeholder: /products/placeholder.svg
g1-219,Soya BIG 100g,G1 Mart Fresh,personal-care,/products/packshots/santoor-soap.jpg,"IMAGE_MISMATCH (image filename 'santoor-soap.jpg' belongs to 'santoor', but product is 'Soya BIG 100g')",Assigned neutral placeholder: /products/placeholder.svg
g1-220,Soya BIG 50G,G1 Mart Fresh,personal-care,/products/packshots/santoor-soap.jpg,"IMAGE_MISMATCH (image filename 'santoor-soap.jpg' belongs to 'santoor', but product is 'Soya BIG 50G')",Assigned neutral placeholder: /products/placeholder.svg
g1-223,Freedom OIL Botel 1L,Freedom,grocery-staples,/products/packshots/sunflower-oil.jpg,"IMAGE_MISMATCH (image filename 'sunflower-oil.jpg' belongs to 'fortune', but product is 'Freedom OIL Botel 1L')",Assigned neutral placeholder: /products/placeholder.svg
g1-224,Horlicks Biscuits,Horlicks,snacks-beverages,/products/packshots/horlicks.jpg,"WRONG_ASPECT_RATIO (158x400, ratio 0.40) | CORRUPT_OR_UNREADABLE (setting an array element with a sequence. The requested array has an inhomogeneous shape after 1 dimensions. The detected shape was (4,) + inhomogeneous part.)",Assigned neutral placeholder: /products/placeholder.svg
g1-225,Knorr Tomato Soup,G1 Mart Fresh,snacks-beverages,/products/packshots/good-day.jpg,"IMAGE_MISMATCH (image filename 'good-day.jpg' belongs to 'good day', but product is 'Knorr Tomato Soup')",Assigned neutral placeholder: /products/placeholder.svg
g1-226,Horlicks Biscuit Small,Horlicks,snacks-beverages,/products/packshots/horlicks.jpg,"WRONG_ASPECT_RATIO (158x400, ratio 0.40) | CORRUPT_OR_UNREADABLE (setting an array element with a sequence. The requested array has an inhomogeneous shape after 1 dimensions. The detected shape was (4,) + inhomogeneous part.)",Assigned neutral placeholder: /products/placeholder.svg
g1-229,Clinic Plus Strong&long,G1 Mart Fresh,snacks-beverages,/products/packshots/good-day.jpg,"IMAGE_MISMATCH (image filename 'good-day.jpg' belongs to 'good day', but product is 'Clinic Plus Strong&long')",Assigned neutral placeholder: /products/placeholder.svg
g1-231,Ashirvad 5kgs Bag,G1 Mart Fresh,personal-care,/products/packshots/santoor-soap.jpg,"IMAGE_MISMATCH (image filename 'santoor-soap.jpg' belongs to 'santoor', but product is 'Ashirvad 5kgs Bag')",Assigned neutral placeholder: /products/placeholder.svg
g1-235,Vermicilli Payasam Mix,G1 Mart Fresh,personal-care,/products/packshots/santoor-soap.jpg,"IMAGE_MISMATCH (image filename 'santoor-soap.jpg' belongs to 'santoor', but product is 'Vermicilli Payasam Mix')",Assigned neutral placeholder: /products/placeholder.svg
g1-239,Sensora Tooth Paste 80g Main,G1 Mart Fresh,personal-care,/products/packshots/santoor-soap.jpg,"IMAGE_MISMATCH (image filename 'santoor-soap.jpg' belongs to 'santoor', but product is 'Sensora Tooth Paste 80g Main')",Assigned neutral placeholder: /products/placeholder.svg
g1-243,Maya Agni Samrani,G1 Mart Fresh,personal-care,/products/packshots/santoor-soap.jpg,"IMAGE_MISMATCH (image filename 'santoor-soap.jpg' belongs to 'santoor', but product is 'Maya Agni Samrani')",Assigned neutral placeholder: /products/placeholder.svg
g1-245,Whisper Choice Xl Main,G1 Mart Fresh,snacks-beverages,/products/packshots/arun-donut.jpg,"CORRUPT_OR_UNREADABLE (setting an array element with a sequence. The requested array has an inhomogeneous shape after 1 dimensions. The detected shape was (4,) + inhomogeneous part.)",Assigned neutral placeholder: /products/placeholder.svg
g1-249,Harpic Blue 600m,Harpic,household-cleaning,/products/packshots/surf-excel.jpg,"IMAGE_MISMATCH (image filename 'surf-excel.jpg' belongs to 'surf excel', but product is 'Harpic Blue 600m')",Assigned neutral placeholder: /products/placeholder.svg
g1-250,Harpic Red 500ml,Harpic,household-cleaning,/products/packshots/surf-excel.jpg,"IMAGE_MISMATCH (image filename 'surf-excel.jpg' belongs to 'surf excel', but product is 'Harpic Red 500ml')",Assigned neutral placeholder: /products/placeholder.svg
g1-251,Lizol 500ml,Lizol,household-cleaning,/products/packshots/surf-excel.jpg,"IMAGE_MISMATCH (image filename 'surf-excel.jpg' belongs to 'surf excel', but product is 'Lizol 500ml')",Assigned neutral placeholder: /products/placeholder.svg
g1-252,Comfort 30ml,G1 Mart Fresh,household-cleaning,/products/packshots/surf-excel.jpg,"IMAGE_MISMATCH (image filename 'surf-excel.jpg' belongs to 'surf excel', but product is 'Comfort 30ml')",Assigned neutral placeholder: /products/placeholder.svg
g1-254,Tide 1kg,Tide,household-cleaning,/products/packshots/surf-excel.jpg,"IMAGE_MISMATCH (image filename 'surf-excel.jpg' belongs to 'surf excel', but product is 'Tide 1kg')",Assigned neutral placeholder: /products/placeholder.svg
g1-255,Gokulam Dates 68g,G1 Mart Fresh,personal-care,/products/packshots/santoor-soap.jpg,"IMAGE_MISMATCH (image filename 'santoor-soap.jpg' belongs to 'santoor', but product is 'Gokulam Dates 68g')",Assigned neutral placeholder: /products/placeholder.svg
g1-259,Solo Fresh 100g,G1 Mart Fresh,personal-care,/products/packshots/santoor-soap.jpg,"IMAGE_MISMATCH (image filename 'santoor-soap.jpg' belongs to 'santoor', but product is 'Solo Fresh 100g')",Assigned neutral placeholder: /products/placeholder.svg
g1-261,Eno 5g,G1 Mart Fresh,personal-care,/products/packshots/santoor-soap.jpg,"IMAGE_MISMATCH (image filename 'santoor-soap.jpg' belongs to 'santoor', but product is 'Eno 5g')",Assigned neutral placeholder: /products/placeholder.svg
g1-262,Cycle Pue Agarbathi 180g,G1 Mart Fresh,personal-care,/products/packshots/santoor-soap.jpg,"IMAGE_MISMATCH (image filename 'santoor-soap.jpg' belongs to 'santoor', but product is 'Cycle Pue Agarbathi 180g')",Assigned neutral placeholder: /products/placeholder.svg
g1-263,Mangaldeep Sambrani,G1 Mart Fresh,personal-care,/products/packshots/santoor-soap.jpg,"IMAGE_MISMATCH (image filename 'santoor-soap.jpg' belongs to 'santoor', but product is 'Mangaldeep Sambrani')",Assigned neutral placeholder: /products/placeholder.svg
g1-264,Gopuram,G1 Mart Fresh,personal-care,/products/packshots/santoor-soap.jpg,"IMAGE_MISMATCH (image filename 'santoor-soap.jpg' belongs to 'santoor', but product is 'Gopuram')",Assigned neutral placeholder: /products/placeholder.svg
g1-265,Ear Buts,G1 Mart Fresh,personal-care,/products/packshots/santoor-soap.jpg,"IMAGE_MISMATCH (image filename 'santoor-soap.jpg' belongs to 'santoor', but product is 'Ear Buts')",Assigned neutral placeholder: /products/placeholder.svg
g1-267,Mangaldeep Treya,G1 Mart Fresh,personal-care,/products/packshots/santoor-soap.jpg,"IMAGE_MISMATCH (image filename 'santoor-soap.jpg' belongs to 'santoor', but product is 'Mangaldeep Treya')",Assigned neutral placeholder: /products/placeholder.svg
g1-268,Coconut,G1 Mart Fresh,personal-care,/products/packshots/santoor-soap.jpg,"IMAGE_MISMATCH (image filename 'santoor-soap.jpg' belongs to 'santoor', but product is 'Coconut')",Assigned neutral placeholder: /products/placeholder.svg
g1-271,Freedom 1LT,Freedom,grocery-staples,/products/packshots/sunflower-oil.jpg,"IMAGE_MISMATCH (image filename 'sunflower-oil.jpg' belongs to 'fortune', but product is 'Freedom 1LT')",Assigned neutral placeholder: /products/placeholder.svg
g1-272,Telagapindi / Telagadalu (sesame Press) 500g,G1 Mart Fresh,grocery-staples,/products/packshots/sunflower-oil.jpg,"IMAGE_MISMATCH (image filename 'sunflower-oil.jpg' belongs to 'fortune', but product is 'Telagapindi / Telagadalu (sesame Press) 500g')",Assigned neutral placeholder: /products/placeholder.svg
g1-274,Mangaldeep Samrani Cup 1 Box,G1 Mart Fresh,personal-care,/products/packshots/nestle-munch.jpg,"IMAGE_MISMATCH (image filename 'nestle-munch.jpg' belongs to 'munch', but product is 'Mangaldeep Samrani Cup 1 Box') | WRONG_ASPECT_RATIO (400x208, ratio 1.92) | CORRUPT_OR_UNREADABLE (setting an array element with a sequence. The requested array has an inhomogeneous shape after 1 dimensions. The detected shape was (4,) + inhomogeneous part.)",Assigned neutral placeholder: /products/placeholder.svg
g1-275,3 Roses Te 100g,3 Roses,snacks-beverages,/products/packshots/red-label-tea.jpg,"IMAGE_MISMATCH (image filename 'red-label-tea.jpg' belongs to 'red label', but product is '3 Roses Te 100g')",Assigned neutral placeholder: /products/placeholder.svg
g1-276,ENO Laman BOX 1,G1 Mart Fresh,personal-care,/products/packshots/santoor-soap.jpg,"IMAGE_MISMATCH (image filename 'santoor-soap.jpg' belongs to 'santoor', but product is 'ENO Laman BOX 1')",Assigned neutral placeholder: /products/placeholder.svg
g1-277,SS ROD,G1 Mart Fresh,household-cleaning,/products/packshots/surf-excel.jpg,"IMAGE_MISMATCH (image filename 'surf-excel.jpg' belongs to 'surf excel', but product is 'SS ROD')",Assigned neutral placeholder: /products/placeholder.svg
g1-280,SS R B,G1 Mart Fresh,household-cleaning,/products/packshots/mysore-sandal-soap.jpg,"IMAGE_MISMATCH (image filename 'mysore-sandal-soap.jpg' belongs to 'mysore sandal', but product is 'SS R B')",Assigned neutral placeholder: /products/placeholder.svg
g1-281,Supar MOP,G1 Mart Fresh,household-cleaning,/products/packshots/mysore-sandal-soap.jpg,"IMAGE_MISMATCH (image filename 'mysore-sandal-soap.jpg' belongs to 'mysore sandal', but product is 'Supar MOP')",Assigned neutral placeholder: /products/placeholder.svg
g1-284,RIN 850g,Rin,household-cleaning,/products/packshots/surf-excel.jpg,"IMAGE_MISMATCH (image filename 'surf-excel.jpg' belongs to 'surf excel', but product is 'RIN 850g')",Assigned neutral placeholder: /products/placeholder.svg
g1-289,Mangaldeep Scent,G1 Mart Fresh,personal-care,/products/packshots/santoor-soap.jpg,"IMAGE_MISMATCH (image filename 'santoor-soap.jpg' belongs to 'santoor', but product is 'Mangaldeep Scent')",Assigned neutral placeholder: /products/placeholder.svg
g1-291,Mangaladeep Treya,G1 Mart Fresh,household-cleaning,/products/packshots/surf-excel.jpg,"IMAGE_MISMATCH (image filename 'surf-excel.jpg' belongs to 'surf excel', but product is 'Mangaladeep Treya')",Assigned neutral placeholder: /products/placeholder.svg
g1-292,Mangaldeep Temple,G1 Mart Fresh,personal-care,/products/packshots/santoor-soap.jpg,"IMAGE_MISMATCH (image filename 'santoor-soap.jpg' belongs to 'santoor', but product is 'Mangaldeep Temple')",Assigned neutral placeholder: /products/placeholder.svg
g1-293,Mangaldeep Sandel,G1 Mart Fresh,personal-care,/products/packshots/santoor-soap.jpg,"IMAGE_MISMATCH (image filename 'santoor-soap.jpg' belongs to 'santoor', but product is 'Mangaldeep Sandel')",Assigned neutral placeholder: /products/placeholder.svg
g1-294,Mangaldeep Long Lasting,G1 Mart Fresh,personal-care,/products/packshots/santoor-soap.jpg,"IMAGE_MISMATCH (image filename 'santoor-soap.jpg' belongs to 'santoor', but product is 'Mangaldeep Long Lasting')",Assigned neutral placeholder: /products/placeholder.svg
g1-296,Savlon Handwash 650ml,G1 Mart Fresh,personal-care,/products/packshots/santoor-soap.jpg,"IMAGE_MISMATCH (image filename 'santoor-soap.jpg' belongs to 'santoor', but product is 'Savlon Handwash 650ml')",Assigned neutral placeholder: /products/placeholder.svg
g1-297,Savlon Mosture Shield Handwash 255ml,G1 Mart Fresh,personal-care,/products/packshots/santoor-soap.jpg,"IMAGE_MISMATCH (image filename 'santoor-soap.jpg' belongs to 'santoor', but product is 'Savlon Mosture Shield Handwash 255ml')",Assigned neutral placeholder: /products/placeholder.svg
g1-302,Wheel 2in1 500g,Wheel,household-cleaning,/products/packshots/surf-excel.jpg,"IMAGE_MISMATCH (image filename 'surf-excel.jpg' belongs to 'surf excel', but product is 'Wheel 2in1 500g')",Assigned neutral placeholder: /products/placeholder.svg
g1-303,Vaseline 5.5g,G1 Mart Fresh,personal-care,/products/packshots/santoor-soap.jpg,"IMAGE_MISMATCH (image filename 'santoor-soap.jpg' belongs to 'santoor', but product is 'Vaseline 5.5g')",Assigned neutral placeholder: /products/placeholder.svg
g1-304,Savlon Handwash 360ml,G1 Mart Fresh,personal-care,/products/packshots/santoor-soap.jpg,"IMAGE_MISMATCH (image filename 'santoor-soap.jpg' belongs to 'santoor', but product is 'Savlon Handwash 360ml')",Assigned neutral placeholder: /products/placeholder.svg
g1-305,Arilel Power GEL 1KG,G1 Mart Fresh,personal-care,/products/packshots/santoor-soap.jpg,"IMAGE_MISMATCH (image filename 'santoor-soap.jpg' belongs to 'santoor', but product is 'Arilel Power GEL 1KG')",Assigned neutral placeholder: /products/placeholder.svg
g1-306,Ponds Sandl 80G,G1 Mart Fresh,personal-care,/products/packshots/santoor-soap.jpg,"IMAGE_MISMATCH (image filename 'santoor-soap.jpg' belongs to 'santoor', but product is 'Ponds Sandl 80G')",Assigned neutral placeholder: /products/placeholder.svg
g1-307,Kisan Tomota Ketchup,G1 Mart Fresh,personal-care,/products/packshots/santoor-soap.jpg,"IMAGE_MISMATCH (image filename 'santoor-soap.jpg' belongs to 'santoor', but product is 'Kisan Tomota Ketchup')",Assigned neutral placeholder: /products/placeholder.svg
g1-309,Comfort Royal 80ml,G1 Mart Fresh,household-cleaning,/products/packshots/surf-excel.jpg,"IMAGE_MISMATCH (image filename 'surf-excel.jpg' belongs to 'surf excel', but product is 'Comfort Royal 80ml')",Assigned neutral placeholder: /products/placeholder.svg
g1-310,Surfexel Sope,G1 Mart Fresh,personal-care,/products/packshots/santoor-soap.jpg,"IMAGE_MISMATCH (image filename 'santoor-soap.jpg' belongs to 'santoor', but product is 'Surfexel Sope')",Assigned neutral placeholder: /products/placeholder.svg
g1-311,Eyarbads,G1 Mart Fresh,personal-care,/products/packshots/santoor-soap.jpg,"IMAGE_MISMATCH (image filename 'santoor-soap.jpg' belongs to 'santoor', but product is 'Eyarbads')",Assigned neutral placeholder: /products/placeholder.svg
g1-312,Fair Loveli RE NEW 2.78g,G1 Mart Fresh,personal-care,/products/packshots/santoor-soap.jpg,"IMAGE_MISMATCH (image filename 'santoor-soap.jpg' belongs to 'santoor', but product is 'Fair Loveli RE NEW 2.78g')",Assigned neutral placeholder: /products/placeholder.svg
g1-313,Gkl Black Dates,G1 Mart Fresh,personal-care,/products/packshots/santoor-soap.jpg,"IMAGE_MISMATCH (image filename 'santoor-soap.jpg' belongs to 'santoor', but product is 'Gkl Black Dates')",Assigned neutral placeholder: /products/placeholder.svg
g1-314,GKL Seeded 250g,G1 Mart Fresh,snacks-beverages,/products/packshots/good-day.jpg,"IMAGE_MISMATCH (image filename 'good-day.jpg' belongs to 'good day', but product is 'GKL Seeded 250g')",Assigned neutral placeholder: /products/placeholder.svg
g1-316,Kismis 100g,G1 Mart Fresh,personal-care,/products/packshots/santoor-soap.jpg,"IMAGE_MISMATCH (image filename 'santoor-soap.jpg' belongs to 'santoor', but product is 'Kismis 100g')",Assigned neutral placeholder: /products/placeholder.svg
g1-320,Savlon Handwash 375 Ml,G1 Mart Fresh,personal-care,/products/packshots/santoor-soap.jpg,"IMAGE_MISMATCH (image filename 'santoor-soap.jpg' belongs to 'santoor', but product is 'Savlon Handwash 375 Ml')",Assigned neutral placeholder: /products/placeholder.svg
g1-321,Ariel Power Gel Top Load&semi Auto 1kg,Ariel,household-cleaning,/products/packshots/surf-excel.jpg,"IMAGE_MISMATCH (image filename 'surf-excel.jpg' belongs to 'surf excel', but product is 'Ariel Power Gel Top Load&semi Auto 1kg')",Assigned neutral placeholder: /products/placeholder.svg
g1-322,Henko Matic Liquid Top Load 1lt,G1 Mart Fresh,personal-care,/products/packshots/red-label-tea.jpg,"IMAGE_MISMATCH (image filename 'red-label-tea.jpg' belongs to 'red label', but product is 'Henko Matic Liquid Top Load 1lt')",Assigned neutral placeholder: /products/placeholder.svg
g1-323,Henk Matic Liquid Front Load 1lt,G1 Mart Fresh,personal-care,/products/packshots/santoor-soap.jpg,"IMAGE_MISMATCH (image filename 'santoor-soap.jpg' belongs to 'santoor', but product is 'Henk Matic Liquid Front Load 1lt')",Assigned neutral placeholder: /products/placeholder.svg
g1-326,Glow & Lovely 20g,Glow & Lovely,personal-care,/products/packshots/santoor-soap.jpg,"IMAGE_MISMATCH (image filename 'santoor-soap.jpg' belongs to 'santoor', but product is 'Glow & Lovely 20g')",Assigned neutral placeholder: /products/placeholder.svg
g1-328,Vivel Aloe Vera Soap,G1 Mart Fresh,personal-care,/products/packshots/santoor-soap.jpg,"IMAGE_MISMATCH (image filename 'santoor-soap.jpg' belongs to 'santoor', but product is 'Vivel Aloe Vera Soap')",Assigned neutral placeholder: /products/placeholder.svg
g1-329,Fiama Gel Bar Soap 75g,G1 Mart Fresh,personal-care,/products/packshots/santoor-soap.jpg,"IMAGE_MISMATCH (image filename 'santoor-soap.jpg' belongs to 'santoor', but product is 'Fiama Gel Bar Soap 75g')",Assigned neutral placeholder: /products/placeholder.svg
g1-330,Medimix Transparent Soap 125g,Medimix,personal-care,/products/packshots/santoor-soap.jpg,"IMAGE_MISMATCH (image filename 'santoor-soap.jpg' belongs to 'santoor', but product is 'Medimix Transparent Soap 125g')",Assigned neutral placeholder: /products/placeholder.svg
g1-332,Medimex Classic Soap 125g,G1 Mart Fresh,personal-care,/products/packshots/santoor-soap.jpg,"IMAGE_MISMATCH (image filename 'santoor-soap.jpg' belongs to 'santoor', but product is 'Medimex Classic Soap 125g')",Assigned neutral placeholder: /products/placeholder.svg
g1-333,Margo Original 500g,G1 Mart Fresh,personal-care,/products/packshots/santoor-soap.jpg,"IMAGE_MISMATCH (image filename 'santoor-soap.jpg' belongs to 'santoor', but product is 'Margo Original 500g')",Assigned neutral placeholder: /products/placeholder.svg
g1-334,Medimix Classic 475g,Medimix,personal-care,/products/packshots/santoor-soap.jpg,"IMAGE_MISMATCH (image filename 'santoor-soap.jpg' belongs to 'santoor', but product is 'Medimix Classic 475g')",Assigned neutral placeholder: /products/placeholder.svg
g1-336,Medimix Classic Soap 75G,Medimix,personal-care,/products/packshots/santoor-soap.jpg,"IMAGE_MISMATCH (image filename 'santoor-soap.jpg' belongs to 'santoor', but product is 'Medimix Classic Soap 75G')",Assigned neutral placeholder: /products/placeholder.svg
g1-337,LUX Rose Scent 545g,Lux,personal-care,/products/packshots/lux-soap.jpg,LOCAL_FILE_NOT_FOUND (/products/packshots/lux-soap.jpg),Assigned neutral placeholder: /products/placeholder.svg
g1-338,Margo Neem 100g,G1 Mart Fresh,personal-care,/products/packshots/santoor-soap.jpg,"IMAGE_MISMATCH (image filename 'santoor-soap.jpg' belongs to 'santoor', but product is 'Margo Neem 100g')",Assigned neutral placeholder: /products/placeholder.svg
g1-341,LUX Sandal Wood 100g,Lux,personal-care,/products/packshots/lux-soap.jpg,LOCAL_FILE_NOT_FOUND (/products/packshots/lux-soap.jpg),Assigned neutral placeholder: /products/placeholder.svg
g1-342,LIX Jasmine 100g,G1 Mart Fresh,personal-care,/products/packshots/santoor-soap.jpg,"IMAGE_MISMATCH (image filename 'santoor-soap.jpg' belongs to 'santoor', but product is 'LIX Jasmine 100g')",Assigned neutral placeholder: /products/placeholder.svg
g1-343,LUX Rose 100g,Lux,personal-care,/products/packshots/lux-soap.jpg,LOCAL_FILE_NOT_FOUND (/products/packshots/lux-soap.jpg),Assigned neutral placeholder: /products/placeholder.svg
g1-345,Kitkat,Nestle,snacks-beverages,/products/packshots/good-day.jpg,"IMAGE_MISMATCH (image filename 'good-day.jpg' belongs to 'good day', but product is 'Kitkat')",Assigned neutral placeholder: /products/placeholder.svg
g1-346,LUX Jasminr Mega Pack,Lux,personal-care,/products/packshots/lux-soap.jpg,LOCAL_FILE_NOT_FOUND (/products/packshots/lux-soap.jpg),Assigned neutral placeholder: /products/placeholder.svg
g1-347,LUX Rose Mega Pack,Lux,personal-care,/products/packshots/lux-soap.jpg,LOCAL_FILE_NOT_FOUND (/products/packshots/lux-soap.jpg),Assigned neutral placeholder: /products/placeholder.svg
g1-350,BRU Tripti Blend 200g,Bru,snacks-beverages,/products/packshots/red-label-tea.jpg,"IMAGE_MISMATCH (image filename 'red-label-tea.jpg' belongs to 'red label', but product is 'BRU Tripti Blend 200g')",Assigned neutral placeholder: /products/placeholder.svg
g1-351,LIA 3in1,G1 Mart Fresh,personal-care,/products/packshots/santoor-soap.jpg,"IMAGE_MISMATCH (image filename 'santoor-soap.jpg' belongs to 'santoor', but product is 'LIA 3in1')",Assigned neutral placeholder: /products/placeholder.svg
g1-352,Loban Sambrani 20rs,G1 Mart Fresh,personal-care,/products/packshots/santoor-soap.jpg,"IMAGE_MISMATCH (image filename 'santoor-soap.jpg' belongs to 'santoor', but product is 'Loban Sambrani 20rs')",Assigned neutral placeholder: /products/placeholder.svg
g1-353,Murali Vathulu Main,G1 Mart Fresh,personal-care,/products/packshots/santoor-soap.jpg,"IMAGE_MISMATCH (image filename 'santoor-soap.jpg' belongs to 'santoor', but product is 'Murali Vathulu Main')",Assigned neutral placeholder: /products/placeholder.svg
g1-354,E Butes,G1 Mart Fresh,personal-care,/products/packshots/santoor-soap.jpg,"IMAGE_MISMATCH (image filename 'santoor-soap.jpg' belongs to 'santoor', but product is 'E Butes')",Assigned neutral placeholder: /products/placeholder.svg
g1-356,RIN 200ml,Rin,household-cleaning,/products/packshots/surf-excel.jpg,"IMAGE_MISMATCH (image filename 'surf-excel.jpg' belongs to 'surf excel', but product is 'RIN 200ml')",Assigned neutral placeholder: /products/placeholder.svg
g1-36,Biscott,G1 Mart Fresh,snacks-beverages,/products/packshots/good-day.jpg,"IMAGE_MISMATCH (image filename 'good-day.jpg' belongs to 'good day', but product is 'Biscott')",Assigned neutral placeholder: /products/placeholder.svg
g1-360,Korean Ramen,G1 Mart Fresh,personal-care,/products/packshots/santoor-soap.jpg,"IMAGE_MISMATCH (image filename 'santoor-soap.jpg' belongs to 'santoor', but product is 'Korean Ramen')",Assigned neutral placeholder: /products/placeholder.svg
g1-361,5 Much,G1 Mart Fresh,snacks-beverages,/products/packshots/good-day.jpg,"IMAGE_MISMATCH (image filename 'good-day.jpg' belongs to 'good day', but product is '5 Much')",Assigned neutral placeholder: /products/placeholder.svg
g1-364,Kasturi Appalam / Papad 40G,G1 Mart Fresh,snacks-beverages,/products/packshots/good-day.jpg,"IMAGE_MISMATCH (image filename 'good-day.jpg' belongs to 'good day', but product is 'Kasturi Appalam / Papad 40G')",Assigned neutral placeholder: /products/placeholder.svg
g1-366,SRI Papads 100g,G1 Mart Fresh,snacks-beverages,/products/packshots/good-day.jpg,"IMAGE_MISMATCH (image filename 'good-day.jpg' belongs to 'good day', but product is 'SRI Papads 100g')",Assigned neutral placeholder: /products/placeholder.svg
g1-369,Closeup 300g,Close Up,personal-care,/products/packshots/santoor-soap.jpg,"IMAGE_MISMATCH (image filename 'santoor-soap.jpg' belongs to 'santoor', but product is 'Closeup 300g')",Assigned neutral placeholder: /products/placeholder.svg
g1-370,Closeup 80g,Close Up,personal-care,/products/packshots/santoor-soap.jpg,"IMAGE_MISMATCH (image filename 'santoor-soap.jpg' belongs to 'santoor', but product is 'Closeup 80g')",Assigned neutral placeholder: /products/placeholder.svg
g1-371,Closeup 18g,Close Up,personal-care,/products/packshots/santoor-soap.jpg,"IMAGE_MISMATCH (image filename 'santoor-soap.jpg' belongs to 'santoor', but product is 'Closeup 18g')",Assigned neutral placeholder: /products/placeholder.svg
g1-372,Pepsodent GUM Care 70G,Pepsodent,personal-care,/products/packshots/santoor-soap.jpg,"IMAGE_MISMATCH (image filename 'santoor-soap.jpg' belongs to 'santoor', but product is 'Pepsodent GUM Care 70G')",Assigned neutral placeholder: /products/placeholder.svg
g1-373,Pepsodent 12hr Germi Check 200g,Pepsodent,personal-care,/products/packshots/santoor-soap.jpg,"IMAGE_MISMATCH (image filename 'santoor-soap.jpg' belongs to 'santoor', but product is 'Pepsodent 12hr Germi Check 200g')",Assigned neutral placeholder: /products/placeholder.svg
g1-374,Pepsodent 12hr Germi Check 100g,Pepsodent,personal-care,/products/packshots/santoor-soap.jpg,"IMAGE_MISMATCH (image filename 'santoor-soap.jpg' belongs to 'santoor', but product is 'Pepsodent 12hr Germi Check 100g')",Assigned neutral placeholder: /products/placeholder.svg
g1-375,Pepsodent 2in1 80G,Pepsodent,personal-care,/products/packshots/santoor-soap.jpg,"IMAGE_MISMATCH (image filename 'santoor-soap.jpg' belongs to 'santoor', but product is 'Pepsodent 2in1 80G')",Assigned neutral placeholder: /products/placeholder.svg
g1-376,Pepsodent 42G,Pepsodent,personal-care,/products/packshots/santoor-soap.jpg,"IMAGE_MISMATCH (image filename 'santoor-soap.jpg' belongs to 'santoor', but product is 'Pepsodent 42G')",Assigned neutral placeholder: /products/placeholder.svg
g1-377,Pepsodent 18G,Pepsodent,personal-care,/products/packshots/santoor-soap.jpg,"IMAGE_MISMATCH (image filename 'santoor-soap.jpg' belongs to 'santoor', but product is 'Pepsodent 18G')",Assigned neutral placeholder: /products/placeholder.svg
g1-390,Pepsodent Clove Salt 100g,Pepsodent,personal-care,/products/packshots/aashirvaad-salt.jpg,"IMAGE_MISMATCH (image filename 'aashirvaad-salt.jpg' belongs to 'aashirvaad', but product is 'Pepsodent Clove Salt 100g')",Assigned neutral placeholder: /products/placeholder.svg
g1-391,Rin Soap 140g,Rin,personal-care,/products/packshots/surf-excel.jpg,"IMAGE_MISMATCH (image filename 'surf-excel.jpg' belongs to 'surf excel', but product is 'Rin Soap 140g')",Assigned neutral placeholder: /products/placeholder.svg
g1-392,Exo 5,Exo,household-cleaning,/products/packshots/surf-excel.jpg,"IMAGE_MISMATCH (image filename 'surf-excel.jpg' belongs to 'surf excel', but product is 'Exo 5')",Assigned neutral placeholder: /products/placeholder.svg
g1-393,Exo 10,Exo,household-cleaning,/products/packshots/surf-excel.jpg,"IMAGE_MISMATCH (image filename 'surf-excel.jpg' belongs to 'surf excel', but product is 'Exo 10')",Assigned neutral placeholder: /products/placeholder.svg
g1-395,Exo Soap 300g,Exo,personal-care,/products/packshots/santoor-soap.jpg,"IMAGE_MISMATCH (image filename 'santoor-soap.jpg' belongs to 'santoor', but product is 'Exo Soap 300g')",Assigned neutral placeholder: /products/placeholder.svg
g1-396,Rin Soap,Rin,personal-care,/products/packshots/santoor-soap.jpg,"IMAGE_MISMATCH (image filename 'santoor-soap.jpg' belongs to 'santoor', but product is 'Rin Soap')",Assigned neutral placeholder: /products/placeholder.svg
g1-398,Comfort Morning Fresh,G1 Mart Fresh,household-cleaning,/products/packshots/surf-excel.jpg,"IMAGE_MISMATCH (image filename 'surf-excel.jpg' belongs to 'surf excel', but product is 'Comfort Morning Fresh')",Assigned neutral placeholder: /products/placeholder.svg
g1-399,Comfort Moring Fresh 400ml,G1 Mart Fresh,household-cleaning,/products/packshots/surf-excel.jpg,"IMAGE_MISMATCH (image filename 'surf-excel.jpg' belongs to 'surf excel', but product is 'Comfort Moring Fresh 400ml')",Assigned neutral placeholder: /products/placeholder.svg
g1-400,Comfort Morning Fresh 210 Ml,G1 Mart Fresh,household-cleaning,/products/packshots/surf-excel.jpg,"IMAGE_MISMATCH (image filename 'surf-excel.jpg' belongs to 'surf excel', but product is 'Comfort Morning Fresh 210 Ml')",Assigned neutral placeholder: /products/placeholder.svg
g1-401,Comfort Royale 210,G1 Mart Fresh,household-cleaning,/products/packshots/surf-excel.jpg,"IMAGE_MISMATCH (image filename 'surf-excel.jpg' belongs to 'surf excel', but product is 'Comfort Royale 210')",Assigned neutral placeholder: /products/placeholder.svg
g1-402,Comfort Desire 210 Ml,G1 Mart Fresh,household-cleaning,/products/packshots/surf-excel.jpg,"IMAGE_MISMATCH (image filename 'surf-excel.jpg' belongs to 'surf excel', but product is 'Comfort Desire 210 Ml')",Assigned neutral placeholder: /products/placeholder.svg
g1-403,Ujala Young&fresh Aura 210ml,G1 Mart Fresh,personal-care,/products/packshots/santoor-soap.jpg,"IMAGE_MISMATCH (image filename 'santoor-soap.jpg' belongs to 'santoor', but product is 'Ujala Young&fresh Aura 210ml')",Assigned neutral placeholder: /products/placeholder.svg
g1-404,Ujala Young&fresh Bliss 210ml,G1 Mart Fresh,personal-care,/products/packshots/santoor-soap.jpg,"IMAGE_MISMATCH (image filename 'santoor-soap.jpg' belongs to 'santoor', but product is 'Ujala Young&fresh Bliss 210ml')",Assigned neutral placeholder: /products/placeholder.svg
g1-405,Hr Soya Sticks 200g,G1 Mart Fresh,snacks-beverages,/products/packshots/tata-salt.jpg,"IMAGE_MISMATCH (image filename 'tata-salt.jpg' belongs to 'tata', but product is 'Hr Soya Sticks 200g') | CORRUPT_OR_UNREADABLE (setting an array element with a sequence. The requested array has an inhomogeneous shape after 1 dimensions. The detected shape was (4,) + inhomogeneous part.)",Assigned neutral placeholder: /products/placeholder.svg
g1-406,HR Chekaralu 150g,G1 Mart Fresh,personal-care,/products/packshots/santoor-soap.jpg,"IMAGE_MISMATCH (image filename 'santoor-soap.jpg' belongs to 'santoor', but product is 'HR Chekaralu 150g')",Assigned neutral placeholder: /products/placeholder.svg
g1-408,HR Chocolate Soan Papdi 250g,G1 Mart Fresh,snacks-beverages,/products/packshots/good-day.jpg,"IMAGE_MISMATCH (image filename 'good-day.jpg' belongs to 'good day', but product is 'HR Chocolate Soan Papdi 250g')",Assigned neutral placeholder: /products/placeholder.svg
g1-411,HR Navratan MIX 28G,G1 Mart Fresh,snacks-beverages,/products/packshots/good-day.jpg,"IMAGE_MISMATCH (image filename 'good-day.jpg' belongs to 'good day', but product is 'HR Navratan MIX 28G')",Assigned neutral placeholder: /products/placeholder.svg
g1-412,HR Soya Chips 42G,G1 Mart Fresh,snacks-beverages,/products/packshots/thums-up.jpg,"IMAGE_MISMATCH (image filename 'thums-up.jpg' belongs to 'thums up', but product is 'HR Soya Chips 42G')",Assigned neutral placeholder: /products/placeholder.svg
g1-413,HR Corn Flakes Mixture 24G,G1 Mart Fresh,snacks-beverages,/products/packshots/thums-up.jpg,"IMAGE_MISMATCH (image filename 'thums-up.jpg' belongs to 'thums up', but product is 'HR Corn Flakes Mixture 24G')",Assigned neutral placeholder: /products/placeholder.svg
g1-417,HR Mixture 45G,G1 Mart Fresh,snacks-beverages,/products/packshots/good-day.jpg,"IMAGE_MISMATCH (image filename 'good-day.jpg' belongs to 'good day', but product is 'HR Mixture 45G')",Assigned neutral placeholder: /products/placeholder.svg
g1-418,HR Tasty Nuts 38G,G1 Mart Fresh,snacks-beverages,/products/packshots/good-day.jpg,"IMAGE_MISMATCH (image filename 'good-day.jpg' belongs to 'good day', but product is 'HR Tasty Nuts 38G')",Assigned neutral placeholder: /products/placeholder.svg
g1-425,BRU Instant,Bru,snacks-beverages,/products/packshots/red-label-tea.jpg,"IMAGE_MISMATCH (image filename 'red-label-tea.jpg' belongs to 'red label', but product is 'BRU Instant')",Assigned neutral placeholder: /products/placeholder.svg
g1-426,Surya Deva,G1 Mart Fresh,personal-care,/products/packshots/santoor-soap.jpg,"IMAGE_MISMATCH (image filename 'santoor-soap.jpg' belongs to 'santoor', but product is 'Surya Deva')",Assigned neutral placeholder: /products/placeholder.svg
g1-429,More Light 5lt,G1 Mart Fresh,personal-care,/products/packshots/santoor-soap.jpg,"IMAGE_MISMATCH (image filename 'santoor-soap.jpg' belongs to 'santoor', but product is 'More Light 5lt')",Assigned neutral placeholder: /products/placeholder.svg
g1-446,RED Labul Natural 100g,G1 Mart Fresh,personal-care,/products/packshots/santoor-soap.jpg,"IMAGE_MISMATCH (image filename 'santoor-soap.jpg' belongs to 'santoor', but product is 'RED Labul Natural 100g')",Assigned neutral placeholder: /products/placeholder.svg
g1-447,Gokul Santol 70G,G1 Mart Fresh,personal-care,/products/packshots/santoor-soap.jpg,"IMAGE_MISMATCH (image filename 'santoor-soap.jpg' belongs to 'santoor', but product is 'Gokul Santol 70G')",Assigned neutral placeholder: /products/placeholder.svg
g1-448,Kisan Mixed Fuuit 45G,G1 Mart Fresh,personal-care,/products/packshots/santoor-soap.jpg,"IMAGE_MISMATCH (image filename 'santoor-soap.jpg' belongs to 'santoor', but product is 'Kisan Mixed Fuuit 45G')",Assigned neutral placeholder: /products/placeholder.svg
g1-449,Milkybar,G1 Mart Fresh,snacks-beverages,/products/packshots/arun-donut.jpg,"CORRUPT_OR_UNREADABLE (setting an array element with a sequence. The requested array has an inhomogeneous shape after 1 dimensions. The detected shape was (4,) + inhomogeneous part.)",Assigned neutral placeholder: /products/placeholder.svg
g1-450,Solo Fresh 100g,G1 Mart Fresh,personal-care,/products/packshots/santoor-soap.jpg,"IMAGE_MISMATCH (image filename 'santoor-soap.jpg' belongs to 'santoor', but product is 'Solo Fresh 100g')",Assigned neutral placeholder: /products/placeholder.svg
g1-451,Yippee Noodles Magic Masala,G1 Mart Fresh,grocery-staples,/products/packshots/lays-magic-masala.jpg,"IMAGE_MISMATCH (image filename 'lays-magic-masala.jpg' belongs to 'lays', but product is 'Yippee Noodles Magic Masala')",Assigned neutral placeholder: /products/placeholder.svg
g1-452,Telagapindi / Telagadalu (sesame Press) 250g,G1 Mart Fresh,grocery-staples,/products/packshots/sunflower-oil.jpg,"IMAGE_MISMATCH (image filename 'sunflower-oil.jpg' belongs to 'fortune', but product is 'Telagapindi / Telagadalu (sesame Press) 250g')",Assigned neutral placeholder: /products/placeholder.svg
g1-453,Lipton TEA,G1 Mart Fresh,snacks-beverages,/products/packshots/red-label-tea.jpg,"IMAGE_MISMATCH (image filename 'red-label-tea.jpg' belongs to 'red label', but product is 'Lipton TEA')",Assigned neutral placeholder: /products/placeholder.svg
g1-454,LGV 10G,G1 Mart Fresh,personal-care,/products/packshots/wagh-bakri-tea.jpg,"IMAGE_MISMATCH (image filename 'wagh-bakri-tea.jpg' belongs to 'wagh bakri', but product is 'LGV 10G')",Assigned neutral placeholder: /products/placeholder.svg
g1-455,Ponds Bricht Miracle 76G,G1 Mart Fresh,personal-care,/products/packshots/wagh-bakri-tea.jpg,"IMAGE_MISMATCH (image filename 'wagh-bakri-tea.jpg' belongs to 'wagh bakri', but product is 'Ponds Bricht Miracle 76G')",Assigned neutral placeholder: /products/placeholder.svg
g1-458,Malkist,G1 Mart Fresh,personal-care,/products/packshots/santoor-soap.jpg,"IMAGE_MISMATCH (image filename 'santoor-soap.jpg' belongs to 'santoor', but product is 'Malkist')",Assigned neutral placeholder: /products/placeholder.svg
g1-459,Ponds,G1 Mart Fresh,personal-care,/products/packshots/santoor-soap.jpg,"IMAGE_MISMATCH (image filename 'santoor-soap.jpg' belongs to 'santoor', but product is 'Ponds')",Assigned neutral placeholder: /products/placeholder.svg
g1-460,Comfort,G1 Mart Fresh,household-cleaning,/products/packshots/surf-excel.jpg,"IMAGE_MISMATCH (image filename 'surf-excel.jpg' belongs to 'surf excel', but product is 'Comfort')",Assigned neutral placeholder: /products/placeholder.svg
g1-461,Dettal 250 ML,G1 Mart Fresh,personal-care,/products/packshots/santoor-soap.jpg,"IMAGE_MISMATCH (image filename 'santoor-soap.jpg' belongs to 'santoor', but product is 'Dettal 250 ML')",Assigned neutral placeholder: /products/placeholder.svg
g1-462,Dettal 60ml,G1 Mart Fresh,personal-care,/products/packshots/santoor-soap.jpg,"IMAGE_MISMATCH (image filename 'santoor-soap.jpg' belongs to 'santoor', but product is 'Dettal 60ml')",Assigned neutral placeholder: /products/placeholder.svg
g1-463,3roses Natural Care 250g,3 Roses,personal-care,/products/packshots/red-label-tea.jpg,"IMAGE_MISMATCH (image filename 'red-label-tea.jpg' belongs to 'red label', but product is '3roses Natural Care 250g')",Assigned neutral placeholder: /products/placeholder.svg
g1-464,Induleka Shapoo,G1 Mart Fresh,personal-care,/products/packshots/santoor-soap.jpg,"IMAGE_MISMATCH (image filename 'santoor-soap.jpg' belongs to 'santoor', but product is 'Induleka Shapoo')",Assigned neutral placeholder: /products/placeholder.svg
g1-465,BRU Instent JAR,Bru,snacks-beverages,/products/packshots/red-label-tea.jpg,"IMAGE_MISMATCH (image filename 'red-label-tea.jpg' belongs to 'red label', but product is 'BRU Instent JAR')",Assigned neutral placeholder: /products/placeholder.svg
g1-466,Lolipop,G1 Mart Fresh,snacks-beverages,/products/packshots/good-day.jpg,"IMAGE_MISMATCH (image filename 'good-day.jpg' belongs to 'good day', but product is 'Lolipop')",Assigned neutral placeholder: /products/placeholder.svg
g1-468,Ariyal500g,G1 Mart Fresh,personal-care,/products/packshots/santoor-soap.jpg,"IMAGE_MISMATCH (image filename 'santoor-soap.jpg' belongs to 'santoor', but product is 'Ariyal500g')",Assigned neutral placeholder: /products/placeholder.svg
g1-469,Newmake Bras,G1 Mart Fresh,household-cleaning,/products/packshots/surf-excel.jpg,"IMAGE_MISMATCH (image filename 'surf-excel.jpg' belongs to 'surf excel', but product is 'Newmake Bras')",Assigned neutral placeholder: /products/placeholder.svg
g1-47,SWD Spicy Nuts 25G,G1 Mart Fresh,snacks-beverages,/products/packshots/good-day.jpg,"IMAGE_MISMATCH (image filename 'good-day.jpg' belongs to 'good day', but product is 'SWD Spicy Nuts 25G')",Assigned neutral placeholder: /products/placeholder.svg
g1-471,Ujala 30ml,G1 Mart Fresh,household-cleaning,/products/packshots/surf-excel.jpg,"IMAGE_MISMATCH (image filename 'surf-excel.jpg' belongs to 'surf excel', but product is 'Ujala 30ml')",Assigned neutral placeholder: /products/placeholder.svg
g1-473,Starfree XL,G1 Mart Fresh,personal-care,/products/packshots/santoor-soap.jpg,"IMAGE_MISMATCH (image filename 'santoor-soap.jpg' belongs to 'santoor', but product is 'Starfree XL')",Assigned neutral placeholder: /products/placeholder.svg
g1-474,Sunsilk,G1 Mart Fresh,household-cleaning,/products/packshots/surf-excel.jpg,"IMAGE_MISMATCH (image filename 'surf-excel.jpg' belongs to 'surf excel', but product is 'Sunsilk')",Assigned neutral placeholder: /products/placeholder.svg
g1-475,Swastik CUT Mango Pikel200g,G1 Mart Fresh,snacks-beverages,/products/packshots/good-day.jpg,"IMAGE_MISMATCH (image filename 'good-day.jpg' belongs to 'good day', but product is 'Swastik CUT Mango Pikel200g')",Assigned neutral placeholder: /products/placeholder.svg
g1-476,JS Oils 180ml,G1 Mart Fresh,grocery-staples,/products/packshots/sunflower-oil.jpg,"IMAGE_MISMATCH (image filename 'sunflower-oil.jpg' belongs to 'fortune', but product is 'JS Oils 180ml')",Assigned neutral placeholder: /products/placeholder.svg
g1-477,Lotte Choco PIE,G1 Mart Fresh,snacks-beverages,/products/packshots/good-day.jpg,"IMAGE_MISMATCH (image filename 'good-day.jpg' belongs to 'good day', but product is 'Lotte Choco PIE')",Assigned neutral placeholder: /products/placeholder.svg
g1-48,SWD Garlic Mixtur,G1 Mart Fresh,snacks-beverages,/products/packshots/good-day.jpg,"IMAGE_MISMATCH (image filename 'good-day.jpg' belongs to 'good day', but product is 'SWD Garlic Mixtur')",Assigned neutral placeholder: /products/placeholder.svg
g1-480,Softouch 860+200ml,G1 Mart Fresh,household-cleaning,/products/packshots/surf-excel.jpg,"IMAGE_MISMATCH (image filename 'surf-excel.jpg' belongs to 'surf excel', but product is 'Softouch 860+200ml')",Assigned neutral placeholder: /products/placeholder.svg
g1-481,Softouch Liquid Blue,G1 Mart Fresh,household-cleaning,/products/packshots/surf-excel.jpg,"IMAGE_MISMATCH (image filename 'surf-excel.jpg' belongs to 'surf excel', but product is 'Softouch Liquid Blue')",Assigned neutral placeholder: /products/placeholder.svg
g1-482,Softouch Black,G1 Mart Fresh,household-cleaning,/products/packshots/surf-excel.jpg,"IMAGE_MISMATCH (image filename 'surf-excel.jpg' belongs to 'surf excel', but product is 'Softouch Black')",Assigned neutral placeholder: /products/placeholder.svg
g1-483,Lotte Choco PIE BOX,G1 Mart Fresh,snacks-beverages,/products/packshots/good-day.jpg,"IMAGE_MISMATCH (image filename 'good-day.jpg' belongs to 'good day', but product is 'Lotte Choco PIE BOX')",Assigned neutral placeholder: /products/placeholder.svg
g1-488,Spinz Bbcream15g,G1 Mart Fresh,personal-care,/products/packshots/santoor-soap.jpg,"IMAGE_MISMATCH (image filename 'santoor-soap.jpg' belongs to 'santoor', but product is 'Spinz Bbcream15g')",Assigned neutral placeholder: /products/placeholder.svg
g1-489,Spinz BB Face Powder 10G,G1 Mart Fresh,personal-care,/products/packshots/santoor-soap.jpg,"IMAGE_MISMATCH (image filename 'santoor-soap.jpg' belongs to 'santoor', but product is 'Spinz BB Face Powder 10G')",Assigned neutral placeholder: /products/placeholder.svg
g1-49,ALL IN ONE 100g,G1 Mart Fresh,snacks-beverages,/products/packshots/good-day.jpg,"IMAGE_MISMATCH (image filename 'good-day.jpg' belongs to 'good day', but product is 'ALL IN ONE 100g')",Assigned neutral placeholder: /products/placeholder.svg
g1-490,GRB Ghee50ml,G1 Mart Fresh,grocery-staples,/products/packshots/sunflower-oil.jpg,"IMAGE_MISMATCH (image filename 'sunflower-oil.jpg' belongs to 'fortune', but product is 'GRB Ghee50ml')",Assigned neutral placeholder: /products/placeholder.svg
g1-491,GRB Ghee,G1 Mart Fresh,grocery-staples,/products/packshots/sunflower-oil.jpg,"IMAGE_MISMATCH (image filename 'sunflower-oil.jpg' belongs to 'fortune', but product is 'GRB Ghee')",Assigned neutral placeholder: /products/placeholder.svg
g1-492,Spinz Bbpowder20g,G1 Mart Fresh,personal-care,/products/packshots/santoor-soap.jpg,"IMAGE_MISMATCH (image filename 'santoor-soap.jpg' belongs to 'santoor', but product is 'Spinz Bbpowder20g')",Assigned neutral placeholder: /products/placeholder.svg
g1-494,Wipro Balpu,G1 Mart Fresh,personal-care,/products/packshots/santoor-soap.jpg,"IMAGE_MISMATCH (image filename 'santoor-soap.jpg' belongs to 'santoor', but product is 'Wipro Balpu')",Assigned neutral placeholder: /products/placeholder.svg
g1-497,Freedam Oil 500ml,G1 Mart Fresh,grocery-staples,/products/packshots/sunflower-oil.jpg,"IMAGE_MISMATCH (image filename 'sunflower-oil.jpg' belongs to 'fortune', but product is 'Freedam Oil 500ml')",Assigned neutral placeholder: /products/placeholder.svg
g1-499,Sri Durga Lemon Pickle 200g,G1 Mart Fresh,snacks-beverages,/products/packshots/good-day.jpg,"IMAGE_MISMATCH (image filename 'good-day.jpg' belongs to 'good day', but product is 'Sri Durga Lemon Pickle 200g')",Assigned neutral placeholder: /products/placeholder.svg
g1-50,Garlic Mixture 100g,G1 Mart Fresh,snacks-beverages,/products/packshots/good-day.jpg,"IMAGE_MISMATCH (image filename 'good-day.jpg' belongs to 'good day', but product is 'Garlic Mixture 100g')",Assigned neutral placeholder: /products/placeholder.svg
g1-500,Sri Durga Pulihora Pk 200g,G1 Mart Fresh,snacks-beverages,/products/packshots/good-day.jpg,"IMAGE_MISMATCH (image filename 'good-day.jpg' belongs to 'good day', but product is 'Sri Durga Pulihora Pk 200g')",Assigned neutral placeholder: /products/placeholder.svg
g1-501,Sri Durga Green Tamarind Pickleb 200g,G1 Mart Fresh,household-cleaning,/products/packshots/surf-excel.jpg,"IMAGE_MISMATCH (image filename 'surf-excel.jpg' belongs to 'surf excel', but product is 'Sri Durga Green Tamarind Pickleb 200g')",Assigned neutral placeholder: /products/placeholder.svg
g1-502,Sri Durga Ginger Pickle 200g,G1 Mart Fresh,snacks-beverages,/products/packshots/good-day.jpg,"IMAGE_MISMATCH (image filename 'good-day.jpg' belongs to 'good day', but product is 'Sri Durga Ginger Pickle 200g')",Assigned neutral placeholder: /products/placeholder.svg
g1-503,Ujala 75ml,G1 Mart Fresh,personal-care,/products/packshots/santoor-soap.jpg,"IMAGE_MISMATCH (image filename 'santoor-soap.jpg' belongs to 'santoor', but product is 'Ujala 75ml')",Assigned neutral placeholder: /products/placeholder.svg
g1-504,Sri Durga Mango Sut Pickle 200g,G1 Mart Fresh,snacks-beverages,/products/packshots/good-day.jpg,"IMAGE_MISMATCH (image filename 'good-day.jpg' belongs to 'good day', but product is 'Sri Durga Mango Sut Pickle 200g')",Assigned neutral placeholder: /products/placeholder.svg
g1-506,SRI Durga Ginger Garlic Paste 200g,G1 Mart Fresh,grocery-staples,/products/packshots/aashirvaad-suji-rava.jpg,"IMAGE_MISMATCH (image filename 'aashirvaad-suji-rava.jpg' belongs to 'aashirvaad', but product is 'SRI Durga Ginger Garlic Paste 200g')",Assigned neutral placeholder: /products/placeholder.svg
g1-507,SRI Durga Leman 500g,G1 Mart Fresh,snacks-beverages,/products/packshots/good-day.jpg,"IMAGE_MISMATCH (image filename 'good-day.jpg' belongs to 'good day', but product is 'SRI Durga Leman 500g')",Assigned neutral placeholder: /products/placeholder.svg
g1-508,SRI Durga Mango CUT Pickle 500g,G1 Mart Fresh,snacks-beverages,/products/packshots/good-day.jpg,"IMAGE_MISMATCH (image filename 'good-day.jpg' belongs to 'good day', but product is 'SRI Durga Mango CUT Pickle 500g')",Assigned neutral placeholder: /products/placeholder.svg
g1-509,SRI Durga Tomato Pickle 500g,G1 Mart Fresh,snacks-beverages,/products/packshots/bingo-mad-angles.jpg,"WRONG_ASPECT_RATIO (261x400, ratio 0.65) | CORRUPT_OR_UNREADABLE (setting an array element with a sequence. The requested array has an inhomogeneous shape after 1 dimensions. The detected shape was (4,) + inhomogeneous part.)",Assigned neutral placeholder: /products/placeholder.svg
g1-51,Tasty Nuts 100g,G1 Mart Fresh,snacks-beverages,/products/packshots/good-day.jpg,"IMAGE_MISMATCH (image filename 'good-day.jpg' belongs to 'good day', but product is 'Tasty Nuts 100g')",Assigned neutral placeholder: /products/placeholder.svg
g1-510,SRI Durga Tomato Pickle 200g,G1 Mart Fresh,snacks-beverages,/products/packshots/bingo-mad-angles.jpg,"WRONG_ASPECT_RATIO (261x400, ratio 0.65) | CORRUPT_OR_UNREADABLE (setting an array element with a sequence. The requested array has an inhomogeneous shape after 1 dimensions. The detected shape was (4,) + inhomogeneous part.)",Assigned neutral placeholder: /products/placeholder.svg
g1-511,SRI Durga Gongura Pickle 200g,G1 Mart Fresh,snacks-beverages,/products/packshots/bingo-mad-angles.jpg,"WRONG_ASPECT_RATIO (261x400, ratio 0.65) | CORRUPT_OR_UNREADABLE (setting an array element with a sequence. The requested array has an inhomogeneous shape after 1 dimensions. The detected shape was (4,) + inhomogeneous part.)",Assigned neutral placeholder: /products/placeholder.svg
g1-513,Castor OIL 200ml,G1 Mart Fresh,grocery-staples,/products/packshots/sunflower-oil.jpg,"IMAGE_MISMATCH (image filename 'sunflower-oil.jpg' belongs to 'fortune', but product is 'Castor OIL 200ml')",Assigned neutral placeholder: /products/placeholder.svg
g1-514,Castor OIL 100ml,G1 Mart Fresh,grocery-staples,/products/packshots/sunflower-oil.jpg,"IMAGE_MISMATCH (image filename 'sunflower-oil.jpg' belongs to 'fortune', but product is 'Castor OIL 100ml')",Assigned neutral placeholder: /products/placeholder.svg
g1-515,Castor OIL 500ml,G1 Mart Fresh,grocery-staples,/products/packshots/sunflower-oil.jpg,"IMAGE_MISMATCH (image filename 'sunflower-oil.jpg' belongs to 'fortune', but product is 'Castor OIL 500ml')",Assigned neutral placeholder: /products/placeholder.svg
g1-517,SRI Durga Mango Avakai 500g,G1 Mart Fresh,snacks-beverages,/products/packshots/good-day.jpg,"IMAGE_MISMATCH (image filename 'good-day.jpg' belongs to 'good day', but product is 'SRI Durga Mango Avakai 500g')",Assigned neutral placeholder: /products/placeholder.svg
g1-518,SRI Durga Mango Avakai 200g,G1 Mart Fresh,snacks-beverages,/products/packshots/good-day.jpg,"IMAGE_MISMATCH (image filename 'good-day.jpg' belongs to 'good day', but product is 'SRI Durga Mango Avakai 200g')",Assigned neutral placeholder: /products/placeholder.svg
g1-519,SRI Durga Mango Thokku 500g,G1 Mart Fresh,snacks-beverages,/products/packshots/good-day.jpg,"IMAGE_MISMATCH (image filename 'good-day.jpg' belongs to 'good day', but product is 'SRI Durga Mango Thokku 500g')",Assigned neutral placeholder: /products/placeholder.svg
g1-520,SRI Durga Mango Thokku 200g,G1 Mart Fresh,snacks-beverages,/products/packshots/good-day.jpg,"IMAGE_MISMATCH (image filename 'good-day.jpg' belongs to 'good day', but product is 'SRI Durga Mango Thokku 200g')",Assigned neutral placeholder: /products/placeholder.svg
g1-523,Mikl Rusk 58G,G1 Mart Fresh,snacks-beverages,/products/packshots/good-day.jpg,"IMAGE_MISMATCH (image filename 'good-day.jpg' belongs to 'good day', but product is 'Mikl Rusk 58G')",Assigned neutral placeholder: /products/placeholder.svg
g1-524,Classic Rusk 59G,G1 Mart Fresh,snacks-beverages,/products/packshots/good-day.jpg,"IMAGE_MISMATCH (image filename 'good-day.jpg' belongs to 'good day', but product is 'Classic Rusk 59G')",Assigned neutral placeholder: /products/placeholder.svg
g1-525,Elaichi Rusk 58G,G1 Mart Fresh,snacks-beverages,/products/packshots/good-day.jpg,"IMAGE_MISMATCH (image filename 'good-day.jpg' belongs to 'good day', but product is 'Elaichi Rusk 58G')",Assigned neutral placeholder: /products/placeholder.svg
g1-526,Milk Rusk 182g,G1 Mart Fresh,snacks-beverages,/products/packshots/good-day.jpg,"IMAGE_MISMATCH (image filename 'good-day.jpg' belongs to 'good day', but product is 'Milk Rusk 182g')",Assigned neutral placeholder: /products/placeholder.svg
g1-527,Elaichi Rusk 182g,G1 Mart Fresh,snacks-beverages,/products/packshots/good-day.jpg,"IMAGE_MISMATCH (image filename 'good-day.jpg' belongs to 'good day', but product is 'Elaichi Rusk 182g')",Assigned neutral placeholder: /products/placeholder.svg
g1-528,Malkist Cheese 72G,G1 Mart Fresh,snacks-beverages,/products/packshots/good-day.jpg,"IMAGE_MISMATCH (image filename 'good-day.jpg' belongs to 'good day', but product is 'Malkist Cheese 72G')",Assigned neutral placeholder: /products/placeholder.svg
g1-529,Malkist Double Chocolatey 72G,G1 Mart Fresh,snacks-beverages,/products/packshots/good-day.jpg,"IMAGE_MISMATCH (image filename 'good-day.jpg' belongs to 'good day', but product is 'Malkist Double Chocolatey 72G')",Assigned neutral placeholder: /products/placeholder.svg
g1-530,Malkist Cheese 144g,G1 Mart Fresh,snacks-beverages,/products/packshots/good-day.jpg,"IMAGE_MISMATCH (image filename 'good-day.jpg' belongs to 'good day', but product is 'Malkist Cheese 144g')",Assigned neutral placeholder: /products/placeholder.svg
g1-531,Malkist Double Chocolatey 144g,G1 Mart Fresh,snacks-beverages,/products/packshots/good-day.jpg,"IMAGE_MISMATCH (image filename 'good-day.jpg' belongs to 'good day', but product is 'Malkist Double Chocolatey 144g')",Assigned neutral placeholder: /products/placeholder.svg
g1-532,Malkist Cappuccino 144g,G1 Mart Fresh,snacks-beverages,/products/packshots/good-day.jpg,"IMAGE_MISMATCH (image filename 'good-day.jpg' belongs to 'good day', but product is 'Malkist Cappuccino 144g')",Assigned neutral placeholder: /products/placeholder.svg
g1-533,JS Oile Deepam 400ml,G1 Mart Fresh,grocery-staples,/products/packshots/sunflower-oil.jpg,"IMAGE_MISMATCH (image filename 'sunflower-oil.jpg' belongs to 'fortune', but product is 'JS Oile Deepam 400ml')",Assigned neutral placeholder: /products/placeholder.svg
g1-537,Pasta Masala,G1 Mart Fresh,grocery-staples,/products/packshots/mysore-sandal-soap.jpg,"IMAGE_MISMATCH (image filename 'mysore-sandal-soap.jpg' belongs to 'mysore sandal', but product is 'Pasta Masala')",Assigned neutral placeholder: /products/placeholder.svg
g1-538,Noodlles Masala 20g,G1 Mart Fresh,grocery-staples,/products/packshots/mysore-sandal-soap.jpg,"IMAGE_MISMATCH (image filename 'mysore-sandal-soap.jpg' belongs to 'mysore sandal', but product is 'Noodlles Masala 20g')",Assigned neutral placeholder: /products/placeholder.svg
g1-54,Corn Flakes 100g,G1 Mart Fresh,snacks-beverages,/products/packshots/bru-instant.jpg,"IMAGE_MISMATCH (image filename 'bru-instant.jpg' belongs to 'bru', but product is 'Corn Flakes 100g')",Assigned neutral placeholder: /products/placeholder.svg
g1-540,White Sesame Chikki,G1 Mart Fresh,snacks-beverages,/products/packshots/good-day.jpg,"IMAGE_MISMATCH (image filename 'good-day.jpg' belongs to 'good day', but product is 'White Sesame Chikki')",Assigned neutral placeholder: /products/placeholder.svg
g1-542,Fitday Millet Chikki,G1 Mart Fresh,snacks-beverages,/products/packshots/good-day.jpg,"IMAGE_MISMATCH (image filename 'good-day.jpg' belongs to 'good day', but product is 'Fitday Millet Chikki')",Assigned neutral placeholder: /products/placeholder.svg
g1-544,Choki Stix 16G,G1 Mart Fresh,snacks-beverages,/products/packshots/wagh-bakri-tea.jpg,"IMAGE_MISMATCH (image filename 'wagh-bakri-tea.jpg' belongs to 'wagh bakri', but product is 'Choki Stix 16G')",Assigned neutral placeholder: /products/placeholder.svg
g1-545,Kamarkat Sweets 1rupe,G1 Mart Fresh,snacks-beverages,/products/packshots/good-day.jpg,"IMAGE_MISMATCH (image filename 'good-day.jpg' belongs to 'good day', but product is 'Kamarkat Sweets 1rupe')",Assigned neutral placeholder: /products/placeholder.svg
g1-546,Pasta C.M 0.3,G1 Mart Fresh,personal-care,/products/packshots/santoor-soap.jpg,"IMAGE_MISMATCH (image filename 'santoor-soap.jpg' belongs to 'santoor', but product is 'Pasta C.M 0.3')",Assigned neutral placeholder: /products/placeholder.svg
g1-547,Tangy Imli 350g,G1 Mart Fresh,personal-care,/products/packshots/santoor-soap.jpg,"IMAGE_MISMATCH (image filename 'santoor-soap.jpg' belongs to 'santoor', but product is 'Tangy Imli 350g')",Assigned neutral placeholder: /products/placeholder.svg
g1-548,Real AAM 400g,G1 Mart Fresh,personal-care,/products/packshots/santoor-soap.jpg,"IMAGE_MISMATCH (image filename 'santoor-soap.jpg' belongs to 'santoor', but product is 'Real AAM 400g')",Assigned neutral placeholder: /products/placeholder.svg
g1-549,Kaccha AAM,G1 Mart Fresh,personal-care,/products/packshots/santoor-soap.jpg,"IMAGE_MISMATCH (image filename 'santoor-soap.jpg' belongs to 'santoor', but product is 'Kaccha AAM')",Assigned neutral placeholder: /products/placeholder.svg
g1-55,Gulab JAM (1+1) 160gm,G1 Mart Fresh,snacks-beverages,/products/packshots/bru-instant.jpg,"IMAGE_MISMATCH (image filename 'bru-instant.jpg' belongs to 'bru', but product is 'Gulab JAM (1+1) 160gm')",Assigned neutral placeholder: /products/placeholder.svg
g1-550,Kopiko,G1 Mart Fresh,personal-care,/products/packshots/cadbury-5-star.jpg,"IMAGE_MISMATCH (image filename 'cadbury-5-star.jpg' belongs to 'cadbury', but product is 'Kopiko')",Assigned neutral placeholder: /products/placeholder.svg
g1-551,JAM Ojam,G1 Mart Fresh,personal-care,/products/packshots/santoor-soap.jpg,"IMAGE_MISMATCH (image filename 'santoor-soap.jpg' belongs to 'santoor', but product is 'JAM Ojam')",Assigned neutral placeholder: /products/placeholder.svg
g1-552,Kasuri Methi 10G,G1 Mart Fresh,personal-care,/products/packshots/santoor-soap.jpg,"IMAGE_MISMATCH (image filename 'santoor-soap.jpg' belongs to 'santoor', but product is 'Kasuri Methi 10G')",Assigned neutral placeholder: /products/placeholder.svg
g1-553,Black Chikki,G1 Mart Fresh,personal-care,/products/packshots/santoor-soap.jpg,"IMAGE_MISMATCH (image filename 'santoor-soap.jpg' belongs to 'santoor', but product is 'Black Chikki')",Assigned neutral placeholder: /products/placeholder.svg
g1-557,Mango Pickel 60G,G1 Mart Fresh,personal-care,/products/packshots/santoor-soap.jpg,"IMAGE_MISMATCH (image filename 'santoor-soap.jpg' belongs to 'santoor', but product is 'Mango Pickel 60G')",Assigned neutral placeholder: /products/placeholder.svg
g1-558,Tomato Pickel 60G,G1 Mart Fresh,snacks-beverages,/products/packshots/good-day.jpg,"IMAGE_MISMATCH (image filename 'good-day.jpg' belongs to 'good day', but product is 'Tomato Pickel 60G')",Assigned neutral placeholder: /products/placeholder.svg
g1-559,Lemon Pickel 60G,G1 Mart Fresh,snacks-beverages,/products/packshots/good-day.jpg,"IMAGE_MISMATCH (image filename 'good-day.jpg' belongs to 'good day', but product is 'Lemon Pickel 60G')",Assigned neutral placeholder: /products/placeholder.svg
g1-56,Soya Mini Chunks 200g,G1 Mart Fresh,snacks-beverages,/products/packshots/good-day.jpg,"IMAGE_MISMATCH (image filename 'good-day.jpg' belongs to 'good day', but product is 'Soya Mini Chunks 200g')",Assigned neutral placeholder: /products/placeholder.svg
g1-560,Gongura Pickels 60G,G1 Mart Fresh,snacks-beverages,/products/packshots/good-day.jpg,"IMAGE_MISMATCH (image filename 'good-day.jpg' belongs to 'good day', but product is 'Gongura Pickels 60G')",Assigned neutral placeholder: /products/placeholder.svg
g1-561,Assorated Fruit,G1 Mart Fresh,snacks-beverages,/products/packshots/good-day.jpg,"IMAGE_MISMATCH (image filename 'good-day.jpg' belongs to 'good day', but product is 'Assorated Fruit')",Assigned neutral placeholder: /products/placeholder.svg
g1-562,Ultra Floor Clean,G1 Mart Fresh,personal-care,/products/packshots/santoor-soap.jpg,"IMAGE_MISMATCH (image filename 'santoor-soap.jpg' belongs to 'santoor', but product is 'Ultra Floor Clean')",Assigned neutral placeholder: /products/placeholder.svg
g1-567,Sweeper,G1 Mart Fresh,personal-care,/products/packshots/santoor-soap.jpg,"IMAGE_MISMATCH (image filename 'santoor-soap.jpg' belongs to 'santoor', but product is 'Sweeper')",Assigned neutral placeholder: /products/placeholder.svg
g1-568,Mango Fruit,G1 Mart Fresh,snacks-beverages,/products/packshots/good-day.jpg,"IMAGE_MISMATCH (image filename 'good-day.jpg' belongs to 'good day', but product is 'Mango Fruit')",Assigned neutral placeholder: /products/placeholder.svg
g1-569,Ragi Powder 500g,G1 Mart Fresh,personal-care,/products/placeholder.svg,MISSING_OR_PLACEHOLDER_IMAGE,Assigned neutral placeholder: /products/placeholder.svg
g1-57,Soya Chunks 200g,G1 Mart Fresh,snacks-beverages,/products/packshots/good-day.jpg,"IMAGE_MISMATCH (image filename 'good-day.jpg' belongs to 'good day', but product is 'Soya Chunks 200g')",Assigned neutral placeholder: /products/placeholder.svg
g1-570,Ragi Powder 200g,G1 Mart Fresh,personal-care,/products/placeholder.svg,MISSING_OR_PLACEHOLDER_IMAGE,Assigned neutral placeholder: /products/placeholder.svg
g1-572,Nalla Karam Podi 150g,G1 Mart Fresh,snacks-beverages,/products/packshots/good-day.jpg,"IMAGE_MISMATCH (image filename 'good-day.jpg' belongs to 'good day', but product is 'Nalla Karam Podi 150g')",Assigned neutral placeholder: /products/placeholder.svg
g1-573,Ground Nuts Karam Podo 150g,G1 Mart Fresh,snacks-beverages,/products/placeholder.svg,MISSING_OR_PLACEHOLDER_IMAGE,Assigned neutral placeholder: /products/placeholder.svg
g1-574,Kobbari Karam Podi 150g,G1 Mart Fresh,snacks-beverages,/products/placeholder.svg,MISSING_OR_PLACEHOLDER_IMAGE,Assigned neutral placeholder: /products/placeholder.svg
g1-575,Lavender,G1 Mart Fresh,personal-care,/products/packshots/santoor-soap.jpg,"IMAGE_MISMATCH (image filename 'santoor-soap.jpg' belongs to 'santoor', but product is 'Lavender')",Assigned neutral placeholder: /products/placeholder.svg
g1-576,Good DAY,Britannia,snacks-beverages,/products/packshots/good-day.jpg,"IMAGE_MISMATCH (image filename 'good-day.jpg' belongs to 'good day', but product is 'Good DAY')",Assigned neutral placeholder: /products/placeholder.svg
g1-577,Mangaldeep,G1 Mart Fresh,personal-care,/products/placeholder.svg,MISSING_OR_PLACEHOLDER_IMAGE,Assigned neutral placeholder: /products/placeholder.svg
g1-579,Glow & Lovely,Glow & Lovely,personal-care,/products/placeholder.svg,MISSING_OR_PLACEHOLDER_IMAGE,Assigned neutral placeholder: /products/placeholder.svg
g1-58,Soya Chunks 42G,G1 Mart Fresh,snacks-beverages,/products/packshots/good-day.jpg,"IMAGE_MISMATCH (image filename 'good-day.jpg' belongs to 'good day', but product is 'Soya Chunks 42G')",Assigned neutral placeholder: /products/placeholder.svg
g1-580,LUX Rose,Lux,personal-care,/products/packshots/lux-soap.jpg,LOCAL_FILE_NOT_FOUND (/products/packshots/lux-soap.jpg),Assigned neutral placeholder: /products/placeholder.svg
g1-581,LUX Jasmine,Lux,personal-care,/products/packshots/lux-soap.jpg,LOCAL_FILE_NOT_FOUND (/products/packshots/lux-soap.jpg),Assigned neutral placeholder: /products/placeholder.svg
g1-583,Margo,G1 Mart Fresh,personal-care,/products/placeholder.svg,MISSING_OR_PLACEHOLDER_IMAGE,Assigned neutral placeholder: /products/placeholder.svg
g1-586,Wagh Bakri250g,G1 Mart Fresh,snacks-beverages,/products/packshots/red-label-tea.jpg,"IMAGE_MISMATCH (image filename 'red-label-tea.jpg' belongs to 'red label', but product is 'Wagh Bakri250g')",Assigned neutral placeholder: /products/placeholder.svg
g1-589,Wipper Stick,G1 Mart Fresh,personal-care,/products/packshots/santoor-soap.jpg,"IMAGE_MISMATCH (image filename 'santoor-soap.jpg' belongs to 'santoor', but product is 'Wipper Stick')",Assigned neutral placeholder: /products/placeholder.svg
g1-59,Soya Mini Chunks 42G,G1 Mart Fresh,snacks-beverages,/products/packshots/good-day.jpg,"IMAGE_MISMATCH (image filename 'good-day.jpg' belongs to 'good day', but product is 'Soya Mini Chunks 42G')",Assigned neutral placeholder: /products/placeholder.svg
g1-590,EXO,Exo,household-cleaning,/products/placeholder.svg,MISSING_OR_PLACEHOLDER_IMAGE,Assigned neutral placeholder: /products/placeholder.svg
g1-592,BRU,Bru,snacks-beverages,/products/packshots/red-label-tea.jpg,"IMAGE_MISMATCH (image filename 'red-label-tea.jpg' belongs to 'red label', but product is 'BRU')",Assigned neutral placeholder: /products/placeholder.svg
g1-593,Horlicks Womens Plus Chocolate 400g,Horlicks,snacks-beverages,/products/packshots/horlicks.jpg,"WRONG_ASPECT_RATIO (158x400, ratio 0.40) | CORRUPT_OR_UNREADABLE (setting an array element with a sequence. The requested array has an inhomogeneous shape after 1 dimensions. The detected shape was (4,) + inhomogeneous part.)",Assigned neutral placeholder: /products/placeholder.svg
g1-594,RIN,Rin,household-cleaning,/products/packshots/surf-excel.jpg,"IMAGE_MISMATCH (image filename 'surf-excel.jpg' belongs to 'surf excel', but product is 'RIN')",Assigned neutral placeholder: /products/placeholder.svg
g1-595,Clinic Plus EGG,G1 Mart Fresh,personal-care,/products/placeholder.svg,MISSING_OR_PLACEHOLDER_IMAGE,Assigned neutral placeholder: /products/placeholder.svg
g1-596,Clear Anti-dandruff Nutrium,G1 Mart Fresh,personal-care,/products/placeholder.svg,MISSING_OR_PLACEHOLDER_IMAGE,Assigned neutral placeholder: /products/placeholder.svg
g1-597,Knorr CUP Soup,G1 Mart Fresh,personal-care,/products/packshots/santoor-soap.jpg,"IMAGE_MISMATCH (image filename 'santoor-soap.jpg' belongs to 'santoor', but product is 'Knorr CUP Soup')",Assigned neutral placeholder: /products/placeholder.svg
g1-598,Saggubiyyam 250g,G1 Mart Fresh,personal-care,/products/packshots/santoor-soap.jpg,"IMAGE_MISMATCH (image filename 'santoor-soap.jpg' belongs to 'santoor', but product is 'Saggubiyyam 250g')",Assigned neutral placeholder: /products/placeholder.svg
g1-599,Tomato Soup,G1 Mart Fresh,personal-care,/products/packshots/santoor-soap.jpg,"IMAGE_MISMATCH (image filename 'santoor-soap.jpg' belongs to 'santoor', but product is 'Tomato Soup')",Assigned neutral placeholder: /products/placeholder.svg
g1-600,Wall Stick,G1 Mart Fresh,personal-care,/products/packshots/santoor-soap.jpg,"IMAGE_MISMATCH (image filename 'santoor-soap.jpg' belongs to 'santoor', but product is 'Wall Stick')",Assigned neutral placeholder: /products/placeholder.svg
g1-602,Ultimate Power Liquid Detergent,G1 Mart Fresh,household-cleaning,/products/packshots/surf-excel.jpg,"IMAGE_MISMATCH (image filename 'surf-excel.jpg' belongs to 'surf excel', but product is 'Ultimate Power Liquid Detergent')",Assigned neutral placeholder: /products/placeholder.svg
g1-603,JOY Lady,G1 Mart Fresh,personal-care,/products/placeholder.svg,MISSING_OR_PLACEHOLDER_IMAGE,Assigned neutral placeholder: /products/placeholder.svg
g1-604,Geeta,G1 Mart Fresh,personal-care,/products/placeholder.svg,MISSING_OR_PLACEHOLDER_IMAGE,Assigned neutral placeholder: /products/placeholder.svg
g1-605,TAJ Mahal 250g,G1 Mart Fresh,personal-care,/products/packshots/red-label-tea.jpg,"IMAGE_MISMATCH (image filename 'red-label-tea.jpg' belongs to 'red label', but product is 'TAJ Mahal 250g')",Assigned neutral placeholder: /products/placeholder.svg
g1-608,Bansi Wheat Rava 500g,G1 Mart Fresh,grocery-staples,/products/placeholder.svg,MISSING_OR_PLACEHOLDER_IMAGE,Assigned neutral placeholder: /products/placeholder.svg
g1-612,SRI Durga Tarmarik 100g,G1 Mart Fresh,personal-care,/products/placeholder.svg,MISSING_OR_PLACEHOLDER_IMAGE,Assigned neutral placeholder: /products/placeholder.svg
g1-613,SRI Durga Tarmarik 50G,G1 Mart Fresh,personal-care,/products/packshots/santoor-soap.jpg,"IMAGE_MISMATCH (image filename 'santoor-soap.jpg' belongs to 'santoor', but product is 'SRI Durga Tarmarik 50G')",Assigned neutral placeholder: /products/placeholder.svg
g1-614,SRI Durga Dania Powder 50G,G1 Mart Fresh,personal-care,/products/packshots/santoor-soap.jpg,"IMAGE_MISMATCH (image filename 'santoor-soap.jpg' belongs to 'santoor', but product is 'SRI Durga Dania Powder 50G')",Assigned neutral placeholder: /products/placeholder.svg
g1-615,Dark Fantasy,Sunfeast,snacks-beverages,/products/packshots/good-day.jpg,"IMAGE_MISMATCH (image filename 'good-day.jpg' belongs to 'good day', but product is 'Dark Fantasy')",Assigned neutral placeholder: /products/placeholder.svg
g1-616,Corn Flour Powdar1kg,G1 Mart Fresh,grocery-staples,/products/placeholder.svg,MISSING_OR_PLACEHOLDER_IMAGE,Assigned neutral placeholder: /products/placeholder.svg
g1-617,707 Liquid 5ltr,G1 Mart Fresh,household-cleaning,/products/placeholder.svg,MISSING_OR_PLACEHOLDER_IMAGE,Assigned neutral placeholder: /products/placeholder.svg
g1-62,SP Pinapple 200g,G1 Mart Fresh,snacks-beverages,/products/packshots/good-day.jpg,"IMAGE_MISMATCH (image filename 'good-day.jpg' belongs to 'good day', but product is 'SP Pinapple 200g')",Assigned neutral placeholder: /products/placeholder.svg
g1-620,5 Starfullbox,G1 Mart Fresh,snacks-beverages,/products/packshots/cadbury-5-star.jpg,"IMAGE_MISMATCH (image filename 'cadbury-5-star.jpg' belongs to 'cadbury', but product is '5 Starfullbox')",Assigned neutral placeholder: /products/placeholder.svg
g1-622,Staryfree XL,G1 Mart Fresh,household-cleaning,/products/placeholder.svg,MISSING_OR_PLACEHOLDER_IMAGE,Assigned neutral placeholder: /products/placeholder.svg
g1-623,Milkybbar Smal BOX,G1 Mart Fresh,snacks-beverages,/products/packshots/arun-donut.jpg,"CORRUPT_OR_UNREADABLE (setting an array element with a sequence. The requested array has an inhomogeneous shape after 1 dimensions. The detected shape was (4,) + inhomogeneous part.)",Assigned neutral placeholder: /products/placeholder.svg
g1-624,Munch 5RS,Nestle,snacks-beverages,/products/packshots/nestle-munch.jpg,"WRONG_ASPECT_RATIO (400x208, ratio 1.92) | CORRUPT_OR_UNREADABLE (setting an array element with a sequence. The requested array has an inhomogeneous shape after 1 dimensions. The detected shape was (4,) + inhomogeneous part.)",Assigned neutral placeholder: /products/placeholder.svg
g1-625,Park10rs,G1 Mart Fresh,snacks-beverages,/products/packshots/good-day.jpg,"IMAGE_MISMATCH (image filename 'good-day.jpg' belongs to 'good day', but product is 'Park10rs')",Assigned neutral placeholder: /products/placeholder.svg
g1-626,GUM 5RS Main,G1 Mart Fresh,personal-care,/products/placeholder.svg,MISSING_OR_PLACEHOLDER_IMAGE,Assigned neutral placeholder: /products/placeholder.svg
g1-627,GUM 10rs Main,G1 Mart Fresh,personal-care,/products/placeholder.svg,MISSING_OR_PLACEHOLDER_IMAGE,Assigned neutral placeholder: /products/placeholder.svg
g1-628,Softouch 200ml,G1 Mart Fresh,household-cleaning,/products/placeholder.svg,MISSING_OR_PLACEHOLDER_IMAGE,Assigned neutral placeholder: /products/placeholder.svg
g1-629,Head AND Shoulder 2RS,G1 Mart Fresh,household-cleaning,/products/placeholder.svg,MISSING_OR_PLACEHOLDER_IMAGE,Assigned neutral placeholder: /products/placeholder.svg
g1-63,SP Mango 200g,G1 Mart Fresh,snacks-beverages,/products/packshots/good-day.jpg,"IMAGE_MISMATCH (image filename 'good-day.jpg' belongs to 'good day', but product is 'SP Mango 200g')",Assigned neutral placeholder: /products/placeholder.svg
g1-630,Sunrise 5RS,G1 Mart Fresh,personal-care,/products/placeholder.svg,MISSING_OR_PLACEHOLDER_IMAGE,Assigned neutral placeholder: /products/placeholder.svg
g1-631,Hide&seek Biscuits 10rs,G1 Mart Fresh,snacks-beverages,/products/packshots/good-day.jpg,"IMAGE_MISMATCH (image filename 'good-day.jpg' belongs to 'good day', but product is 'Hide&seek Biscuits 10rs')",Assigned neutral placeholder: /products/placeholder.svg
g1-632,ENO 10rs,G1 Mart Fresh,snacks-beverages,/products/placeholder.svg,MISSING_OR_PLACEHOLDER_IMAGE,Assigned neutral placeholder: /products/placeholder.svg
g1-633,Gokul Soap BOX,G1 Mart Fresh,personal-care,/products/placeholder.svg,MISSING_OR_PLACEHOLDER_IMAGE,Assigned neutral placeholder: /products/placeholder.svg
g1-634,Kinder JOY (B),G1 Mart Fresh,snacks-beverages,/products/packshots/good-day.jpg,"IMAGE_MISMATCH (image filename 'good-day.jpg' belongs to 'good day', but product is 'Kinder JOY (B)')",Assigned neutral placeholder: /products/placeholder.svg
g1-635,Kindar Joys 25,G1 Mart Fresh,snacks-beverages,/products/packshots/good-day.jpg,"IMAGE_MISMATCH (image filename 'good-day.jpg' belongs to 'good day', but product is 'Kindar Joys 25')",Assigned neutral placeholder: /products/placeholder.svg
g1-637,Malkist Cheese,G1 Mart Fresh,snacks-beverages,/products/placeholder.svg,MISSING_OR_PLACEHOLDER_IMAGE,Assigned neutral placeholder: /products/placeholder.svg
g1-638,Navaratna OIL 50ml,G1 Mart Fresh,grocery-staples,/products/packshots/sunflower-oil.jpg,"IMAGE_MISMATCH (image filename 'sunflower-oil.jpg' belongs to 'fortune', but product is 'Navaratna OIL 50ml')",Assigned neutral placeholder: /products/placeholder.svg
g1-639,Head AND Shoulder 180ml,G1 Mart Fresh,personal-care,/products/jg-019.jpg,"WRONG_ASPECT_RATIO (238x600, ratio 0.40) | CORRUPT_OR_UNREADABLE (setting an array element with a sequence. The requested array has an inhomogeneous shape after 1 dimensions. The detected shape was (4,) + inhomogeneous part.)",Assigned neutral placeholder: /products/placeholder.svg
g1-641,Lion Honey SET 250g,G1 Mart Fresh,snacks-beverages,/products/packshots/good-day.jpg,"IMAGE_MISMATCH (image filename 'good-day.jpg' belongs to 'good day', but product is 'Lion Honey SET 250g')",Assigned neutral placeholder: /products/placeholder.svg
g1-642,Nippo AAA Main,Nippo,household-cleaning,/products/placeholder.svg,MISSING_OR_PLACEHOLDER_IMAGE,Assigned neutral placeholder: /products/placeholder.svg
g1-646,Balian Chemiya 10,G1 Mart Fresh,snacks-beverages,/products/placeholder.svg,MISSING_OR_PLACEHOLDER_IMAGE,Assigned neutral placeholder: /products/placeholder.svg
g1-647,Maggi 15rs,Nestle,snacks-beverages,/products/packshots/good-day.jpg,"IMAGE_MISMATCH (image filename 'good-day.jpg' belongs to 'good day', but product is 'Maggi 15rs')",Assigned neutral placeholder: /products/placeholder.svg
g1-648,Baby OIL 100ml,G1 Mart Fresh,personal-care,/products/packshots/sunflower-oil.jpg,"IMAGE_MISMATCH (image filename 'sunflower-oil.jpg' belongs to 'fortune', but product is 'Baby OIL 100ml')",Assigned neutral placeholder: /products/placeholder.svg
g1-65,SP Badam 200g,G1 Mart Fresh,snacks-beverages,/products/packshots/good-day.jpg,"IMAGE_MISMATCH (image filename 'good-day.jpg' belongs to 'good day', but product is 'SP Badam 200g')",Assigned neutral placeholder: /products/placeholder.svg
g1-652,OSR Girl,G1 Mart Fresh,personal-care,/products/placeholder.svg,MISSING_OR_PLACEHOLDER_IMAGE,Assigned neutral placeholder: /products/placeholder.svg
g1-653,Mariegold Biscuit,Britannia,snacks-beverages,/products/packshots/good-day.jpg,"IMAGE_MISMATCH (image filename 'good-day.jpg' belongs to 'good day', but product is 'Mariegold Biscuit')",Assigned neutral placeholder: /products/placeholder.svg
g1-654,Jimjam Bisccuit,G1 Mart Fresh,snacks-beverages,/products/placeholder.svg,MISSING_OR_PLACEHOLDER_IMAGE,Assigned neutral placeholder: /products/placeholder.svg
g1-656,Tulip,G1 Mart Fresh,personal-care,/products/placeholder.svg,MISSING_OR_PLACEHOLDER_IMAGE,Assigned neutral placeholder: /products/placeholder.svg
g1-657,Aachi Sambar Powder,Aachi,personal-care,/products/placeholder.svg,MISSING_OR_PLACEHOLDER_IMAGE,Assigned neutral placeholder: /products/placeholder.svg
g1-658,Aachi Chicken Masala,Aachi,grocery-staples,/products/placeholder.svg,MISSING_OR_PLACEHOLDER_IMAGE,Assigned neutral placeholder: /products/placeholder.svg
g1-659,Maggi 140g,Nestle,snacks-beverages,/products/packshots/good-day.jpg,"IMAGE_MISMATCH (image filename 'good-day.jpg' belongs to 'good day', but product is 'Maggi 140g')",Assigned neutral placeholder: /products/placeholder.svg
g1-66,SP Duet 200g,G1 Mart Fresh,snacks-beverages,/products/packshots/good-day.jpg,"IMAGE_MISMATCH (image filename 'good-day.jpg' belongs to 'good day', but product is 'SP Duet 200g')",Assigned neutral placeholder: /products/placeholder.svg
g1-660,Flair Pens,G1 Mart Fresh,personal-care,/products/placeholder.svg,MISSING_OR_PLACEHOLDER_IMAGE,Assigned neutral placeholder: /products/placeholder.svg
g1-661,Flair PEN SET Main,G1 Mart Fresh,personal-care,/products/placeholder.svg,MISSING_OR_PLACEHOLDER_IMAGE,Assigned neutral placeholder: /products/placeholder.svg
g1-662,Pooja Gold OIL 400ml,G1 Mart Fresh,grocery-staples,/products/packshots/sunflower-oil.jpg,"IMAGE_MISMATCH (image filename 'sunflower-oil.jpg' belongs to 'fortune', but product is 'Pooja Gold OIL 400ml')",Assigned neutral placeholder: /products/placeholder.svg
g1-663,Pooja Gold OIL 800ml,G1 Mart Fresh,grocery-staples,/products/packshots/sunflower-oil.jpg,"IMAGE_MISMATCH (image filename 'sunflower-oil.jpg' belongs to 'fortune', but product is 'Pooja Gold OIL 800ml')",Assigned neutral placeholder: /products/placeholder.svg
g1-665,Zandu Balam Red 8ml,G1 Mart Fresh,personal-care,/products/placeholder.svg,MISSING_OR_PLACEHOLDER_IMAGE,Assigned neutral placeholder: /products/placeholder.svg
g1-666,Zandu Balm Gren 8ml,G1 Mart Fresh,personal-care,/products/placeholder.svg,MISSING_OR_PLACEHOLDER_IMAGE,Assigned neutral placeholder: /products/placeholder.svg
g1-667,Sastri Balm 10ml,G1 Mart Fresh,personal-care,/products/placeholder.svg,MISSING_OR_PLACEHOLDER_IMAGE,Assigned neutral placeholder: /products/placeholder.svg
g1-668,Moov 10g,G1 Mart Fresh,personal-care,/products/placeholder.svg,MISSING_OR_PLACEHOLDER_IMAGE,Assigned neutral placeholder: /products/placeholder.svg
g1-67,SP Chocolate 200g,G1 Mart Fresh,snacks-beverages,/products/packshots/good-day.jpg,"IMAGE_MISMATCH (image filename 'good-day.jpg' belongs to 'good day', but product is 'SP Chocolate 200g')",Assigned neutral placeholder: /products/placeholder.svg
g1-670,Swastiks Mango Pickle200g,G1 Mart Fresh,snacks-beverages,/products/packshots/good-day.jpg,"IMAGE_MISMATCH (image filename 'good-day.jpg' belongs to 'good day', but product is 'Swastiks Mango Pickle200g')",Assigned neutral placeholder: /products/placeholder.svg
g1-671,Eggs,G1 Mart Fresh,personal-care,/products/placeholder.svg,MISSING_OR_PLACEHOLDER_IMAGE,Assigned neutral placeholder: /products/placeholder.svg
g1-673,Sunfeast Nice 64g,Sunfeast,snacks-beverages,/products/packshots/good-day.jpg,"IMAGE_MISMATCH (image filename 'good-day.jpg' belongs to 'good day', but product is 'Sunfeast Nice 64g')",Assigned neutral placeholder: /products/placeholder.svg
g1-674,Dark Fantasy Choco Fills 10g,Sunfeast,snacks-beverages,/products/packshots/good-day.jpg,"IMAGE_MISMATCH (image filename 'good-day.jpg' belongs to 'good day', but product is 'Dark Fantasy Choco Fills 10g')",Assigned neutral placeholder: /products/placeholder.svg
g1-675,Dark Fantasy Cookis,Sunfeast,snacks-beverages,/products/packshots/good-day.jpg,"IMAGE_MISMATCH (image filename 'good-day.jpg' belongs to 'good day', but product is 'Dark Fantasy Cookis')",Assigned neutral placeholder: /products/placeholder.svg
g1-676,Dark Fantasy Chocolate Notes 270g,Sunfeast,snacks-beverages,/products/packshots/good-day.jpg,"IMAGE_MISMATCH (image filename 'good-day.jpg' belongs to 'good day', but product is 'Dark Fantasy Chocolate Notes 270g')",Assigned neutral placeholder: /products/placeholder.svg
g1-677,Dark Fantasy Chocolate Cookie,Sunfeast,snacks-beverages,/products/packshots/good-day.jpg,"IMAGE_MISMATCH (image filename 'good-day.jpg' belongs to 'good day', but product is 'Dark Fantasy Chocolate Cookie')",Assigned neutral placeholder: /products/placeholder.svg
g1-678,Dark Fantasy Vanilla 55G,Sunfeast,snacks-beverages,/products/packshots/good-day.jpg,"IMAGE_MISMATCH (image filename 'good-day.jpg' belongs to 'good day', but product is 'Dark Fantasy Vanilla 55G')",Assigned neutral placeholder: /products/placeholder.svg
g1-68,Hing 40G,G1 Mart Fresh,snacks-beverages,/products/packshots/good-day.jpg,"IMAGE_MISMATCH (image filename 'good-day.jpg' belongs to 'good day', but product is 'Hing 40G')",Assigned neutral placeholder: /products/placeholder.svg
g1-680,Moms Magic Cashew&almond 61G,Sunfeast,snacks-beverages,/products/packshots/good-day.jpg,"IMAGE_MISMATCH (image filename 'good-day.jpg' belongs to 'good day', but product is 'Moms Magic Cashew&almond 61G')",Assigned neutral placeholder: /products/placeholder.svg
g1-681,Marie Light Active 66G,G1 Mart Fresh,snacks-beverages,/products/placeholder.svg,MISSING_OR_PLACEHOLDER_IMAGE,Assigned neutral placeholder: /products/placeholder.svg
g1-682,Marie Light Active 34G,G1 Mart Fresh,snacks-beverages,/products/packshots/good-day.jpg,"IMAGE_MISMATCH (image filename 'good-day.jpg' belongs to 'good day', but product is 'Marie Light Active 34G')",Assigned neutral placeholder: /products/placeholder.svg
g1-683,Sunfeast Glucose 44G,Sunfeast,snacks-beverages,/products/packshots/good-day.jpg,"IMAGE_MISMATCH (image filename 'good-day.jpg' belongs to 'good day', but product is 'Sunfeast Glucose 44G')",Assigned neutral placeholder: /products/placeholder.svg
g1-684,Sunfeast Glicose 24G,Sunfeast,snacks-beverages,/products/packshots/good-day.jpg,"IMAGE_MISMATCH (image filename 'good-day.jpg' belongs to 'good day', but product is 'Sunfeast Glicose 24G')",Assigned neutral placeholder: /products/placeholder.svg
g1-685,Marie Light Active 140g,G1 Mart Fresh,snacks-beverages,/products/packshots/good-day.jpg,"IMAGE_MISMATCH (image filename 'good-day.jpg' belongs to 'good day', but product is 'Marie Light Active 140g')",Assigned neutral placeholder: /products/placeholder.svg
g1-686,Marie Light Evening 62G,G1 Mart Fresh,snacks-beverages,/products/placeholder.svg,MISSING_OR_PLACEHOLDER_IMAGE,Assigned neutral placeholder: /products/placeholder.svg
g1-687,Sunfeast Supermilk 72G,Sunfeast,snacks-beverages,/products/packshots/good-day.jpg,"IMAGE_MISMATCH (image filename 'good-day.jpg' belongs to 'good day', but product is 'Sunfeast Supermilk 72G')",Assigned neutral placeholder: /products/placeholder.svg
g1-688,Sunfeast Supermilk 31G,Sunfeast,snacks-beverages,/products/packshots/good-day.jpg,"IMAGE_MISMATCH (image filename 'good-day.jpg' belongs to 'good day', but product is 'Sunfeast Supermilk 31G')",Assigned neutral placeholder: /products/placeholder.svg
g1-689,Sunfeast Sweet&salty 34G,Sunfeast,grocery-staples,/products/packshots/good-day.jpg,"IMAGE_MISMATCH (image filename 'good-day.jpg' belongs to 'good day', but product is 'Sunfeast Sweet&salty 34G')",Assigned neutral placeholder: /products/placeholder.svg
g1-69,Trubble GUM BIG,G1 Mart Fresh,personal-care,/products/packshots/santoor-soap.jpg,"IMAGE_MISMATCH (image filename 'santoor-soap.jpg' belongs to 'santoor', but product is 'Trubble GUM BIG')",Assigned neutral placeholder: /products/placeholder.svg
g1-690,Sunfeast Sweet&salty 68G,Sunfeast,grocery-staples,/products/packshots/good-day.jpg,"IMAGE_MISMATCH (image filename 'good-day.jpg' belongs to 'good day', but product is 'Sunfeast Sweet&salty 68G')",Assigned neutral placeholder: /products/placeholder.svg
g1-691,Eggs TRA,G1 Mart Fresh,personal-care,/products/placeholder.svg,MISSING_OR_PLACEHOLDER_IMAGE,Assigned neutral placeholder: /products/placeholder.svg
g1-692,Horlicks Biscuits,Horlicks,snacks-beverages,/products/packshots/horlicks.jpg,"WRONG_ASPECT_RATIO (158x400, ratio 0.40) | CORRUPT_OR_UNREADABLE (setting an array element with a sequence. The requested array has an inhomogeneous shape after 1 dimensions. The detected shape was (4,) + inhomogeneous part.)",Assigned neutral placeholder: /products/placeholder.svg
g1-693,Whisper XXL,G1 Mart Fresh,personal-care,/products/packshots/santoor-soap.jpg,"IMAGE_MISMATCH (image filename 'santoor-soap.jpg' belongs to 'santoor', but product is 'Whisper XXL')",Assigned neutral placeholder: /products/placeholder.svg
g1-694,Moms Magic 68g,Sunfeast,snacks-beverages,/products/packshots/good-day.jpg,"IMAGE_MISMATCH (image filename 'good-day.jpg' belongs to 'good day', but product is 'Moms Magic 68g')",Assigned neutral placeholder: /products/placeholder.svg
g1-695,Moms Magic 40g,Sunfeast,snacks-beverages,/products/packshots/good-day.jpg,"IMAGE_MISMATCH (image filename 'good-day.jpg' belongs to 'good day', but product is 'Moms Magic 40g')",Assigned neutral placeholder: /products/placeholder.svg
g1-696,Sunfeast Bounce 28G,Sunfeast,snacks-beverages,/products/packshots/good-day.jpg,"IMAGE_MISMATCH (image filename 'good-day.jpg' belongs to 'good day', but product is 'Sunfeast Bounce 28G')",Assigned neutral placeholder: /products/placeholder.svg
g1-698,Wagh Bakri TEA 100g,Wagh Bakri,snacks-beverages,/products/packshots/red-label-tea.jpg,"IMAGE_MISMATCH (image filename 'red-label-tea.jpg' belongs to 'red label', but product is 'Wagh Bakri TEA 100g')",Assigned neutral placeholder: /products/placeholder.svg
g1-699,Yippee Noodles 280g,G1 Mart Fresh,snacks-beverages,/products/packshots/good-day.jpg,"IMAGE_MISMATCH (image filename 'good-day.jpg' belongs to 'good day', but product is 'Yippee Noodles 280g')",Assigned neutral placeholder: /products/placeholder.svg
g1-70,Trubble GUM Small,G1 Mart Fresh,personal-care,/products/packshots/santoor-soap.jpg,"IMAGE_MISMATCH (image filename 'santoor-soap.jpg' belongs to 'santoor', but product is 'Trubble GUM Small')",Assigned neutral placeholder: /products/placeholder.svg
g1-700,Sunfeast Fantastik Choco Almond,Sunfeast,snacks-beverages,/products/packshots/good-day.jpg,"IMAGE_MISMATCH (image filename 'good-day.jpg' belongs to 'good day', but product is 'Sunfeast Fantastik Choco Almond')",Assigned neutral placeholder: /products/placeholder.svg
g1-701,Sunfeast Fantastik Fruit &nut,Sunfeast,snacks-beverages,/products/packshots/good-day.jpg,"IMAGE_MISMATCH (image filename 'good-day.jpg' belongs to 'good day', but product is 'Sunfeast Fantastik Fruit &nut')",Assigned neutral placeholder: /products/placeholder.svg
g1-702,Sunfeast Fantastik Roast&almond,Sunfeast,snacks-beverages,/products/packshots/good-day.jpg,"IMAGE_MISMATCH (image filename 'good-day.jpg' belongs to 'good day', but product is 'Sunfeast Fantastik Roast&almond')",Assigned neutral placeholder: /products/placeholder.svg
g1-703,Moms Magic Shines Shining Butter 44G,Sunfeast,snacks-beverages,/products/packshots/good-day.jpg,"IMAGE_MISMATCH (image filename 'good-day.jpg' belongs to 'good day', but product is 'Moms Magic Shines Shining Butter 44G')",Assigned neutral placeholder: /products/placeholder.svg
g1-704,Moms Magic Shines Shinig Butter 126g,Sunfeast,snacks-beverages,/products/packshots/good-day.jpg,"IMAGE_MISMATCH (image filename 'good-day.jpg' belongs to 'good day', but product is 'Moms Magic Shines Shinig Butter 126g')",Assigned neutral placeholder: /products/placeholder.svg
g1-705,Pond S 23G,G1 Mart Fresh,personal-care,/products/packshots/santoor-soap.jpg,"IMAGE_MISMATCH (image filename 'santoor-soap.jpg' belongs to 'santoor', but product is 'Pond S 23G')",Assigned neutral placeholder: /products/placeholder.svg
g1-706,Kisan JAM,G1 Mart Fresh,snacks-beverages,/products/packshots/good-day.jpg,"IMAGE_MISMATCH (image filename 'good-day.jpg' belongs to 'good day', but product is 'Kisan JAM')",Assigned neutral placeholder: /products/placeholder.svg
g1-709,Mangaldeep 3in1,G1 Mart Fresh,personal-care,/products/packshots/santoor-soap.jpg,"IMAGE_MISMATCH (image filename 'santoor-soap.jpg' belongs to 'santoor', but product is 'Mangaldeep 3in1')",Assigned neutral placeholder: /products/placeholder.svg
g1-71,Roban Cake 25G,G1 Mart Fresh,personal-care,/products/packshots/santoor-soap.jpg,"IMAGE_MISMATCH (image filename 'santoor-soap.jpg' belongs to 'santoor', but product is 'Roban Cake 25G')",Assigned neutral placeholder: /products/placeholder.svg
g1-710,Bath Mugs,G1 Mart Fresh,personal-care,/products/placeholder.svg,MISSING_OR_PLACEHOLDER_IMAGE,Assigned neutral placeholder: /products/placeholder.svg
g1-711,Milk Bikis,Britannia,snacks-beverages,/products/packshots/good-day.jpg,"IMAGE_MISMATCH (image filename 'good-day.jpg' belongs to 'good day', but product is 'Milk Bikis')",Assigned neutral placeholder: /products/placeholder.svg
g1-712,Dustpan,G1 Mart Fresh,household-cleaning,/products/placeholder.svg,MISSING_OR_PLACEHOLDER_IMAGE,Assigned neutral placeholder: /products/placeholder.svg
g1-713,Soap BOX,G1 Mart Fresh,personal-care,/products/placeholder.svg,MISSING_OR_PLACEHOLDER_IMAGE,Assigned neutral placeholder: /products/placeholder.svg
g1-714,Shink Brashs,G1 Mart Fresh,personal-care,/products/packshots/santoor-soap.jpg,"IMAGE_MISMATCH (image filename 'santoor-soap.jpg' belongs to 'santoor', but product is 'Shink Brashs')",Assigned neutral placeholder: /products/placeholder.svg
g1-715,Bath Brash1,G1 Mart Fresh,personal-care,/products/placeholder.svg,MISSING_OR_PLACEHOLDER_IMAGE,Assigned neutral placeholder: /products/placeholder.svg
g1-717,Cloth Brash2,G1 Mart Fresh,personal-care,/products/placeholder.svg,MISSING_OR_PLACEHOLDER_IMAGE,Assigned neutral placeholder: /products/placeholder.svg
g1-718,Cloth Pins,G1 Mart Fresh,household-cleaning,/products/placeholder.svg,MISSING_OR_PLACEHOLDER_IMAGE,Assigned neutral placeholder: /products/placeholder.svg
g1-719,Smart MOP,G1 Mart Fresh,household-cleaning,/products/packshots/surf-excel.jpg,"IMAGE_MISMATCH (image filename 'surf-excel.jpg' belongs to 'surf excel', but product is 'Smart MOP')",Assigned neutral placeholder: /products/placeholder.svg
g1-72,C Three IN ONE,G1 Mart Fresh,personal-care,/products/packshots/colgate-toothpaste.jpg,"IMAGE_MISMATCH (image filename 'colgate-toothpaste.jpg' belongs to 'colgate', but product is 'C Three IN ONE')",Assigned neutral placeholder: /products/placeholder.svg
g1-720,MOP Sticks B,G1 Mart Fresh,household-cleaning,/products/placeholder.svg,MISSING_OR_PLACEHOLDER_IMAGE,Assigned neutral placeholder: /products/placeholder.svg
g1-721,Cleaning Wiper,G1 Mart Fresh,household-cleaning,/products/placeholder.svg,MISSING_OR_PLACEHOLDER_IMAGE,Assigned neutral placeholder: /products/placeholder.svg
g1-722,Sscg3,G1 Mart Fresh,household-cleaning,/products/packshots/surf-excel.jpg,"IMAGE_MISMATCH (image filename 'surf-excel.jpg' belongs to 'surf excel', but product is 'Sscg3')",Assigned neutral placeholder: /products/placeholder.svg
g1-723,Sscg2,G1 Mart Fresh,household-cleaning,/products/placeholder.svg,MISSING_OR_PLACEHOLDER_IMAGE,Assigned neutral placeholder: /products/placeholder.svg
g1-724,Ssc5d,G1 Mart Fresh,household-cleaning,/products/placeholder.svg,MISSING_OR_PLACEHOLDER_IMAGE,Assigned neutral placeholder: /products/placeholder.svg
g1-725,Sscg4s,G1 Mart Fresh,household-cleaning,/products/packshots/surf-excel.jpg,"IMAGE_MISMATCH (image filename 'surf-excel.jpg' belongs to 'surf excel', but product is 'Sscg4s')",Assigned neutral placeholder: /products/placeholder.svg
g1-726,Freedom OIL 1L,Freedom,grocery-staples,/products/packshots/sunflower-oil.jpg,"IMAGE_MISMATCH (image filename 'sunflower-oil.jpg' belongs to 'fortune', but product is 'Freedom OIL 1L')",Assigned neutral placeholder: /products/placeholder.svg
g1-728,Elashi 10G,G1 Mart Fresh,snacks-beverages,/products/placeholder.svg,MISSING_OR_PLACEHOLDER_IMAGE,Assigned neutral placeholder: /products/placeholder.svg
g1-729,EXO Scrubrs,Exo,household-cleaning,/products/packshots/exo-scrubber.jpg,"WRONG_ASPECT_RATIO (400x267, ratio 1.50) | CORRUPT_OR_UNREADABLE (setting an array element with a sequence. The requested array has an inhomogeneous shape after 1 dimensions. The detected shape was (4,) + inhomogeneous part.)",Assigned neutral placeholder: /products/placeholder.svg
g1-73,C Three IN ONE,G1 Mart Fresh,personal-care,/products/packshots/colgate-toothpaste.jpg,"IMAGE_MISMATCH (image filename 'colgate-toothpaste.jpg' belongs to 'colgate', but product is 'C Three IN ONE')",Assigned neutral placeholder: /products/placeholder.svg
g1-730,Bingo Masala,Bingo,grocery-staples,/products/packshots/bingo-mad-angles.jpg,"WRONG_ASPECT_RATIO (261x400, ratio 0.65) | CORRUPT_OR_UNREADABLE (setting an array element with a sequence. The requested array has an inhomogeneous shape after 1 dimensions. The detected shape was (4,) + inhomogeneous part.)",Assigned neutral placeholder: /products/placeholder.svg
g1-731,SRI Durga Papula Podi150g,G1 Mart Fresh,snacks-beverages,/products/packshots/good-day.jpg,"IMAGE_MISMATCH (image filename 'good-day.jpg' belongs to 'good day', but product is 'SRI Durga Papula Podi150g')",Assigned neutral placeholder: /products/placeholder.svg
g1-732,Dark Fantasy5rs,G1 Mart Fresh,snacks-beverages,/products/placeholder.svg,MISSING_OR_PLACEHOLDER_IMAGE,Assigned neutral placeholder: /products/placeholder.svg
g1-733,Desi Popz,G1 Mart Fresh,snacks-beverages,/products/placeholder.svg,MISSING_OR_PLACEHOLDER_IMAGE,Assigned neutral placeholder: /products/placeholder.svg
g1-734,Lion Honey 250g,G1 Mart Fresh,personal-care,/products/packshots/santoor-soap.jpg,"IMAGE_MISMATCH (image filename 'santoor-soap.jpg' belongs to 'santoor', but product is 'Lion Honey 250g')",Assigned neutral placeholder: /products/placeholder.svg
g1-735,Maya Agarbathi,G1 Mart Fresh,personal-care,/products/packshots/santoor-soap.jpg,"IMAGE_MISMATCH (image filename 'santoor-soap.jpg' belongs to 'santoor', but product is 'Maya Agarbathi')",Assigned neutral placeholder: /products/placeholder.svg
g1-736,Knorr Spicy Jjajangmyeon,G1 Mart Fresh,snacks-beverages,/products/placeholder.svg,MISSING_OR_PLACEHOLDER_IMAGE,Assigned neutral placeholder: /products/placeholder.svg
g1-737,Sunfeast Day&night,Sunfeast,snacks-beverages,/products/packshots/good-day.jpg,"IMAGE_MISMATCH (image filename 'good-day.jpg' belongs to 'good day', but product is 'Sunfeast Day&night')",Assigned neutral placeholder: /products/placeholder.svg
g1-738,Mrow,G1 Mart Fresh,personal-care,/products/packshots/santoor-soap.jpg,"IMAGE_MISMATCH (image filename 'santoor-soap.jpg' belongs to 'santoor', but product is 'Mrow')",Assigned neutral placeholder: /products/placeholder.svg
g1-74,C Three IN ONE,G1 Mart Fresh,personal-care,/products/packshots/colgate-toothpaste.jpg,"IMAGE_MISMATCH (image filename 'colgate-toothpaste.jpg' belongs to 'colgate', but product is 'C Three IN ONE')",Assigned neutral placeholder: /products/placeholder.svg
g1-740,Dansi Rava 1kg,G1 Mart Fresh,grocery-staples,/products/placeholder.svg,MISSING_OR_PLACEHOLDER_IMAGE,Assigned neutral placeholder: /products/placeholder.svg
g1-742,Bingo Masti,Bingo,snacks-beverages,/products/packshots/bingo-mad-angles.jpg,"WRONG_ASPECT_RATIO (261x400, ratio 0.65) | CORRUPT_OR_UNREADABLE (setting an array element with a sequence. The requested array has an inhomogeneous shape after 1 dimensions. The detected shape was (4,) + inhomogeneous part.)",Assigned neutral placeholder: /products/placeholder.svg
g1-743,Bingo Tomato,Bingo,snacks-beverages,/products/packshots/bingo-mad-angles.jpg,"WRONG_ASPECT_RATIO (261x400, ratio 0.65) | CORRUPT_OR_UNREADABLE (setting an array element with a sequence. The requested array has an inhomogeneous shape after 1 dimensions. The detected shape was (4,) + inhomogeneous part.)",Assigned neutral placeholder: /products/placeholder.svg
g1-744,Bingo Korean,Bingo,snacks-beverages,/products/packshots/bingo-mad-angles.jpg,"WRONG_ASPECT_RATIO (261x400, ratio 0.65) | CORRUPT_OR_UNREADABLE (setting an array element with a sequence. The requested array has an inhomogeneous shape after 1 dimensions. The detected shape was (4,) + inhomogeneous part.)",Assigned neutral placeholder: /products/placeholder.svg
g1-745,Mangaldeep Scent 110g,G1 Mart Fresh,personal-care,/products/packshots/santoor-soap.jpg,"IMAGE_MISMATCH (image filename 'santoor-soap.jpg' belongs to 'santoor', but product is 'Mangaldeep Scent 110g')",Assigned neutral placeholder: /products/placeholder.svg
g1-746,Bino Temato 21G,G1 Mart Fresh,snacks-beverages,/products/placeholder.svg,MISSING_OR_PLACEHOLDER_IMAGE,Assigned neutral placeholder: /products/placeholder.svg
g1-748,Yippee Magic Masala,G1 Mart Fresh,grocery-staples,/products/packshots/lays-magic-masala.jpg,"IMAGE_MISMATCH (image filename 'lays-magic-masala.jpg' belongs to 'lays', but product is 'Yippee Magic Masala')",Assigned neutral placeholder: /products/placeholder.svg
g1-75,C Three IN ONE,G1 Mart Fresh,personal-care,/products/packshots/colgate-toothpaste.jpg,"IMAGE_MISMATCH (image filename 'colgate-toothpaste.jpg' belongs to 'colgate', but product is 'C Three IN ONE')",Assigned neutral placeholder: /products/placeholder.svg
g1-750,Telagapindi / Telagadalu (sesame Press) 100g,G1 Mart Fresh,grocery-staples,/products/packshots/sunflower-oil.jpg,"IMAGE_MISMATCH (image filename 'sunflower-oil.jpg' belongs to 'fortune', but product is 'Telagapindi / Telagadalu (sesame Press) 100g')",Assigned neutral placeholder: /products/placeholder.svg
g1-753,Milkybar Choo,G1 Mart Fresh,snacks-beverages,/products/packshots/arun-donut.jpg,"CORRUPT_OR_UNREADABLE (setting an array element with a sequence. The requested array has an inhomogeneous shape after 1 dimensions. The detected shape was (4,) + inhomogeneous part.)",Assigned neutral placeholder: /products/placeholder.svg
g1-754,Flair Carbonix0.7mm,G1 Mart Fresh,personal-care,/products/placeholder.svg,MISSING_OR_PLACEHOLDER_IMAGE,Assigned neutral placeholder: /products/placeholder.svg
g1-755,Camlin 0.7mm Ledis,G1 Mart Fresh,personal-care,/products/placeholder.svg,MISSING_OR_PLACEHOLDER_IMAGE,Assigned neutral placeholder: /products/placeholder.svg
g1-757,SRI Durga Singer Garlic,G1 Mart Fresh,personal-care,/products/packshots/santoor-soap.jpg,"IMAGE_MISMATCH (image filename 'santoor-soap.jpg' belongs to 'santoor', but product is 'SRI Durga Singer Garlic')",Assigned neutral placeholder: /products/placeholder.svg
g1-758,Freedom Groundnut OLI 1L,Freedom,grocery-staples,/products/packshots/sunflower-oil.jpg,"IMAGE_MISMATCH (image filename 'sunflower-oil.jpg' belongs to 'fortune', but product is 'Freedom Groundnut OLI 1L')",Assigned neutral placeholder: /products/placeholder.svg
g1-759,Jaggery 900g,G1 Mart Fresh,grocery-staples,/products/packshots/aashirvaad-salt.jpg,"IMAGE_MISMATCH (image filename 'aashirvaad-salt.jpg' belongs to 'aashirvaad', but product is 'Jaggery 900g')",Assigned neutral placeholder: /products/placeholder.svg
g1-76,C Naivedya CUP Sambrani,G1 Mart Fresh,personal-care,/products/packshots/colgate-toothpaste.jpg,"IMAGE_MISMATCH (image filename 'colgate-toothpaste.jpg' belongs to 'colgate', but product is 'C Naivedya CUP Sambrani')",Assigned neutral placeholder: /products/placeholder.svg
g1-760,Gangi Pendi 100g,G1 Mart Fresh,personal-care,/products/placeholder.svg,MISSING_OR_PLACEHOLDER_IMAGE,Assigned neutral placeholder: /products/placeholder.svg
g1-761,Gasagasaalu 50G,G1 Mart Fresh,grocery-staples,/products/placeholder.svg,MISSING_OR_PLACEHOLDER_IMAGE,Assigned neutral placeholder: /products/placeholder.svg
g1-767,Cliinic Plus Fengreek,G1 Mart Fresh,personal-care,/products/placeholder.svg,MISSING_OR_PLACEHOLDER_IMAGE,Assigned neutral placeholder: /products/placeholder.svg
g1-768,Cliinice Plus EGG,G1 Mart Fresh,snacks-beverages,/products/packshots/arun-donut.jpg,"CORRUPT_OR_UNREADABLE (setting an array element with a sequence. The requested array has an inhomogeneous shape after 1 dimensions. The detected shape was (4,) + inhomogeneous part.)",Assigned neutral placeholder: /products/placeholder.svg
g1-769,3 Roses Natural Care 11G,3 Roses,snacks-beverages,/products/packshots/red-label-tea.jpg,"IMAGE_MISMATCH (image filename 'red-label-tea.jpg' belongs to 'red label', but product is '3 Roses Natural Care 11G')",Assigned neutral placeholder: /products/placeholder.svg
g1-77,LIA Chandana,G1 Mart Fresh,personal-care,/products/packshots/santoor-soap.jpg,"IMAGE_MISMATCH (image filename 'santoor-soap.jpg' belongs to 'santoor', but product is 'LIA Chandana')",Assigned neutral placeholder: /products/placeholder.svg
g1-770,Broore Bond 3roses,3 Roses,personal-care,/products/packshots/red-label-tea.jpg,"IMAGE_MISMATCH (image filename 'red-label-tea.jpg' belongs to 'red label', but product is 'Broore Bond 3roses')",Assigned neutral placeholder: /products/placeholder.svg
g1-771,3 Roses Elaichi,3 Roses,snacks-beverages,/products/packshots/red-label-tea.jpg,"IMAGE_MISMATCH (image filename 'red-label-tea.jpg' belongs to 'red label', but product is '3 Roses Elaichi')",Assigned neutral placeholder: /products/placeholder.svg
g1-772,BRU Instant,Bru,snacks-beverages,/products/packshots/red-label-tea.jpg,"IMAGE_MISMATCH (image filename 'red-label-tea.jpg' belongs to 'red label', but product is 'BRU Instant')",Assigned neutral placeholder: /products/placeholder.svg
g1-773,3 Roses Natural Care 100g,3 Roses,snacks-beverages,/products/packshots/red-label-tea.jpg,"IMAGE_MISMATCH (image filename 'red-label-tea.jpg' belongs to 'red label', but product is '3 Roses Natural Care 100g')",Assigned neutral placeholder: /products/placeholder.svg
g1-774,3roses,3 Roses,personal-care,/products/packshots/red-label-tea.jpg,"IMAGE_MISMATCH (image filename 'red-label-tea.jpg' belongs to 'red label', but product is '3roses')",Assigned neutral placeholder: /products/placeholder.svg
g1-776,BRU Green Label 200g,Bru,snacks-beverages,/products/packshots/red-label-tea.jpg,"IMAGE_MISMATCH (image filename 'red-label-tea.jpg' belongs to 'red label', but product is 'BRU Green Label 200g')",Assigned neutral placeholder: /products/placeholder.svg
g1-777,BRU Super Strong 200g,Bru,snacks-beverages,/products/packshots/red-label-tea.jpg,"IMAGE_MISMATCH (image filename 'red-label-tea.jpg' belongs to 'red label', but product is 'BRU Super Strong 200g')",Assigned neutral placeholder: /products/placeholder.svg
g1-778,BRU Green Label 100g,Bru,snacks-beverages,/products/packshots/red-label-tea.jpg,"IMAGE_MISMATCH (image filename 'red-label-tea.jpg' belongs to 'red label', but product is 'BRU Green Label 100g')",Assigned neutral placeholder: /products/placeholder.svg
g1-779,Cliinic Plus Rice Water,G1 Mart Fresh,grocery-staples,/products/placeholder.svg,MISSING_OR_PLACEHOLDER_IMAGE,Assigned neutral placeholder: /products/placeholder.svg
g1-78,LIA Jasmin,G1 Mart Fresh,personal-care,/products/packshots/colgate-toothpaste.jpg,"IMAGE_MISMATCH (image filename 'colgate-toothpaste.jpg' belongs to 'colgate', but product is 'LIA Jasmin')",Assigned neutral placeholder: /products/placeholder.svg
g1-782,Sensodyne Bresh,G1 Mart Fresh,personal-care,/products/packshots/santoor-soap.jpg,"IMAGE_MISMATCH (image filename 'santoor-soap.jpg' belongs to 'santoor', but product is 'Sensodyne Bresh')",Assigned neutral placeholder: /products/placeholder.svg
g1-786,Bru Instant 1.2g,Bru,snacks-beverages,/products/packshots/red-label-tea.jpg,"IMAGE_MISMATCH (image filename 'red-label-tea.jpg' belongs to 'red label', but product is 'Bru Instant 1.2g')",Assigned neutral placeholder: /products/placeholder.svg
g1-787,Ponds Cold Cream,G1 Mart Fresh,personal-care,/products/packshots/santoor-soap.jpg,"IMAGE_MISMATCH (image filename 'santoor-soap.jpg' belongs to 'santoor', but product is 'Ponds Cold Cream')",Assigned neutral placeholder: /products/placeholder.svg
g1-788,Gadda Camphpr 25g,G1 Mart Fresh,personal-care,/products/placeholder.svg,MISSING_OR_PLACEHOLDER_IMAGE,Assigned neutral placeholder: /products/placeholder.svg
g1-79,LIA Rose,G1 Mart Fresh,personal-care,/products/packshots/santoor-soap.jpg,"IMAGE_MISMATCH (image filename 'santoor-soap.jpg' belongs to 'santoor', but product is 'LIA Rose')",Assigned neutral placeholder: /products/placeholder.svg
g1-791,Lakme 2in1,G1 Mart Fresh,personal-care,/products/packshots/santoor-soap.jpg,"IMAGE_MISMATCH (image filename 'santoor-soap.jpg' belongs to 'santoor', but product is 'Lakme 2in1')",Assigned neutral placeholder: /products/placeholder.svg
g1-793,Eagle Sambrani 50G,G1 Mart Fresh,personal-care,/products/placeholder.svg,MISSING_OR_PLACEHOLDER_IMAGE,Assigned neutral placeholder: /products/placeholder.svg
g1-794,Ambika Sambrani 50G,G1 Mart Fresh,personal-care,/products/placeholder.svg,MISSING_OR_PLACEHOLDER_IMAGE,Assigned neutral placeholder: /products/placeholder.svg
g1-795,Wagh Bakri 500g,Wagh Bakri,snacks-beverages,/products/packshots/red-label-tea.jpg,"IMAGE_MISMATCH (image filename 'red-label-tea.jpg' belongs to 'red label', but product is 'Wagh Bakri 500g')",Assigned neutral placeholder: /products/placeholder.svg
g1-80,Cycle LIA Lavender,G1 Mart Fresh,personal-care,/products/packshots/santoor-soap.jpg,"IMAGE_MISMATCH (image filename 'santoor-soap.jpg' belongs to 'santoor', but product is 'Cycle LIA Lavender')",Assigned neutral placeholder: /products/placeholder.svg
g1-802,Gokilam Dates 250g,G1 Mart Fresh,personal-care,/products/placeholder.svg,MISSING_OR_PLACEHOLDER_IMAGE,Assigned neutral placeholder: /products/placeholder.svg
g1-804,Right Zoom 275g,G1 Mart Fresh,personal-care,/products/placeholder.svg,MISSING_OR_PLACEHOLDER_IMAGE,Assigned neutral placeholder: /products/placeholder.svg
g1-805,Right Zoomb 200g,G1 Mart Fresh,personal-care,/products/placeholder.svg,MISSING_OR_PLACEHOLDER_IMAGE,Assigned neutral placeholder: /products/placeholder.svg
g1-806,Swastiks Vermicelli 85G,G1 Mart Fresh,grocery-staples,/products/placeholder.svg,MISSING_OR_PLACEHOLDER_IMAGE,Assigned neutral placeholder: /products/placeholder.svg
g1-807,Apsara Pencils,G1 Mart Fresh,personal-care,/products/placeholder.svg,MISSING_OR_PLACEHOLDER_IMAGE,Assigned neutral placeholder: /products/placeholder.svg
g1-808,Liril Limen,G1 Mart Fresh,personal-care,/products/packshots/santoor-soap.jpg,"IMAGE_MISMATCH (image filename 'santoor-soap.jpg' belongs to 'santoor', but product is 'Liril Limen')",Assigned neutral placeholder: /products/placeholder.svg
g1-809,Swastiks Vermicelli,G1 Mart Fresh,grocery-staples,/products/placeholder.svg,MISSING_OR_PLACEHOLDER_IMAGE,Assigned neutral placeholder: /products/placeholder.svg
g1-81,Cycle LIA Pinapple,G1 Mart Fresh,personal-care,/products/packshots/santoor-soap.jpg,"IMAGE_MISMATCH (image filename 'santoor-soap.jpg' belongs to 'santoor', but product is 'Cycle LIA Pinapple')",Assigned neutral placeholder: /products/placeholder.svg
g1-810,Swastiks Vermicelli 800g,G1 Mart Fresh,grocery-staples,/products/placeholder.svg,MISSING_OR_PLACEHOLDER_IMAGE,Assigned neutral placeholder: /products/placeholder.svg
g1-812,Ultra Wash 1L,G1 Mart Fresh,personal-care,/products/placeholder.svg,MISSING_OR_PLACEHOLDER_IMAGE,Assigned neutral placeholder: /products/placeholder.svg
g1-813,Bleaching Powder 250g,G1 Mart Fresh,personal-care,/products/placeholder.svg,MISSING_OR_PLACEHOLDER_IMAGE,Assigned neutral placeholder: /products/placeholder.svg
g1-814,Bleaching Powder 100g,G1 Mart Fresh,personal-care,/products/placeholder.svg,MISSING_OR_PLACEHOLDER_IMAGE,Assigned neutral placeholder: /products/placeholder.svg
g1-817,Ujala Crisp Shine,G1 Mart Fresh,personal-care,/products/placeholder.svg,MISSING_OR_PLACEHOLDER_IMAGE,Assigned neutral placeholder: /products/placeholder.svg
g1-819,Oiones 500g,G1 Mart Fresh,personal-care,/products/packshots/santoor-soap.jpg,"IMAGE_MISMATCH (image filename 'santoor-soap.jpg' belongs to 'santoor', but product is 'Oiones 500g')",Assigned neutral placeholder: /products/placeholder.svg
g1-82,C Sugandha Mallika,G1 Mart Fresh,personal-care,/products/packshots/santoor-soap.jpg,"IMAGE_MISMATCH (image filename 'santoor-soap.jpg' belongs to 'santoor', but product is 'C Sugandha Mallika')",Assigned neutral placeholder: /products/placeholder.svg
g1-820,Ponds Body Powder 200g,G1 Mart Fresh,personal-care,/products/placeholder.svg,MISSING_OR_PLACEHOLDER_IMAGE,Assigned neutral placeholder: /products/placeholder.svg
g1-821,Ponds Body Powder 80G,G1 Mart Fresh,personal-care,/products/placeholder.svg,MISSING_OR_PLACEHOLDER_IMAGE,Assigned neutral placeholder: /products/placeholder.svg
g1-822,Ponds Body Powder Magic 80G,G1 Mart Fresh,personal-care,/products/placeholder.svg,MISSING_OR_PLACEHOLDER_IMAGE,Assigned neutral placeholder: /products/placeholder.svg
g1-823,Ponds Body Powder Aloe Cooling 80G,G1 Mart Fresh,personal-care,/products/placeholder.svg,MISSING_OR_PLACEHOLDER_IMAGE,Assigned neutral placeholder: /products/placeholder.svg
g1-824,Ponds Body Powder Starlight 80G,G1 Mart Fresh,personal-care,/products/placeholder.svg,MISSING_OR_PLACEHOLDER_IMAGE,Assigned neutral placeholder: /products/placeholder.svg
g1-825,Ponds Body Powder Dreamflower 40G,G1 Mart Fresh,personal-care,/products/placeholder.svg,MISSING_OR_PLACEHOLDER_IMAGE,Assigned neutral placeholder: /products/placeholder.svg
g1-827,Ponds Body Powder Magic 40G,G1 Mart Fresh,personal-care,/products/placeholder.svg,MISSING_OR_PLACEHOLDER_IMAGE,Assigned neutral placeholder: /products/placeholder.svg
g1-829,Ponds Body Powder Starlight 40G,G1 Mart Fresh,personal-care,/products/placeholder.svg,MISSING_OR_PLACEHOLDER_IMAGE,Assigned neutral placeholder: /products/placeholder.svg
g1-83,C Sandlaum,G1 Mart Fresh,personal-care,/products/packshots/santoor-soap.jpg,"IMAGE_MISMATCH (image filename 'santoor-soap.jpg' belongs to 'santoor', but product is 'C Sandlaum')",Assigned neutral placeholder: /products/placeholder.svg
g1-830,Gokul Secret Garden 100g,G1 Mart Fresh,personal-care,/products/placeholder.svg,MISSING_OR_PLACEHOLDER_IMAGE,Assigned neutral placeholder: /products/placeholder.svg
g1-831,Gokul Floral Fresh 100g,G1 Mart Fresh,personal-care,/products/placeholder.svg,MISSING_OR_PLACEHOLDER_IMAGE,Assigned neutral placeholder: /products/placeholder.svg
g1-832,Kalkanda Candy 250g,G1 Mart Fresh,snacks-beverages,/products/packshots/good-day.jpg,"IMAGE_MISMATCH (image filename 'good-day.jpg' belongs to 'good day', but product is 'Kalkanda Candy 250g')",Assigned neutral placeholder: /products/placeholder.svg
g1-835,EXO Ginger Lamon 250ml,Exo,household-cleaning,/products/placeholder.svg,MISSING_OR_PLACEHOLDER_IMAGE,Assigned neutral placeholder: /products/placeholder.svg
g1-837,Moms Magic Cashew& Almond,Sunfeast,snacks-beverages,/products/packshots/good-day.jpg,"IMAGE_MISMATCH (image filename 'good-day.jpg' belongs to 'good day', but product is 'Moms Magic Cashew& Almond')",Assigned neutral placeholder: /products/placeholder.svg
g1-838,HIT Anti Roach 200ml,G1 Mart Fresh,household-cleaning,/products/placeholder.svg,MISSING_OR_PLACEHOLDER_IMAGE,Assigned neutral placeholder: /products/placeholder.svg
g1-839,Nycil Germ Expert 210g,G1 Mart Fresh,personal-care,/products/packshots/santoor-soap.jpg,"IMAGE_MISMATCH (image filename 'santoor-soap.jpg' belongs to 'santoor', but product is 'Nycil Germ Expert 210g')",Assigned neutral placeholder: /products/placeholder.svg
g1-84,C Sandulum Cones,G1 Mart Fresh,personal-care,/products/packshots/santoor-soap.jpg,"IMAGE_MISMATCH (image filename 'santoor-soap.jpg' belongs to 'santoor', but product is 'C Sandulum Cones')",Assigned neutral placeholder: /products/placeholder.svg
g1-840,Fogg Spray,G1 Mart Fresh,personal-care,/products/placeholder.svg,MISSING_OR_PLACEHOLDER_IMAGE,Assigned neutral placeholder: /products/placeholder.svg
g1-841,Kitkat,Nestle,snacks-beverages,/products/packshots/good-day.jpg,"IMAGE_MISMATCH (image filename 'good-day.jpg' belongs to 'good day', but product is 'Kitkat')",Assigned neutral placeholder: /products/placeholder.svg
g1-843,Limca 10rupees,G1 Mart Fresh,snacks-beverages,/products/packshots/thums-up.jpg,"IMAGE_MISMATCH (image filename 'thums-up.jpg' belongs to 'thums up', but product is 'Limca 10rupees')",Assigned neutral placeholder: /products/placeholder.svg
g1-844,Tulips Cotton Swabs,G1 Mart Fresh,snacks-beverages,/products/packshots/good-day.jpg,"IMAGE_MISMATCH (image filename 'good-day.jpg' belongs to 'good day', but product is 'Tulips Cotton Swabs')",Assigned neutral placeholder: /products/placeholder.svg
g1-845,Coca Cala,G1 Mart Fresh,personal-care,/products/placeholder.svg,MISSING_OR_PLACEHOLDER_IMAGE,Assigned neutral placeholder: /products/placeholder.svg
g1-85,Cycle LIA Cones,G1 Mart Fresh,personal-care,/products/packshots/santoor-soap.jpg,"IMAGE_MISMATCH (image filename 'santoor-soap.jpg' belongs to 'santoor', but product is 'Cycle LIA Cones')",Assigned neutral placeholder: /products/placeholder.svg
g1-876,Sprite Zero Sugur,Sprite,snacks-beverages,/products/packshots/thums-up.jpg,"IMAGE_MISMATCH (image filename 'thums-up.jpg' belongs to 'thums up', but product is 'Sprite Zero Sugur')",Assigned neutral placeholder: /products/placeholder.svg
g1-879,Freedom 5L,Freedom,grocery-staples,/products/packshots/sunflower-oil.jpg,"IMAGE_MISMATCH (image filename 'sunflower-oil.jpg' belongs to 'fortune', but product is 'Freedom 5L')",Assigned neutral placeholder: /products/placeholder.svg
g1-88,Chilly Powder 50G,G1 Mart Fresh,personal-care,/products/packshots/santoor-soap.jpg,"IMAGE_MISMATCH (image filename 'santoor-soap.jpg' belongs to 'santoor', but product is 'Chilly Powder 50G')",Assigned neutral placeholder: /products/placeholder.svg
g1-880,Freedom Rice 1L,Freedom,grocery-staples,/products/packshots/sunflower-oil.jpg,"IMAGE_MISMATCH (image filename 'sunflower-oil.jpg' belongs to 'fortune', but product is 'Freedom Rice 1L')",Assigned neutral placeholder: /products/placeholder.svg
g1-885,Scissors 10inch,G1 Mart Fresh,personal-care,/products/packshots/santoor-soap.jpg,"IMAGE_MISMATCH (image filename 'santoor-soap.jpg' belongs to 'santoor', but product is 'Scissors 10inch')",Assigned neutral placeholder: /products/placeholder.svg
g1-886,Scissors 8.2 Inch,G1 Mart Fresh,personal-care,/products/placeholder.svg,MISSING_OR_PLACEHOLDER_IMAGE,Assigned neutral placeholder: /products/placeholder.svg
g1-887,RED Label Natural Care,Red Label,snacks-beverages,/products/packshots/red-label-tea.jpg,"IMAGE_MISMATCH (image filename 'red-label-tea.jpg' belongs to 'red label', but product is 'RED Label Natural Care')",Assigned neutral placeholder: /products/placeholder.svg
g1-888,Kinley Salty Lemon Soda,G1 Mart Fresh,grocery-staples,/products/packshots/aashirvaad-salt.jpg,"IMAGE_MISMATCH (image filename 'aashirvaad-salt.jpg' belongs to 'aashirvaad', but product is 'Kinley Salty Lemon Soda')",Assigned neutral placeholder: /products/placeholder.svg
g1-889,Kinleystrong Soda,G1 Mart Fresh,personal-care,/products/packshots/santoor-soap.jpg,"IMAGE_MISMATCH (image filename 'santoor-soap.jpg' belongs to 'santoor', but product is 'Kinleystrong Soda')",Assigned neutral placeholder: /products/placeholder.svg
g1-89,Chilly Powder 100g,G1 Mart Fresh,personal-care,/products/packshots/santoor-soap.jpg,"IMAGE_MISMATCH (image filename 'santoor-soap.jpg' belongs to 'santoor', but product is 'Chilly Powder 100g')",Assigned neutral placeholder: /products/placeholder.svg
g1-890,Sprite 1L,Sprite,snacks-beverages,/products/packshots/thums-up.jpg,"IMAGE_MISMATCH (image filename 'thums-up.jpg' belongs to 'thums up', but product is 'Sprite 1L')",Assigned neutral placeholder: /products/placeholder.svg
g1-893,Kinley Water 1L,G1 Mart Fresh,personal-care,/products/placeholder.svg,MISSING_OR_PLACEHOLDER_IMAGE,Assigned neutral placeholder: /products/placeholder.svg
g1-894,Kinley 500ml,G1 Mart Fresh,personal-care,/products/packshots/santoor-soap.jpg,"IMAGE_MISMATCH (image filename 'santoor-soap.jpg' belongs to 'santoor', but product is 'Kinley 500ml')",Assigned neutral placeholder: /products/placeholder.svg
g1-895,Spis Himalaya Honey 225g,Himalaya,personal-care,/products/placeholder.svg,MISSING_OR_PLACEHOLDER_IMAGE,Assigned neutral placeholder: /products/placeholder.svg
g1-896,Broen Sugar 1KG,G1 Mart Fresh,grocery-staples,/products/packshots/aashirvaad-salt.jpg,"IMAGE_MISMATCH (image filename 'aashirvaad-salt.jpg' belongs to 'aashirvaad', but product is 'Broen Sugar 1KG')",Assigned neutral placeholder: /products/placeholder.svg
g1-897,MIX Fruit Jelly 250g,G1 Mart Fresh,snacks-beverages,/products/placeholder.svg,MISSING_OR_PLACEHOLDER_IMAGE,Assigned neutral placeholder: /products/placeholder.svg
g1-898,Cherry 200g,G1 Mart Fresh,personal-care,/products/placeholder.svg,MISSING_OR_PLACEHOLDER_IMAGE,Assigned neutral placeholder: /products/placeholder.svg
g1-899,Oringe Candy 150g,G1 Mart Fresh,household-cleaning,/products/packshots/surf-excel.jpg,"IMAGE_MISMATCH (image filename 'surf-excel.jpg' belongs to 'surf excel', but product is 'Oringe Candy 150g')",Assigned neutral placeholder: /products/placeholder.svg
g1-90,Chilly Powder 200g,G1 Mart Fresh,personal-care,/products/packshots/santoor-soap.jpg,"IMAGE_MISMATCH (image filename 'santoor-soap.jpg' belongs to 'santoor', but product is 'Chilly Powder 200g')",Assigned neutral placeholder: /products/placeholder.svg
g1-900,Naturo,G1 Mart Fresh,snacks-beverages,/products/packshots/good-day.jpg,"IMAGE_MISMATCH (image filename 'good-day.jpg' belongs to 'good day', but product is 'Naturo')",Assigned neutral placeholder: /products/placeholder.svg
g1-901,Kashmir MIX 150g,G1 Mart Fresh,personal-care,/products/placeholder.svg,MISSING_OR_PLACEHOLDER_IMAGE,Assigned neutral placeholder: /products/placeholder.svg
g1-902,Straberry Candyb 135g,G1 Mart Fresh,snacks-beverages,/products/packshots/good-day.jpg,"IMAGE_MISMATCH (image filename 'good-day.jpg' belongs to 'good day', but product is 'Straberry Candyb 135g')",Assigned neutral placeholder: /products/placeholder.svg
g1-903,Tulasi Sesame Jumbo 200,G1 Mart Fresh,snacks-beverages,/products/placeholder.svg,MISSING_OR_PLACEHOLDER_IMAGE,Assigned neutral placeholder: /products/placeholder.svg
g1-906,Honey 100g,G1 Mart Fresh,personal-care,/products/placeholder.svg,MISSING_OR_PLACEHOLDER_IMAGE,Assigned neutral placeholder: /products/placeholder.svg
g1-907,Nattu Sakkarai 100g,G1 Mart Fresh,personal-care,/products/placeholder.svg,MISSING_OR_PLACEHOLDER_IMAGE,Assigned neutral placeholder: /products/placeholder.svg
g1-908,Salt Bisckit,G1 Mart Fresh,grocery-staples,/products/packshots/aashirvaad-salt.jpg,"IMAGE_MISMATCH (image filename 'aashirvaad-salt.jpg' belongs to 'aashirvaad', but product is 'Salt Bisckit')",Assigned neutral placeholder: /products/placeholder.svg
g1-909,Mayur Makhana 250g,G1 Mart Fresh,grocery-staples,/products/placeholder.svg,MISSING_OR_PLACEHOLDER_IMAGE,Assigned neutral placeholder: /products/placeholder.svg
g1-91,Chilly Powder 500g,G1 Mart Fresh,personal-care,/products/packshots/santoor-soap.jpg,"IMAGE_MISMATCH (image filename 'santoor-soap.jpg' belongs to 'santoor', but product is 'Chilly Powder 500g')",Assigned neutral placeholder: /products/placeholder.svg
g1-910,Coconut Fudge,G1 Mart Fresh,personal-care,/products/placeholder.svg,MISSING_OR_PLACEHOLDER_IMAGE,Assigned neutral placeholder: /products/placeholder.svg
g1-911,Fofello,G1 Mart Fresh,personal-care,/products/placeholder.svg,MISSING_OR_PLACEHOLDER_IMAGE,Assigned neutral placeholder: /products/placeholder.svg
g1-912,Kaju Butter,G1 Mart Fresh,personal-care,/products/placeholder.svg,MISSING_OR_PLACEHOLDER_IMAGE,Assigned neutral placeholder: /products/placeholder.svg
g1-913,Jewels,G1 Mart Fresh,personal-care,/products/placeholder.svg,MISSING_OR_PLACEHOLDER_IMAGE,Assigned neutral placeholder: /products/placeholder.svg
g1-914,Almond Roasted,G1 Mart Fresh,personal-care,/products/placeholder.svg,MISSING_OR_PLACEHOLDER_IMAGE,Assigned neutral placeholder: /products/placeholder.svg
g1-915,Pistachio,G1 Mart Fresh,personal-care,/products/placeholder.svg,MISSING_OR_PLACEHOLDER_IMAGE,Assigned neutral placeholder: /products/placeholder.svg
g1-916,Osmania Bisc,G1 Mart Fresh,personal-care,/products/packshots/santoor-soap.jpg,"IMAGE_MISMATCH (image filename 'santoor-soap.jpg' belongs to 'santoor', but product is 'Osmania Bisc')",Assigned neutral placeholder: /products/placeholder.svg
g1-917,Barari Dattes,G1 Mart Fresh,personal-care,/products/placeholder.svg,MISSING_OR_PLACEHOLDER_IMAGE,Assigned neutral placeholder: /products/placeholder.svg
g1-918,Makhana Savory&crunch 70G,G1 Mart Fresh,personal-care,/products/placeholder.svg,MISSING_OR_PLACEHOLDER_IMAGE,Assigned neutral placeholder: /products/placeholder.svg
g1-919,Mint Pudina,G1 Mart Fresh,personal-care,/products/placeholder.svg,MISSING_OR_PLACEHOLDER_IMAGE,Assigned neutral placeholder: /products/placeholder.svg
g1-92,Coriander Powder 50G,G1 Mart Fresh,personal-care,/products/packshots/santoor-soap.jpg,"IMAGE_MISMATCH (image filename 'santoor-soap.jpg' belongs to 'santoor', but product is 'Coriander Powder 50G')",Assigned neutral placeholder: /products/placeholder.svg
g1-920,Makhana Punjabi Tikka 70G,G1 Mart Fresh,snacks-beverages,/products/placeholder.svg,MISSING_OR_PLACEHOLDER_IMAGE,Assigned neutral placeholder: /products/placeholder.svg
g1-921,Makhana Seasalt&pepper 70g,G1 Mart Fresh,grocery-staples,/products/packshots/aashirvaad-salt.jpg,"IMAGE_MISMATCH (image filename 'aashirvaad-salt.jpg' belongs to 'aashirvaad', but product is 'Makhana Seasalt&pepper 70g')",Assigned neutral placeholder: /products/placeholder.svg
g1-922,Makhana Mrxican Jalarena 70g,G1 Mart Fresh,snacks-beverages,/products/placeholder.svg,MISSING_OR_PLACEHOLDER_IMAGE,Assigned neutral placeholder: /products/placeholder.svg
g1-923,Makhana Tomata,G1 Mart Fresh,snacks-beverages,/products/placeholder.svg,MISSING_OR_PLACEHOLDER_IMAGE,Assigned neutral placeholder: /products/placeholder.svg
g1-924,Makhana Cream&onion 70G,G1 Mart Fresh,personal-care,/products/placeholder.svg,MISSING_OR_PLACEHOLDER_IMAGE,Assigned neutral placeholder: /products/placeholder.svg
g1-925,Makhana Cheese&garlic 70G,G1 Mart Fresh,snacks-beverages,/products/placeholder.svg,MISSING_OR_PLACEHOLDER_IMAGE,Assigned neutral placeholder: /products/placeholder.svg
g1-926,Vijaya Groundnut OIL 1L,G1 Mart Fresh,grocery-staples,/products/packshots/sunflower-oil.jpg,"IMAGE_MISMATCH (image filename 'sunflower-oil.jpg' belongs to 'fortune', but product is 'Vijaya Groundnut OIL 1L')",Assigned neutral placeholder: /products/placeholder.svg
g1-927,Organic Jaggery Candy 500g,G1 Mart Fresh,grocery-staples,/products/packshots/aashirvaad-salt.jpg,"IMAGE_MISMATCH (image filename 'aashirvaad-salt.jpg' belongs to 'aashirvaad', but product is 'Organic Jaggery Candy 500g')",Assigned neutral placeholder: /products/placeholder.svg
g1-928,Organic Jaggery &ginger500g,G1 Mart Fresh,grocery-staples,/products/packshots/aashirvaad-salt.jpg,"IMAGE_MISMATCH (image filename 'aashirvaad-salt.jpg' belongs to 'aashirvaad', but product is 'Organic Jaggery &ginger500g')",Assigned neutral placeholder: /products/placeholder.svg
g1-929,Oats 400g,G1 Mart Fresh,personal-care,/products/packshots/santoor-soap.jpg,"IMAGE_MISMATCH (image filename 'santoor-soap.jpg' belongs to 'santoor', but product is 'Oats 400g')",Assigned neutral placeholder: /products/placeholder.svg
g1-93,Coriander Powder 100g,G1 Mart Fresh,personal-care,/products/packshots/santoor-soap.jpg,"IMAGE_MISMATCH (image filename 'santoor-soap.jpg' belongs to 'santoor', but product is 'Coriander Powder 100g')",Assigned neutral placeholder: /products/placeholder.svg
g1-931,Acid 700ml,G1 Mart Fresh,household-cleaning,/products/placeholder.svg,MISSING_OR_PLACEHOLDER_IMAGE,Assigned neutral placeholder: /products/placeholder.svg
g1-932,Super MOP,G1 Mart Fresh,personal-care,/products/packshots/santoor-soap.jpg,"IMAGE_MISMATCH (image filename 'santoor-soap.jpg' belongs to 'santoor', but product is 'Super MOP')",Assigned neutral placeholder: /products/placeholder.svg
g1-933,Tresemme 180ml,G1 Mart Fresh,personal-care,/products/packshots/santoor-soap.jpg,"IMAGE_MISMATCH (image filename 'santoor-soap.jpg' belongs to 'santoor', but product is 'Tresemme 180ml')",Assigned neutral placeholder: /products/placeholder.svg
g1-934,LG Engiva 50G,G1 Mart Fresh,personal-care,/products/packshots/santoor-soap.jpg,"IMAGE_MISMATCH (image filename 'santoor-soap.jpg' belongs to 'santoor', but product is 'LG Engiva 50G')",Assigned neutral placeholder: /products/placeholder.svg
g1-936,Endu Merchi 250g,G1 Mart Fresh,grocery-staples,/products/placeholder.svg,MISSING_OR_PLACEHOLDER_IMAGE,Assigned neutral placeholder: /products/placeholder.svg
g1-937,Makhana Seeds 100g,G1 Mart Fresh,personal-care,/products/placeholder.svg,MISSING_OR_PLACEHOLDER_IMAGE,Assigned neutral placeholder: /products/placeholder.svg
g1-938,Makhana Seeds 50G,G1 Mart Fresh,personal-care,/products/placeholder.svg,MISSING_OR_PLACEHOLDER_IMAGE,Assigned neutral placeholder: /products/placeholder.svg
g1-939,Salt Pista 100g,G1 Mart Fresh,grocery-staples,/products/packshots/aashirvaad-salt.jpg,"IMAGE_MISMATCH (image filename 'aashirvaad-salt.jpg' belongs to 'aashirvaad', but product is 'Salt Pista 100g')",Assigned neutral placeholder: /products/placeholder.svg
g1-940,Salt Pista 250g,G1 Mart Fresh,grocery-staples,/products/packshots/aashirvaad-salt.jpg,"IMAGE_MISMATCH (image filename 'aashirvaad-salt.jpg' belongs to 'aashirvaad', but product is 'Salt Pista 250g')",Assigned neutral placeholder: /products/placeholder.svg
g1-941,Badam 500g,G1 Mart Fresh,personal-care,/products/placeholder.svg,MISSING_OR_PLACEHOLDER_IMAGE,Assigned neutral placeholder: /products/placeholder.svg
g1-942,Badam 1KG,G1 Mart Fresh,personal-care,/products/placeholder.svg,MISSING_OR_PLACEHOLDER_IMAGE,Assigned neutral placeholder: /products/placeholder.svg
g1-943,Dazzy Orientto BOX 770g,G1 Mart Fresh,snacks-beverages,/products/placeholder.svg,MISSING_OR_PLACEHOLDER_IMAGE,Assigned neutral placeholder: /products/placeholder.svg
g1-944,Ponds Bricht Beauty 15G,G1 Mart Fresh,personal-care,/products/packshots/santoor-soap.jpg,"IMAGE_MISMATCH (image filename 'santoor-soap.jpg' belongs to 'santoor', but product is 'Ponds Bricht Beauty 15G')",Assigned neutral placeholder: /products/placeholder.svg
g1-947,RIN Antibav,Rin,household-cleaning,/products/packshots/surf-excel.jpg,"IMAGE_MISMATCH (image filename 'surf-excel.jpg' belongs to 'surf excel', but product is 'RIN Antibav')",Assigned neutral placeholder: /products/placeholder.svg
g1-95,Coriander Powder 500g,G1 Mart Fresh,personal-care,/products/packshots/santoor-soap.jpg,"IMAGE_MISMATCH (image filename 'santoor-soap.jpg' belongs to 'santoor', but product is 'Coriander Powder 500g')",Assigned neutral placeholder: /products/placeholder.svg
g1-950,Gemini TEE 100g,Gemini,grocery-staples,/products/packshots/sunflower-oil.jpg,"IMAGE_MISMATCH (image filename 'sunflower-oil.jpg' belongs to 'fortune', but product is 'Gemini TEE 100g')",Assigned neutral placeholder: /products/placeholder.svg
g1-951,JS Oile 800ml,G1 Mart Fresh,grocery-staples,/products/packshots/sunflower-oil.jpg,"IMAGE_MISMATCH (image filename 'sunflower-oil.jpg' belongs to 'fortune', but product is 'JS Oile 800ml')",Assigned neutral placeholder: /products/placeholder.svg
g1-952,Gopuram 20G,G1 Mart Fresh,personal-care,/products/placeholder.svg,MISSING_OR_PLACEHOLDER_IMAGE,Assigned neutral placeholder: /products/placeholder.svg
g1-953,Nuvvulu 250g,G1 Mart Fresh,personal-care,/products/packshots/santoor-soap.jpg,"IMAGE_MISMATCH (image filename 'santoor-soap.jpg' belongs to 'santoor', but product is 'Nuvvulu 250g')",Assigned neutral placeholder: /products/placeholder.svg
g1-954,LUX Glutathione,Lux,personal-care,/products/packshots/lux-soap.jpg,LOCAL_FILE_NOT_FOUND (/products/packshots/lux-soap.jpg),Assigned neutral placeholder: /products/placeholder.svg
g1-956,Gulab Jamum MIX,G1 Mart Fresh,personal-care,/products/placeholder.svg,MISSING_OR_PLACEHOLDER_IMAGE,Assigned neutral placeholder: /products/placeholder.svg
g1-957,Aachhi Garam Masala,Aachi,grocery-staples,/products/placeholder.svg,MISSING_OR_PLACEHOLDER_IMAGE,Assigned neutral placeholder: /products/placeholder.svg
g1-960,Knorr Dark Soya SAS,G1 Mart Fresh,snacks-beverages,/products/packshots/good-day.jpg,"IMAGE_MISMATCH (image filename 'good-day.jpg' belongs to 'good day', but product is 'Knorr Dark Soya SAS')",Assigned neutral placeholder: /products/placeholder.svg
g1-961,ENO,G1 Mart Fresh,snacks-beverages,/products/placeholder.svg,MISSING_OR_PLACEHOLDER_IMAGE,Assigned neutral placeholder: /products/placeholder.svg
g1-963,Soanpapdi,G1 Mart Fresh,snacks-beverages,/products/packshots/good-day.jpg,"IMAGE_MISMATCH (image filename 'good-day.jpg' belongs to 'good day', but product is 'Soanpapdi')",Assigned neutral placeholder: /products/placeholder.svg
g1-964,Chenaga Pindi 500g,G1 Mart Fresh,personal-care,/products/placeholder.svg,MISSING_OR_PLACEHOLDER_IMAGE,Assigned neutral placeholder: /products/placeholder.svg
g1-965,Neem Nimyle 200ml,G1 Mart Fresh,personal-care,/products/packshots/santoor-soap.jpg,"IMAGE_MISMATCH (image filename 'santoor-soap.jpg' belongs to 'santoor', but product is 'Neem Nimyle 200ml')",Assigned neutral placeholder: /products/placeholder.svg
g1-966,Chenaga Pindi 1KG,G1 Mart Fresh,personal-care,/products/placeholder.svg,MISSING_OR_PLACEHOLDER_IMAGE,Assigned neutral placeholder: /products/placeholder.svg
g1-967,Maida Pindi 1KG,G1 Mart Fresh,grocery-staples,/products/placeholder.svg,MISSING_OR_PLACEHOLDER_IMAGE,Assigned neutral placeholder: /products/placeholder.svg
g1-968,Maida Pindi 500g,G1 Mart Fresh,grocery-staples,/products/placeholder.svg,MISSING_OR_PLACEHOLDER_IMAGE,Assigned neutral placeholder: /products/placeholder.svg
g1-969,Pachi Karpooram BOX,G1 Mart Fresh,personal-care,/products/placeholder.svg,MISSING_OR_PLACEHOLDER_IMAGE,Assigned neutral placeholder: /products/placeholder.svg
g1-970,Pachi Karpooram 2G,G1 Mart Fresh,personal-care,/products/placeholder.svg,MISSING_OR_PLACEHOLDER_IMAGE,Assigned neutral placeholder: /products/placeholder.svg
g1-972,Z Magnetsm FOR MEN 50G,G1 Mart Fresh,personal-care,/products/placeholder.svg,MISSING_OR_PLACEHOLDER_IMAGE,Assigned neutral placeholder: /products/placeholder.svg
g1-973,Z Magnetsn FOR MAN 100g,G1 Mart Fresh,personal-care,/products/placeholder.svg,MISSING_OR_PLACEHOLDER_IMAGE,Assigned neutral placeholder: /products/placeholder.svg
g1-974,ALL OUT Ultra Likved,G1 Mart Fresh,personal-care,/products/placeholder.svg,MISSING_OR_PLACEHOLDER_IMAGE,Assigned neutral placeholder: /products/placeholder.svg
g1-975,Veet 15G,G1 Mart Fresh,personal-care,/products/placeholder.svg,MISSING_OR_PLACEHOLDER_IMAGE,Assigned neutral placeholder: /products/placeholder.svg
g1-976,Veet 30G,G1 Mart Fresh,personal-care,/products/placeholder.svg,MISSING_OR_PLACEHOLDER_IMAGE,Assigned neutral placeholder: /products/placeholder.svg
g1-977,Gokul Santol Powder 30G,G1 Mart Fresh,personal-care,/products/placeholder.svg,MISSING_OR_PLACEHOLDER_IMAGE,Assigned neutral placeholder: /products/placeholder.svg
g1-978,MTR Gulab Jamun 175g,G1 Mart Fresh,personal-care,/products/placeholder.svg,MISSING_OR_PLACEHOLDER_IMAGE,Assigned neutral placeholder: /products/placeholder.svg
g1-979,Gillette Foam 196g,G1 Mart Fresh,personal-care,/products/placeholder.svg,MISSING_OR_PLACEHOLDER_IMAGE,Assigned neutral placeholder: /products/placeholder.svg
g1-980,Gemini 1KG,Gemini,grocery-staples,/products/packshots/sunflower-oil.jpg,"IMAGE_MISMATCH (image filename 'sunflower-oil.jpg' belongs to 'fortune', but product is 'Gemini 1KG')",Assigned neutral placeholder: /products/placeholder.svg
g1-981,Gemini TEA 250g,Gemini,grocery-staples,/products/packshots/red-label-tea.jpg,"IMAGE_MISMATCH (image filename 'red-label-tea.jpg' belongs to 'red label', but product is 'Gemini TEA 250g')",Assigned neutral placeholder: /products/placeholder.svg
g1-982,Chandrika Soap,G1 Mart Fresh,personal-care,/products/placeholder.svg,MISSING_OR_PLACEHOLDER_IMAGE,Assigned neutral placeholder: /products/placeholder.svg
g1-983,Gillette Foam 50G,G1 Mart Fresh,personal-care,/products/placeholder.svg,MISSING_OR_PLACEHOLDER_IMAGE,Assigned neutral placeholder: /products/placeholder.svg
g1-984,Popular Appalam / Papad,G1 Mart Fresh,snacks-beverages,/products/placeholder.svg,MISSING_OR_PLACEHOLDER_IMAGE,Assigned neutral placeholder: /products/placeholder.svg
g1-985,Gemini TEA 50G,Gemini,grocery-staples,/products/packshots/red-label-tea.jpg,"IMAGE_MISMATCH (image filename 'red-label-tea.jpg' belongs to 'red label', but product is 'Gemini TEA 50G')",Assigned neutral placeholder: /products/placeholder.svg
g1-986,50-50 Sweet&salty,Britannia,grocery-staples,/products/packshots/good-day.jpg,"IMAGE_MISMATCH (image filename 'good-day.jpg' belongs to 'good day', but product is '50-50 Sweet&salty')",Assigned neutral placeholder: /products/placeholder.svg
g1-988,Banjaras Rose Water 60ml,G1 Mart Fresh,personal-care,/products/placeholder.svg,MISSING_OR_PLACEHOLDER_IMAGE,Assigned neutral placeholder: /products/placeholder.svg
g1-989,Banjaras Rose Water 120ml,G1 Mart Fresh,personal-care,/products/placeholder.svg,MISSING_OR_PLACEHOLDER_IMAGE,Assigned neutral placeholder: /products/placeholder.svg
g1-990,Banjaras Rose Water 250ml,G1 Mart Fresh,personal-care,/products/placeholder.svg,MISSING_OR_PLACEHOLDER_IMAGE,Assigned neutral placeholder: /products/placeholder.svg
g1-991,Black Henna BOX,G1 Mart Fresh,personal-care,/products/placeholder.svg,MISSING_OR_PLACEHOLDER_IMAGE,Assigned neutral placeholder: /products/placeholder.svg
g1-992,Black Rose Hair DYE 50G,G1 Mart Fresh,personal-care,/products/placeholder.svg,MISSING_OR_PLACEHOLDER_IMAGE,Assigned neutral placeholder: /products/placeholder.svg
g1-993,Glow & Lovely 15G,Glow & Lovely,personal-care,/products/placeholder.svg,MISSING_OR_PLACEHOLDER_IMAGE,Assigned neutral placeholder: /products/placeholder.svg
g1-994,Spingz BB Powder,G1 Mart Fresh,personal-care,/products/placeholder.svg,MISSING_OR_PLACEHOLDER_IMAGE,Assigned neutral placeholder: /products/placeholder.svg
g1-998,Chakra Gold 250g,Chakra Gold,snacks-beverages,/products/packshots/red-label-tea.jpg,"IMAGE_MISMATCH (image filename 'red-label-tea.jpg' belongs to 'red label', but product is 'Chakra Gold 250g')",Assigned neutral placeholder: /products/placeholder.svg
